predictions,references,rougeL,bleu4,meteor,berts_f1,berts_p,berts_r,emb_cos,full_rougeL,full_bleu4,full_meteor,full_berts_f1,full_berts_p,full_berts_r,full_emb_cos,json_exact,json_key_f1,json_rougeL,json_val_cos
"<DESC>거실 천장에는 간접조명을 설치해서 은은한 분위기를 연출했습니다. 조명의 밝기와 색온도가 조화로울 수 있도록 신경 써서 시공했어요! 현관은 기존 중문이 아닌 슬라이딩 중문으로 교체해 주었습니다. 중문과 동시에 수납도 함께 할 수 있는 제품이라 더 실용적이지요? 안방 욕실에서 사용하는 조적 욕조입니다. 벽쪽 하부장 대신 상부장만 배치했고, 바닥 타일은 포세린 타일로 마감하였습니다.</DESC>
<JSON>{""keywords"": [""간접조명"", ""슬라이딩 중문"", ""수납"", ""부드러운 분위기""], ""style"": [""모던"", ""미니멀리즘""], ""colors"": [""따뜻한 색조"", ""중립적인 색상""], ""lighting"": [""부드러운 조명"", ""자연광""], ""space"": [""거실"", ""현관"", ""안방"", ""욕실""], ""furniture"": [""소파"", ""테이블"", ""중문"", ""수납 선반""], ""mood"": [""편안함"", ""아늑함""], ""composition"": ""중앙 집중적인 구성"", ""camera_angle"": ""정면"", ""camera_params"": {""fov"": ""50mm"", ""aperture"": ""F2.8"", ""iso"": ""200"", ""shutter"": ""1/60""}, ""negative"": []}</JSON></s>","<DESC>- 거실 양쪽으로 통창이 나있는 확장형 구조였기에 다른 집보다 훨씬 햇빛이 많이 드는 집입니다. 해가 많이 든다는 장점도 있지만 빌트인 수납을 넣기에는 무리가 있어 일반 가구 배치로 완성하였습니다. - 주방 첫 상담 때부터 베이지 컬러를 좋아한다고 하셨던 고객님이셔서 망설임 없이 '밀란 무드 베이지'를 추천드렸습니다. 은은한 컬러를 자랑하는 무드 베이지는 부담스럽지도 평범하지도 않아 인기가 아주 많습니다. 냉장고장과 키큰장은 모아주었고 ㅡ자형 키친은 최대한 깔끔하고 균형 있게 디자인하였습니다. 추가로 단독 아일랜드를 배치하였고 반대쪽 면에도 수납장을 양쪽으로 배치하여 식탁을 놓더라도 수납장이 열리게끔 설계하였습니다. - 안방 비확장이지만 붙박이장을 넣기에 충분한 공간이 있었습니다. 요즘 유행하는 맞춤 수납으로 바닥부터 천정까지 마감재없이 들어가는 맞춤 수납은 훨씬 깔끔해 보입니다. 더불어 오픈장을 배치하여 평소 외출복이나 자주 입는 옷을 걸어 둘 수 있게 하였습니다.</DESC>
<JSON>{""keywords"": [""거실"", ""주방"", ""안방"", ""수납"", ""아일랜드"", ""밀란 무드 베이지""], ""style"": [""모던"", ""미니멀리즘""], ""colors"": [""베이지"", ""화이트""], ""lighting"": [""자연광"", ""밝은 조명""], ""space"": [""확장형 거실"", ""U자형 주방"", ""안방""], ""furniture"": [""소파"", ""식탁"", ""냉장고"", ""키큰장"", ""아일랜드"", ""붙박이장"", ""오픈장""], ""mood"": [""편안함"", ""아늑함""], ""composition"": ""거실과 주방이 연결된 오픈 플랜 구조로, 자연광이 풍부하게 들어오는 공간"", ""camera_angle"": ""wide-angle"", ""camera_params"": {""fov"": ""90"", ""aperture"": ""2.8"", ""iso"": ""200"", ""shutter"": ""1/60""}, ""negative"": [""어두운 색상"", ""혼잡한 배치""]}</JSON>",0.8620689655172413,0.0464102246616903,0.3574145200730517,0.8779425621032715,0.8885971307754517,0.8675404787063599,0.6624411344528198,0.8620689655172413,0.04641022466169037,0.3574145200730517,0.8779425621032715,0.8885971307754517,0.8675404787063599,0.6624411344528198,0.0,1.0,0.8571428571428572,0.9719206094741821
"<DESC>기존의 거실은 소파가 배치되어 있고 식탁을 두고 식사를 하는 공간으로 사용이 되어왔습니다. 하지만 이번에는 아이들과 함께 다양한 활동들이 이루어질 수 있는 공간으로 리모델링 했습니다. 기존에 사용하던 한샘 붙박이장이 수납기능만 가지고 있어서 좀 더 넓은 수납공간 확보 및 포인트 연출을 위해 한샘 빌트인 장으로 교체하였습니다. 안방 역시 자녀들 방입니다. 침대룸도 있지만 공부나 휴식 등 여러 가지 용도로 사용되기 때문에 아이에게 맞는 사이즈로 맞춤 제작하였습니다.</DESC>
<JSON>{""keywords"": [""거실"", ""아이들"", ""활동 공간"", ""소파"", ""테이블""], ""style"": [""모던"", ""미니멀리즘""], ""colors"": [""흰색"", ""중립 색상""], ""lighting"": [""자연광"", ""부드러운 조명""], ""space"": [""넓은 공간"", ""다양한 기능""], ""furniture"": [""소파"", ""테이블"", ""침대""], ""mood"": [""편안함"", ""활기참], ""composition"": ""[중앙] 거실, [주변] 테이블과 소파 배치"", ""camera_angle"": ""정면"", ""camera_params"": {""fov"": ""50mm"", ""aperture"": ""2.5"", ""iso"": ""200"", ""shutter"": ""1/60""}, ""negative"": []}</JSON></s>","<DESC>한샘리하우스 이윤재 RD 입니다. 이번 공간은 경기도 시흥시 배곧 한라비발디캠퍼스 118A㎡ 입니다. 방4개, 욕실2개, 1BAY 확장형 구조의 아파트이고 영유아 자녀를 둔 부부의 공간으로 설계되었습니다. 하나하나 살펴보도록 하겠습니다. * 현관(행잉현관장) -제품 : 밀란100 무드화이트 행잉형 현관장 -특징 1) 하부 띄움공간에 자주 신는 신발(외출화, 슬리퍼 등)을 놓아두고 편하게 사용할 수 있다. 2) 하부 띄움공간에 T5 조명을 이용하여 현관의 분위기를 살려낼 수 있다. 유행을 타지않는 기능성 디자인의 행잉현관장을 시공함으로써 생활의 편리함을 높였습니다. *빌트인 특수장 -제품 : 오픈서랍장(수납형)_무드베이지  ,  무드베이지 엔드파우더장(타공판EP) -특징 1) 기존 붙박이장과는 다르게 하부에는 서랍, 상부에는 오픈된 수납장이 있다. 2) 자주 사용하는 옷(잠옷, 외출복, 외투 등)을 오픈된 공간에 수납함으로써 큰 도어를 열지 않고도 수납을 용이하게 할 수 있다. 3) 엔드파우더장을 옆에 두어 간단하게 옷매무새를 다듬을 수 있고 간단한 화장품 바를 수 있는 공간. 생각보다 붙박이장의 큰 도어를 열고 닫는게 불편함을 느끼시는 고객들이 계신다. 그런 고객의 니즈에 맞춰 출시된 한샘 오픈서랍장(수납형)은 고객에게 새로운 경험을 선사한다. *주방(부엌) -제품 : ML100 밀란 무드베이지  ,  삼성 비스포크  ,  삼성 식기세척기 -특징 1) 삼성비스포크의 키친핏 벽장 2) ㄱ자 주방 3) 아일랜드 식탁 4) 큰 부엌창을 살려내는 깔끔한 디자인 5) 은은한 분위기의 깔끔한 무드베이지 색상의 도어 한샘은 삼성과 협업하여 냉장고를 깔끔하게 사용할 수 있게 키친핏을 적용하고 있습니다. 비스포크의 아름다운 색상 조합과 한샘의 고퀄리티 코팅기법으로 제작된 도어가 잘 어우려져 환상적인 모습을 보여주고 있습니다. 또한, 아일랜드를 이용하여 식탁을 만들어 조리하여 바로 식사가 가능하도록 동선활용을 할 수 있습니다. *거실(리빙룸) -제품 : 한샘 월플러스 핀도스  ,  실링팬  ,  다운라이트 -특징 1) 기존 우물천정을 활용하여 각 면에 T5 보조 조명을 사용 2) 가운데 메인 거실등을 달지않고 실링팬을 활용하여 냉난방의 효율 극대화 3) 아트월을 활용하여 대리석과 같은 고급스러움으로 분위기 업그레이드 4) 어둡지않게 다운라이트를 다수 이용하여 구역별 스위치 배분 *안방(침실) -제품 : 침대장  ,  수납장(빌트인도어) -특징 1) 침대장을 이용하여 메인등을 꺼두어도 침대장에서 은은한 조명을 켜고 숙면을 취할 수 있다. 2) 좁은 공간의 침실은 침대장을 이용하면 최대 효율로 수납을 활용할 수 있다. 3) 드레스룸이 따로 마련되어 있다면 침대장을 추천드립니다. *안방욕실 -제품 : 조명거울  ,  파티션  ,  상부장  ,  선반 등 -특징 1) 조명거울을 사용하여 분위기도 살리고 조금 더 밝은 표현이 가능 2) 상부장 하나로는 부족할 수 있는 수납을 w600 선반을 시공함으로써 해결 3) 공간이 좁지않다면 무조건 파티션을 이용하여 샤워공간 분리 필수 4) 휴플로어-다크그레이 , 휴판넬-카라라화이트</DESC>
<JSON>{""keywords"": [""아파트"", ""현관"", ""주방"", ""거실"", ""침실"", ""욕실"", ""수납"", ""디자인""], ""style"": [""모던"", ""미니멀리즘"", ""기능성""], ""colors"": [""무드화이트"", ""무드베이지"", ""다크그레이"", ""카라라화이트""], ""lighting"": [""T5 조명"", ""다운라이트"", ""조명거울""], ""space"": [""4개 방"", ""2개 욕실"", ""1BAY 확장형""], ""furniture"": [""행잉현관장"", ""오픈서랍장"", ""아일랜드 식탁"", ""침대장"", ""수납장"", ""조명거울""], ""mood"": [""편안함"", ""고급스러움"", ""은은함""], ""composition"": ""다양한 공간이 조화롭게 배치된 아파트 내부"", ""camera_angle"": ""wide-angle"", ""camera_params"": {""fov"": ""90"", ""aperture"": ""2.8"", ""iso"": ""400"", ""shutter"": ""1/60""}, ""negative"": [""혼잡한 공간"", ""어두운 조명"", ""불필요한 가구""]}</JSON>",0.5161290322580645,0.0018589141141442,0.1734276372553471,0.8167315721511841,0.8152058124542236,0.818263053894043,0.7358447313308716,0.5161290322580645,0.0018589141141442673,0.17342763725534718,0.8167315721511841,0.8152058124542236,0.818263053894043,0.7358447313308716,0.0,0.0,0.7692307692307693,0.9238872528076172
"<DESC>현관 현관은 기존의 신발장을 그대로 두되 벽면 일부를 우드톤으로 마감하여 한층 더 따뜻한 분위기가 느껴지도록 했습니다.</DESC>
<JSON>{""keywords"": [""현관"", ""신발장"", ""우드톤"", ""따뜻한""], ""style"": [""모던"", ""아늑한""], ""colors"": [""브라운"", ""베이지""], ""lighting"": [""자연광"", ""부드러운 조명""], ""space"": [""작은 방""], ""furniture"": [""소파"", ""테이블""], ""mood"": [""편안함"", ""세련됨""], ""composition"": ""발이 보이는 구조"", ""camera_angle"": ""정면"", ""camera_params"": {""fov"": ""50mm"", ""aperture"": ""f/2.8"", ""iso"": ""100"", ""shutter"": ""1/60""}, ""negative"": []}</JSON></s>","<DESC>한샘 월플러스 사하라를 시공하여 밝은 느낌의 거실로 시공하였습니다. 천정간접 우물은 언발란스 대칭으로만 R곡선을 시공하였습니다. 기존 파우더룸 공간까지 통할 수 있는 게이트를 만들어 거실에서 바로 안방문 욕실문 안방후면방문으로 통할 수 있도록 하였습니다. 중문부의 가로를 가벽으로 조금 줄인 후, 3연동이 시공되었던 자리에 프리미엄슬라이딩 중문으로 시공하였습니다. 클래식한 느낌의 주방을 원하셔서 화이트의 클래식도어로 시공하였습니다. 기존 주방보다 좀더 다이닝공간쪽으로 길게 만들고 아일랜드를 시공하였습니다. 독립적인 파우더 공간의 도어를 제거하고, 개수대가 있던 위치에 파우더장을 시공하였습니다. 기존의 개수대는 욕실으로 이동하였습니다. 중학생 아들이 사용할 공간은 발코니확장부를 평상형으로 돋아 올려 침대 대신 활용할 수 있는 공간으로 시공하였습니다. 한샘바스 리버화이트 벽판넬과 CargoD그레이 휴플로어로 밝은 그레이톤의 욕실을 구성하였습니다.</DESC>
<JSON>{""keywords"": [""거실"", ""주방"", ""욕실"", ""파우더룸"", ""발코니"", ""슬라이딩 중문"", ""클래식 도어""], ""style"": [""모던"", ""클래식""], ""colors"": [""밝은"", ""화이트"", ""그레이""], ""lighting"": [""간접 조명"", ""밝은 조명""], ""space"": [""거실"", ""주방"", ""욕실"", ""파우더룸"", ""발코니""], ""furniture"": [""아일랜드"", ""침대"", ""파우더장""], ""mood"": [""밝고 환한"", ""편안한""], ""composition"": ""거실과 주방이 연결된 오픈 공간, 욕실과 파우더룸이 분리된 구조"", ""camera_angle"": ""wide-angle"", ""camera_params"": {""fov"": ""90"", ""aperture"": ""2.8"", ""iso"": ""200"", ""shutter"": ""1/60""}, ""negative"": [""어두운 색상"", ""혼잡한 공간""]}</JSON>",0.8196721311475409,0.0085269483915522,0.3211766550007628,0.8650624752044678,0.8874849081039429,0.8437451124191284,0.1470401585102081,0.8196721311475409,0.008526948391552292,0.32117665500076287,0.8650624752044678,0.8874849081039429,0.8437451124191284,0.14704015851020813,0.0,1.0,0.8571428571428572,0.9500843286514282
"<DESC>자녀의 호기심을 자극하고 지적호기심으로 가득찬 아이를 위한 서재 인테리어입니다! 기존에 사용하던 책장과 선반은 없애고 수납력도 좋고 깔끔하면서도 책 냄새를 차단해주는 한샘 타일로 벽면을 꾸며주세요~ :) 그리고 아이들에게 가장 중요한 것은 바로 책상이죠! 학생들이라면 모두 알고 있는 집중력 좋은 책상을 추천해드립니다:) 요즘 유행하는 다용도로 활용 가능한 식탁과 벤치 의자 조합을 추천드리면서 오늘의 인테리어는 마무리하겠습니다 :)</DESC>
<JSON>{""keywords"": [""아이들"", ""서재"", ""학습환경""], ""style"": [""미니멀리즘"", ""현대적인 디자인""], ""colors"": [""흰색"", ""나무 색상"", ""차분한 색조""], ""lighting"": [""자연광"", ""부드러운 조명""], ""space"": [""작은 방"", ""넓은 공간""], ""furniture"": [""책상"", ""선반"", ""침대"", ""소파""], ""mood"": [""편안함"", ""집중력 향상""], ""composition"": ""중앙에 책상 배치, 주변에 침대와 소파 구성"", ""camera_angle"": ""정면"", ""camera_params"": {""fov"": ""50mm"", ""aperture"": ""f/4"", ""iso"": ""100"", ""shutter"": ""1/60""}, ""negative"": []}</JSON></s>","<DESC>강동구 암사동 선사현대아파트 30평형 아파트입니다. 방3개, 욕실1개의 구조예요. 주방은 넓지 않지만, 테이블을 조리대로 사용하실 수 있도록 배치하였어요. 거실의 테이블과 대면형 구조로 요리를 하시면서도 아이의 목소리를 잘 들을 수 있을거에요. 아이가 방을 가지게 되면서 자립심을 기르게 되지요. 아이와 함께 침구를 선택한다면 아이는 금방 자신의 방에 애착이 생길 거예요.</DESC>
<JSON>{""keywords"": [""아파트"", ""강동구"", ""선사현대아파트"", ""방3개"", ""욕실1개""], ""style"": [""현대적"", ""실용적""], ""colors"": [""중립색"", ""따뜻한 색조""], ""lighting"": [""자연광"", ""부드러운 조명""], ""space"": [""거실"", ""주방"", ""아이 방""], ""furniture"": [""테이블"", ""조리대"", ""침대""], ""mood"": [""편안함"", ""가족 중심""], ""composition"": ""거실과 주방이 연결된 구조, 아이 방이 독립적으로 배치됨"", ""camera_angle"": ""전경"", ""camera_params"": {""fov"": ""35mm"", ""aperture"": ""f/4"", ""iso"": ""200"", ""shutter"": ""1/60""}, ""negative"": [""혼잡한 공간"", ""어두운 조명""]}</JSON>",0.8333333333333334,0.0770094279699942,0.4493926506134688,0.9116612076759338,0.912604808807373,0.910719633102417,0.6562528014183044,0.8333333333333334,0.07700942796999426,0.4493926506134688,0.9116612076759338,0.912604808807373,0.910719633102417,0.6562528014183044,0.0,1.0,0.8749999999999999,0.9581940174102783
"<DESC>안방은 기존에 사용하던 붙박이장을 그대로 두고 그 옆으로 슬라이딩 중문과 수납장을 시공하였습니다. 안방 욕실도 한샘 바스를 설치하여 깔끔한 화이트로 구성했습니다.</DESC>
<JSON>{""keywords"": [""안방"", ""슬라이딩 중문"", ""수납장"", ""욕실"", ""붙박이장""], ""style"": [""모던"", ""미니멀리즘""], ""colors"": [""흰색"", ""그레이"", ""파란색""], ""lighting"": [""자연광"", ""부드러운 조명""], ""space"": [""집안"", ""안방"", ""욕실""], ""furniture"": [""붙박이장"", ""슬라이딩 중문"", ""수납장""], ""mood"": [""편안함"", ""깔끔함""], ""composition"": ""중앙에 붙은박이장이 있고, 주변에 슬라이딩 중문과 수납장이 배치된 형태"", ""camera_angle"": ""정면"", ""camera_params"": {""fov"": ""50mm"", ""aperture"": ""f/4"", ""iso"": ""200"", ""shutter"": ""1/60""}, ""negative"": []}</JSON></s>","<DESC>신발은 편하게 신고 벗고 할 수 있는 현관 벤치장으로 실용성을 UP 신발 수납에 부족함이 없는 현관 수납장 화이트&우드 포인트에 맞는 라운드 프리미엄 스윙 중문 *주요시공 : 현관 벤치장, 한샘 프리미엄 디바이딩 스윙 중문 부드러운 곡선의 우물천장에 다운라이트와 간접조명으로 구성함과 동시에 실링팬을 같이 구성하였습니다. 거실 확장소 쪽에는 손님을 대접하고 식사 및 대화를 나눌 수 있는 공간으로 구성하고 기존 확장소 내력벽을 라운드 형태로 시공하고 한쪽은 미가루버로 우드 포인트를 주었습니다. *주요시공 : 미가루버, 곡선 우물천장, 간접조명, 라운드 벽 발코니를 확장한 주방 구조입니다. 확장소쪽에는 아치형 게이트를 시공하여 밋밋할 수 있는 공간을 포인트로 연출하였습니다. 냉장고를 확장소쪽으로 이동하여  'ㄱ'자 형태본 주방을 보다 더 넓은 느낌으로 연출하였습니다. 삼성 비스포크 인덕션과 후드를 배치하여 우드&화이트의 컨셉에 맞게 연출하였습니다. 주방 한쪽 공간에는 원형 우드 식탁을 두어 간단한 부부만의 식사가 가능한 공간입니다. 주방벽은 300*600 모자이크 흰색 타일로 시공하여 우드 부엌장과 조화를 이루었습니다. *주요 시공 : 'ㄱ'자 주방, 삼성 비스포크 후드, 빌트인 비스포크 인덕션, 주방 확장 깔끔한 화이트톤에 우드톤의 가구의 아늑함이 더해진 안방입니다. 침대 반대 한쪽 벽에는 빌트인 화장대와 붙박이장과 빌트인 TV장을 배치하여 수납과 실용이에 높은 공간으로 연출하였습니다. 우드톤의 침대 프레임과 협탁, 라탄 조명을 더해 자연친화적인 안방으로 만들어드렸습니다. *주요시공 : 한샘 붙박이장, 빌트인 TV장 부부가 운동과 취미를 즐길 수 있는 공간입니다. 기존 벽박이장 자리에는 한샘 반침장을 구성하여 수납에 용이할 수 있도록 하였습니다. 발코니 쪽에는 데코타일을 배치하여 반려묘과 생활할 수 있는 공간입니다. *주요 시공 : 한샘 반침장, 펫 도어</DESC>
<JSON>{""keywords"": [""현관"", ""벤치장"", ""신발 수납"", ""주방"", ""안방"", ""거실"", ""곡선"", ""우물천장"", ""간접조명"", ""라운드 벽""], ""style"": [""모던"", ""프리미엄"", ""자연친화적""], ""colors"": [""화이트"", ""우드"", ""라이트 그레이""], ""lighting"": [""다운라이트"", ""간접조명""], ""space"": [""현관"", ""주방"", ""안방"", ""거실"", ""발코니""], ""furniture"": [""벤치장"", ""신발장"", ""원형 식탁"", ""침대"", ""붙박이장"", ""화장대"", ""TV장""], ""mood"": [""아늑함"", ""실용성"", ""편안함""], ""composition"": ""곡선 형태의 공간 구성과 다양한 수납 가구 배치"", ""camera_angle"": ""wide shot"", ""camera_params"": {""fov"": ""24mm"", ""aperture"": ""f/4"", ""iso"": ""200"", ""shutter"": ""1/60""}, ""negative"": [""어수선한"", ""혼잡한"", ""어두운""]}</JSON>",0.8253968253968255,0.0059039675279542,0.2436544457731834,0.8177759647369385,0.8102147579193115,0.8254796266555786,0.5816319584846497,0.8253968253968255,0.005903967527954247,0.24365444577318343,0.8177759647369385,0.8102147579193115,0.8254796266555786,0.5816319584846497,0.0,1.0,0.8979591836734695,0.9720290303230286
"<DESC>현관 거실 안방 현관은 깔끔하게 화이트 색상으로 시공하여 넓어 보이는 효과를 주었습니다. 기존에 있던 중문도 그대로 두었지만 모던한 느낌의 고급스러운 제품으로 교체하였습니다. 주방과 욕실 사이가 떨어져 있는 구조라 확장이 필요하진 않지만, 수납장과 파티션 등 다양한 아이템을 활용하여 작은 공간에서도 효율적으로 사용할 수 있도록 구성했습니다. 특히 파티션 아래는 벤치형 장을 넣어 수납공간 활용도를 높였습니다.</DESC>
<JSON>{""keywords"": [""현관"", ""거실"", ""안방"", ""화이트"", ""모던"", ""수납공간""], ""style"": [""모던"", ""미니멀리즘""], ""colors"": [""흰색"", ""중립색상""], ""lighting"": [""자연광"", ""부드러운 조명""], ""space"": [""작은 공간"", ""효율적인 배치""], ""furniture"": [""가구"", ""수납장"", ""벤치형 선반""], ""mood"": [""편안함"", ""세련됨""], ""composition"": ""균형잡힌 비율, 깔끔한 라인"", ""camera_angle"": ""정면"", ""camera_params"": {""fov"": ""50mm"", ""aperture"": ""f/3.5"", ""iso"": ""200""}, ""negative"": []}</JSON></s>","<DESC>차별화 된 질감의 한샘 터치 그레이가 쉐브런패턴 타일과 조화를 잘 이루네요. 감각적인 컬러를 선택하신 고객님의 센스가 돋보이는 공간입니다. 라이트 그레이에 딥한 컬러감이 어우러진 타일로 깔끔하게 마무리 된 발코니 공간입니다.</DESC>
<JSON>{""keywords"": [""한샘 터치 그레이"", ""쉐브런패턴 타일"", ""발코니"", ""감각적인 컬러""], ""style"": [""모던"", ""미니멀리즘""], ""colors"": [""라이트 그레이"", ""딥 컬러""], ""lighting"": [""자연광""], ""space"": [""발코니""], ""furniture"": [], ""mood"": [""세련된"", ""편안한""], ""composition"": ""균형 잡힌"", ""camera_angle"": ""정면"", ""camera_params"": {""fov"": ""50mm"", ""aperture"": ""f/2.8"", ""iso"": ""100"", ""shutter"": ""1/60""}, ""negative"": []}</JSON>",0.8148148148148148,0.0797145590359564,0.5254832139790916,0.9142496585845948,0.9061479568481444,0.922497570514679,0.5375486016273499,0.8148148148148148,0.0797145590359564,0.5254832139790916,0.9142496585845947,0.9061479568481445,0.922497570514679,0.5375486016273499,0.0,1.0,0.7999999999999999,0.9241971969604492
"<DESC>광주 남구 진월동 고운하이플러스아파트는 총 세대수가 약 600세대 규모의 단지로 구성되어 있습니다. 오늘 소개해 드릴 현장은 33평형대 가구수로써 안방을 제외한 나머지 세 개의 방 모두 붙박이장이 설치되어있는 구조입니다. 한샘에서 가장 인기 있는 품목 중 하나인 시그니처 붙박이장으로 시공이 완료된 현장인데요! 수납력도 좋고 디자인적으로도 만족도 높은 제품이기 때문에 많은 고객님께서 선호하시는 제품입니다.</DESC>
<JSON>{""keywords"": [""고운하이플러스"", ""아파트"", ""가구"", ""붙박이장""], ""style"": [""모던"", ""미니멀리즘""], ""colors"": [""중립색"", ""흰색"", ""어두운 색상""], ""lighting"": [""자연광"", ""부드러운 조명""], ""space"": {""area"": ""30%, furniture"": ""70%"", ""composition"": ""균형 잡힌 배치""}, ""mood"":[""편안함"", ""실용성""], ""furniture"": [""붙박이장"", ""소파"", ""테이블""], ""camera_angle"": ""정면"", ""camera_params"": {""fov"": ""50mm"", ""aperture"": ""f/4"", ""iso"": ""100"", ""shutter"": ""1/60""}, ""negative"": []}</JWT></SID>

<SDK>$pythonsdk.get_sdk().get_model(""MM900"")$</SDK>
 : 서울 강남구 대치아이파크 7단지 32평 아파트 인테리어 | 홈카페 느낌의 주방과 화이트톤 욕실 리모델링 / 브랜드 : 한샘 / 공사범위 : 키친, Bathroom / 기간 : 15일 <DESC>서울 강남 대치동 아이파크 7단지에 위치한 이 집은 무려 10년이 넘는 오래된 아파트 입니다. 그래서 그런지 곳곳에 세월이 느껴지는 흔적들이 많이 남아있는데요 이번 프로젝트 역시 그런 부분까지 최대한 살리고, 새롭게 변화시키기 위한 고민이 많았던 작업이었습니다. 특히나 기존 주방과 화장실의 경우 자재 교체만 하는 것이 아니라, 전체적으로 분위기를 완전히 바꾸기 위해 천장 마감 및 간접등 설치 등 디테일 한 부분들까지 신경썼습니다. </DESC>
<JSON>{""keywords"": [""강남"", ""오래된 아파트"", ""리모델링"", ""홈카페"", ""욕실""], ""style"": [""클래식"", ""미니멀리스트""], ""colors"": [""밝은 색"", ""따뜻한 톤""], ""lighting"": [""부드러운 자연광"", ""간접조명""], ""space"": {""area"": ""40%, furniture"": ""60","<DESC>현관 ㅣ 은은한 아이보리 톤의 타일과 우드 포인트로 포근한 무드 연출 공용 욕실ㅣ 600각 타일 시공으로 고급스러운 욕실 완성 입구방ㅣ 자녀의 취향에 맞출 수 있게 베이직한 공간 연출 안방 욕실 ㅣ 한샘바스 SPC 바살트 화이트 판넬시공 + 휴플로어 자녀방 ㅣ 자녀의 취향에 맞출 수 있게 베이직한 공간 연출</DESC>
<JSON>{""keywords"": [""현관"", ""욕실"", ""입구방"", ""안방"", ""자녀방""], ""style"": [""모던"", ""베이직""], ""colors"": [""아이보리"", ""우드"", ""화이트"", ""베이직""], ""lighting"": [""은은한"", ""자연광""], ""space"": [""공용 욕실"", ""입구방"", ""안방 욕실"", ""자녀방""], ""furniture"": [""타일"", ""판넬"", ""휴플로어""], ""mood"": [""포근한"", ""고급스러운""], ""composition"": ""다양한 공간이 조화롭게 배치된 모습"", ""camera_angle"": ""정면"", ""camera_params"": {""fov"": ""35mm"", ""aperture"": ""f/4"", ""iso"": ""100"", ""shutter"": ""1/60""}, ""negative"": []}</JSON>",0.5842696629213484,0.0438707131960499,0.3740034041028398,0.8864251971244812,0.8690521121025085,0.904507040977478,0.5422249436378479,0.5842696629213484,0.043870713196049974,0.37400340410283983,0.8864251971244812,0.8690521121025085,0.904507040977478,0.5422249436378479,0.0,0.0,0.0,0.2695229649543762
"<DESC>거실 주방은 강마루와 같은 소재로 바닥을 마감하고 벽면에는 포인트가 될 수 있는 월넛 색상의 선반과 간접 조명이 설치되어 있습니다.</DESC>
<JSON>{""keywords"": [""거실"", ""주방"", ""강마루"", ""월넛"", ""선반"", ""간접 조명""], ""style"": [""모던"", ""미니멀리즘""], ""colors"": [""브라운"", ""화이트""], ""lighting"": [""부드러운 조명"", ""자연광""], ""space"": [""넓은 거실, 주방""], ""furniture"": [""가구 최소화"", ""작은 테이블"", ""의자""], ""mood"":[""편안함"", ""세련됨""], ""composition"": ""중앙에 소파나 큰 가구 없이 개방된 구조"", ""camera_angle"": ""정면"", ""cam_pos"": ""[0.5, 0.5]"", ""camera_params"": {""fov"": ""50"", ""aperture"": ""2.8"", ""iso"": ""100"", ""shutter"": ""1/60""}, ""negative"": []}</JSON></s>","<DESC>한샘은 완벽한 휴식 공간을 제공하기 위해 꼼꼼한 상담을 거쳐 공간을 살아갈 이들의 취향을 담아냅니다. 라이프 스타일과 공간적 특성을 돋보일 수 있는 구조 변경과 감각적인 가구 배치 더불어 기능과 트렌디함을 살린 자재 사용 등으로 감도 높은 인테리어를 제안합니다. 트렌디한 시각과 한샘 브랜드의 기술력을 더해 좋은 집을 위한 한샘의 프로젝트는 계속됩니다. 다음에 만나요!</DESC>
<JSON>{""keywords"": [""휴식 공간"", ""라이프 스타일"", ""트렌디"", ""감각적인 가구 배치""], ""style"": [""모던"", ""미니멀리즘""], ""colors"": [""중립색"", ""파스텔톤""], ""lighting"": [""자연광"", ""부드러운 조명""], ""space"": [""거실"", ""휴식 공간""], ""furniture"": [""소파"", ""커피 테이블"", ""책장""], ""mood"": [""편안함"", ""아늑함""], ""composition"": ""균형 잡힌 배치"", ""camera_angle"": ""정면"", ""camera_params"": {""fov"": ""50mm"", ""aperture"": ""f/2.8"", ""iso"": ""100"", ""shutter"": ""1/60""}, ""negative"": [""혼잡한 공간"", ""어두운 조명""]}</JSON>",0.8387096774193549,0.0735744350063045,0.5083440669592625,0.912786304950714,0.9197025299072266,0.9059733748435974,0.5023560523986816,0.8387096774193549,0.07357443500630453,0.5083440669592625,0.9127863049507141,0.9197025299072266,0.9059733748435974,0.5023560523986816,0.0,0.9565217391304348,0.830188679245283,0.9542775750160217
"<DESC>현관 거실과 연결된 현관은 심플한 디자인으로 시공하였습니다. 중문을 설치해서 외부에서 들어오는 소음이나 먼지를 막아주고 깔끔한 느낌을 줍니다. 현관장도 어두운 색상이 아닌 밝은 화이트 톤으로 제작되었습니다.</DESC>
<JSON>{""keywords"": [""현관"", ""거실"", ""소음 차단"", ""먼지 방지""], ""style"": [""모던"", ""심플""], ""colors"": [""밝은 흰색"", ""중립색""], ""lighting"": [""자연광"", ""부드러운 조명""], ""space"": [""현관"", ""거실 연결""], ""furniture"": [""중문"", ""현관장""], ""mood"": [""깔끔한"", ""편안함""], ""composition"": ""현관이 거실과 연결되어 있는 구조"", ""camera_angle"": ""정면"", ""camera_params"": {""fov"": ""50mm"", ""aperture"": ""f/4"", ""iso"": ""200"", ""shutter"": ""1/60""}, ""negative"": []}</JWT></DWAVE>


<DESC>안방에는 붙박이장이 설치되어 있습니다. 수납 효율을 높이고 좁은 방 안에도 다양한 수납공간을 넣을 수 있도록 설계했습니다. 침대 옆에 작은 책상을 배치하면 업무나 공부를 하기 좋은 환경이 됩니다. 드레스룸도 마찬가지로 여러 개의 서랍형 장들을 설치하여 옷과 액세서리 등을 깔끔하게 정리할 수 있게 했습니다.</DESC>
<JSON>{""keywords"": [""붙박이장"", ""수납 효율성"", ""드레스룸"", ""작은 책상""], ""style"": [""미니멀리즘"", ""실용적""], ""colors"": [""흰색"", ""어두운 색""], ""lighting"": [""조명 활용""], ""space"": [""안방"", "" Bedrooms "", ""드레스룸""], ""furniture"": [""책상"", ""옷장"", ""서랍식 가구""], ""mood"": [""편리성"", ""정리정돈""], ""composition"": ""침대와 책상 주변에 수납공간이 배치된 구성"", ""camera_angle"": ""측면"", ""camera_params"": {""fov"": ""24mm"", ""aperture"": ""f/3.5"", ""iso"": ""100"", ""shutter"": ""1/30""}</DJAWS></DWAVE>


<SDK>)
{""sdk"": ""java"", ""args"": [""main(String[] args)"", ""{\""fields\"": [{\""name\"": \""arr\"", \""type\"": \""array”, \""values\"": [[""public static void main(java.lang.String[] args){ System.out.println(\""Hello World\""); }], {\""return\"": [""""]],","<DESC>미러거울이 적용된 현관장가구와 맞은편 벤치가 설치되어 좁은공간도 실용적으로 꾸몄습니다. 밝고 화사한 느낌의 화이트톤 거실공간입니다. 현관장 가구와 넓은 현관공간을 확보하기 위해 사선으로 짜여진 중문입니다. 화이트톤의 부엌가구와 마블패턴 대리석느낌의 타일이 시공되었습니다. 깔끔한 화이트톤의 실내 아이덴티티와 일체감을 주도록 디자인되었습니다. 한쪽벽면을 붙박이장으로 채워 수납공간을 늘린 안방공간입니다. 끝부분에는 에어드레서를 빌트인처럼 수납할 수 있도록 상부장을 설치했습니다.</DESC>
<JSON>{""keywords"": [""현관장"", ""벤치"", ""미러거울"", ""화이트톤"", ""부엌가구"", ""마블패턴"", ""타일"", ""붙박이장"", ""안방"", ""에어드레서""], ""style"": [""모던"", ""미니멀리즘""], ""colors"": [""화이트"", ""그레이""], ""lighting"": [""밝고 화사한"", ""자연광""], ""space"": [""좁은 공간"", ""거실"", ""부엌"", ""안방""], ""furniture"": [""현관장 가구"", ""벤치"", ""붙박이장"", ""상부장""], ""mood"": [""깔끔"", ""실용적""], ""composition"": ""사선으로 배치된 가구와 넓은 공간"", ""camera_angle"": ""정면"", ""camera_params"": {""fov"": ""35mm"", ""aperture"": ""f/4"", ""iso"": ""200"", ""shutter"": ""1/60""}, ""negative"": []}</JSON>",0.4684684684684684,0.0555298733469309,0.3896993399642644,0.8961597084999084,0.8977017402648926,0.8946228623390198,0.706017255783081,0.4684684684684684,0.05552987334693098,0.3896993399642644,0.8961597084999084,0.8977017402648926,0.8946228623390198,0.706017255783081,0.0,0.0,0.0,0.24482661485671997
"<DESC>현관 거실 현관은 모던하고 깔끔한 느낌을 살려주었습니다. 중문과 문에 포인트를 주고 바닥도 매트한 색상의 타일로 마감해주었어요. 특히 현관문 옆쪽에는 화이트 톤의 슬라이딩 수납장을 배치하여 신발 및 외출시 필요한 용품들을 정리할 수 있도록 구성하였습니다.</DESC>
<JSON>{""keywords"": [""모던"", ""깔끔"", ""수납"", ""신발 정리""], ""style"": [""미니멀리즘"", ""현대적인 디자인""], ""colors"": [""화이트"", ""매트한 타일 색상""], ""lighting"": [""자연광"", ""부드러운 조명""], ""space"": [""거실"", ""현관""], ""furniture"": [""슬라이딩 수납장"", ""문""]}</JSON></s>","<DESC>한샘 마블스퀘어 강마루(사하라라이트) 로 시공하였습니다. 공간에 알맞는 조도로 다운라이트 시공 및 마그네틱 조명을 시공하였고 TV반매립 시공을 하여 깔끔하게 시공하였습니다. 복도월에는 보다 넓어보이게 브론즈 거울 을 시공하였습니다.</DESC>
<JSON>{""keywords"": [""한샘"", ""마블스퀘어"", ""강마루"", ""사하라라이트"", ""다운라이트"", ""마그네틱 조명"", ""TV반매립"", ""브론즈 거울""], ""style"": [""모던"", ""미니멀리즘""], ""colors"": [""베이지"", ""브론즈"", ""화이트""], ""lighting"": [""다운라이트"", ""마그네틱 조명""], ""space"": [""거실"", ""복도""], ""furniture"": [""TV"", ""거울""], ""mood"": [""깔끔"", ""넓어보이는""], ""composition"": ""TV가 매립된 벽과 브론즈 거울이 있는 복도의 조화"", ""camera_angle"": ""정면"", ""camera_params"": {""fov"": ""50"", ""aperture"": ""2.8"", ""iso"": ""100"", ""shutter"": ""1/60""}, ""negative"": []}</JSON>",0.4761904761904761,0.0220391991656498,0.2405660051768767,0.8975349068641663,0.9078547954559326,0.8874469995498657,0.5883222818374634,0.4761904761904761,0.022039199165649816,0.2405660051768767,0.8975349068641663,0.9078547954559326,0.8874469995498657,0.5883222818374634,0.0,0.7058823529411764,0.375,0.9326753616333008
"<DESC>이번에는 현관과 복도공간을 어떻게 리모델링할지 고민해보았습니다! 현관은 중문이 있는 구조라 외풍 차단 효과가 뛰어나지만 동시에 먼지 유입도 많이 되는 단점이 있죠.. 그래서 이번엔 중문안의 유리를 이중유리로 교체하고, 바닥타일 시공으로 깔끔한 느낌을 더했습니다 :) **현관복도장식 : 3인치 슬라이딩 도어 + 매트 화이트 타일** **현관장 : 그레이 톤의 붙박이장** **현관조명 : 간접등 조명** **창틀마감재 : 프리미엄 필름시공 (고급스러움)** 복도는 중문없이 오픈된 형태인데요~ 이부분에서 중요한 건 바로 창문입니다!! 환기와 채광 모두 중요하니까 큰 사이즈로 시공해주었답니다 :) **벽면장식 : 우드 패널 포인트 벽 장식** **도어 디자인 : 골드색상 문고리</DESC>
<JSON>{""keywords"": [""현관"", ""복도"", ""창문"", ""환기"", ""채광""], ""style"": [""미니멀리즘"", ""모던""], ""colors"": [""매트 화이트"", ""우드"", ""골드""], ""lighting"": [""간접등"", ""자연광""], ""space"": [""개방형"", ""오픈형""], ""furniture"": [""붙박이장"", ""가구 없음""], ""mood"": [""깔끔함"", ""편안함""], ""composition"": ""현관과 복도가 연결된 구성"", ""camera_angle"": ""정면"", ""camera_params"": {""fov"": ""35mm"", ""aperture"": ""f/4"", ""iso"": ""100"", ""shutter"": ""1/60""}, ""negative"": []}</JSON></s>","<DESC>3연동 중문이 설치된 현관 은은한 베이지 톤으로 꾸며져 현관문을 들어설때 따듯한 느낌으로 맞이하는 공간입니다. 천고를 살려 확트인 거실공간 오크색상의 바닥과 화이트톤의 벽, 천장이 잘 어울리는 공간입니다. 화이트와 라이트그레이 투톤의 색상매치로 모던한 느낌을 더했습니다. 오크색상의 붙박이가 포인트로 내추럴한 느낌을 연출한 안방공간입니다. 모던한 느낌의 공간 베란다 공간은 수납을 활용할 수 있도록 펜트리선반이 시공되었습니다. 그레이 톤으로 꾸며진 욕실공간 수납장을 최대한 숨겨 깔끔한 모습을 연출했습니다.</DESC>
<JSON>{""keywords"": [""현관"", ""거실"", ""안방"", ""베란다"", ""욕실""], ""style"": [""모던"", ""내추럴""], ""colors"": [""베이지"", ""오크"", ""화이트"", ""라이트그레이"", ""그레이""], ""lighting"": [""은은한"", ""따듯한""], ""space"": [""현관"", ""거실"", ""안방"", ""베란다"", ""욕실""], ""furniture"": [""3연동 중문"", ""붙박이"", ""펜트리선반"", ""수납장""], ""mood"": [""편안함"", ""깔끔함""], ""composition"": ""오픈형 공간 구성"", ""camera_angle"": ""정면"", ""camera_params"": {""fov"": ""50mm"", ""aperture"": ""f/2.8"", ""iso"": ""100"", ""shutter"": ""1/60""}, ""negative"": []}</JSON>",0.8813559322033899,0.066035817696362,0.5659468817644698,0.9005739688873291,0.8937439322471619,0.9075092673301696,0.7638670206069946,0.8813559322033899,0.06603581769636203,0.5659468817644698,0.9005739688873291,0.8937439322471619,0.9075092673301697,0.7638670206069946,0.0,1.0,0.8749999999999999,0.9612066149711609
"<DESC>거실은 집의 분위기를 좌우하는 중요한 공간인데요! 거실을 어떻게 구성하느냐에 따라 집안 분위기가 달라진다는 사실 알고 계시죠? 이번 현장은 신혼 부부에게 가장 인기 있는 공간인 만큼 최대한 밝고 따뜻한 느낌으로 구성해봤어요 :) 우선 천장 조명과 간접등 설치로 밝은 분위기 연출했습니다. 기존 몰딩에서는 볼 수 없었던 디자인 포인트도 함께 넣었어요! 요즘엔 다양한 색상의 벽지와 타일이 출시되어 있어 원하는 대로 선택하실 수도 있습니다. 특히 벽지는 한샘 제품 중에서도 고급스러운 패턴들이 많이 출시되었으니 원하시는 스타일로 선택해 보세요! 또 다른 변화라면 바로 식탁입니다! 지금까지 봐왔던 식탁과는 조금 다르게 배치해보았어요. 식사 후 남은 음식이나 설거지 등을 수납할 수 있도록 주방 한켠에 아일랜드 장을 설계해 두었습니다. 이 부분은 추후 확장하여 사용할 예정이기 때문에 가구를 최소화하였습니다. 안방 또한 새롭게 리모델링했어요! 드레스 룸부터 파우더룸, 붙박이장까지 모두 한샘 제품만 사용해 깔끔하고 단정하게 연출할 수 있었답니다.</DESC>
<JSON>{""keywords"": [""거실"", ""신혼부부"", ""밝고 따뜻한 분위기"", ""천장 조명"", ""간접등"", ""디자인 포인트""], ""style"": [""모던"", ""고급스러운""], ""colors"": [""흰색"", ""파란색"", ""노란색""], ""lighting"": [""밝은 조명"", ""부드러운 빛""], ""space"": [""거실"", ""아일랜드 장"", ""주방""], ""furniture"": [""식탁"", ""가구 최소화"", ""붙박이장""], ""mood"": [""편안함"", ""아늑함"", ""따뜻함""], ""composition"": ""중앙에 식탁을 두고 나머지 요소를 배치하여 균형 잡힌 구도"", ""camera_angle"": ""정면"", ""camera_params"": {""fov"": ""35mm"", ""aperture"": ""f/2.8"", ""iso"": ""200"", ""shutter"": ""1/60""}, ""negative"": []}</JWT>


<JD>
월계동 현대 아파트 26평, 신혼집의 화사한 변신 <공간> spa_0005 <스타일> sty_004 <예산> cost_0006 <태그> 부엌,빌트인,냉장고,후드,무드화이트,매트화이트,미니멀리즘,포인트인테리어,홈카페,커피머신,원목,우드톤,현관,중문,우물천장,발코니,베란다,페인트,커튼,소파,책상,컴퓨터의자,침실,수면,휴식,침대,수납,옷장,욕조","<DESC># 현장정보 - 아파트명 : 월계현대아파트 - 면적 : 25평 (85㎡C) - 가족구성 : 신혼부부 - 고객니즈 키워드 : 화이트톤, 옷 수납 많이 필요, 확장부 날개벽 공간활용 # 리모델링 포인트 - 슬림문틀, 맞춤수납, 마이너스몰딩으로 마감재 사이즈 최대한 좁게! - 확장부 날개벽으로 인한 애매한 공간을 미니 서재로! - 미가루버와 간접조명을 활용한 호텔분위기! # 주요자재 - 한샘창호 - 마블스퀘어 강마루 (솔트화이트) - 한샘벽지 - 밀란 100 무드화이트 (주방, 수납) - 초슬림 3연동중문 - 3인치 다운라이트, 수퍼슬림 메인등 현관 복도식 구축아파트는 소음과 외풍에 취약하죠. 초슬림 3연동 중문을 설치해 소음과 외풍은 물론 미세먼지를 한번 더 차단하고 모루유리로 시야도 차단해주었습니다. 행잉형 수납장을 설치해 자주 신는 신발 편하게 수납하고 간접등 활용해서 고급스럽고 정돈된 현관으로 바꿔보세요! 주방 침실은 오로지 수면을 위한 공간으로 다른 가구 없이 침대만 두었는데요, 미가루버와 간접조명을 활용해서 밋밋해보이지 않고 호텔 침실처럼 고급스럽게 연출했습니다. 드레스룸 입구 우방은 계절이 지난 옷, 이불 등을 수납하도록 붙박이장으로 설계했는데요, 맞춤수납으로 설계해 마감재가 눈에 띄지 않아 슬림하고 정돈된 느낌이 듭니다. 낮은 파우더장 부분에는 미가루버와 조명거울로 포인트를 주었습니다. 욕실 욕실은 원톤의 600*600각 포세린 타일로 졸리컷 마감하여 깔끔하고 고급스럽게 설계했습니다. 라운드 형태의 위생도기들을 배치해 타일의 날카로운 느낌을 중화시켰습니다.</DESC>
<JSON>{""keywords"": [""화이트톤"", ""옷 수납"", ""미니 서재"", ""호텔 분위기""], ""style"": [""모던"", ""미니멀리즘""], ""colors"": [""화이트"", ""솔트화이트"", ""무드화이트""], ""lighting"": [""간접조명"", ""다운라이트"", ""메인등""], ""space"": [""아파트"", ""드레스룸"", ""욕실"", ""주방"", ""침실""], ""furniture"": [""침대"", ""행잉형 수납장"", ""붙박이장"", ""파우더장""], ""mood"": [""고급스러움"", ""정돈된""], ""composition"": ""현관, 주방, 침실, 드레스룸, 욕실이 조화롭게 배치된 아파트 내부"", ""camera_angle"": ""wide-angle"", ""camera_params"": {""fov"": ""90"", ""aperture"": ""2.8"", ""iso"": ""400"", ""shutter"": ""1/60""}, ""negative"": [""혼잡한"", ""어수선한""]}</JSON>",0.6486486486486486,0.0115308223415228,0.2917948237325585,0.8411398530006409,0.8425567150115967,0.8397277593612671,0.533307671546936,0.6486486486486486,0.011530822341522877,0.2917948237325585,0.8411398530006409,0.8425567150115967,0.8397277593612671,0.533307671546936,0.0,0.0,0.0,0.27651718258857727
"<DESC>현관과 부엌을 연결하는 중문은 한샘 유로 600 제품으로 시공하였습니다. 현관과 주방이 연결되면서 집안 전체가 오픈되어 보여 깔끔한 느낌입니다.</DESC>
<JSON>{""keywords"": [""현관"", ""주방"", ""중문""], ""style"": [""모던"", ""미니멀리즘""], ""colors"": [""흰색"", ""검은색"", ""갈색""], ""lighting"": [""자연광"", ""부드러운 조명""], ""space"": [""오픈된 공간""], ""furniture"": [""소파"", ""테이블""], ""mood"":[""깔끔함"", ""편안함""], ""composition"": ""현관과 주방이 연결된 구조"", ""camera_angle"": ""정면"", ""camera_params"": {""fov"": ""24mm"", ""aperture"": ""f/2.8"", ""iso"": ""200"", ""shutter"": ""1/60""}, ""negative"": []}</JSON></s>","<DESC>개방형 거실로 한참 책을 많이 보는 아이들이 책과 많이 친해질 수 있도록 서재형 거실 로 제안해 드립니다. 한시도 눈을 뗄 수 없는 아이들 서재형 거실에서 책도 보고 놀이도 하도 가족들과 대화도 할 수 있는 공간으로 구성해 봤어요 부족한 수납의 해결은?!  한샘빌트인 붙박이장 강력 추천해 드립니다. 한샘의 대표 모델 유로 503 프레임 오크 침대 를 배치하여 내추럴함을 강조하였고 한샘 올인원 포시즌 매트리스 와 함께 사계절 내내 쾌적하게 꿀잠은 보장된답니다. 나를 위한 공간이 필요하겠죠? 나를 위한 시간으로 채울 수 있는 서재형 카페로 만들어 보았어요 아직은 노는 게 더 좋은 우리 아이 조금씩 분리 수면을 위해 벙커 침대 를 준비해 보는 건 어떨까요?</DESC>
<JSON>{""keywords"": [""거실"", ""서재"", ""책"", ""놀이"", ""가족"", ""수납"", ""침대"", ""카페""], ""style"": [""내추럴"", ""모던""], ""colors"": [""오크"", ""베이지"", ""화이트""], ""lighting"": [""자연광"", ""부드러운 조명""], ""space"": [""개방형"", ""서재형""], ""furniture"": [""붙박이장"", ""침대"", ""매트리스"", ""벙커 침대""], ""mood"": [""편안함"", ""따뜻함"", ""활기""], ""composition"": ""가족이 함께 책을 읽고 놀이를 하는 모습"", ""camera_angle"": ""눈높이"", ""camera_params"": {""fov"": ""35mm"", ""aperture"": ""f/4"", ""iso"": ""200"", ""shutter"": ""1/60""}, ""negative"": [""어두운 색상"", ""혼잡한 공간""]}</JSON>",0.8620689655172413,0.0271151520513953,0.3534118853016689,0.8933963775634766,0.915814995765686,0.8720492124557495,0.3098343014717102,0.8620689655172413,0.027115152051395343,0.35341188530166895,0.8933963775634766,0.915814995765686,0.8720492124557495,0.3098343014717102,0.0,1.0,0.8936170212765957,0.9414408802986145
"<DESC>현관은 신발을 벗고 들어가는 집이 많아 현관에 수납을 많이 넣습니다! 바닥은 간접 조명과 다운 라이트를 시공하여 고급스러운 분위기를 연출했습니다. 또 다른 포인트는 중문인데요, 기존의 두꺼운 도어 대신 얇은 슬라이딩 도어로 개방감 있는 느낌으로 시공하였습니다 :) 거실에서 주방까지 이어지는 복도입니다. 벽지는 베이지 톤의 벽지가 아닌 흰색벽지로 깔끔하게 마감해 주었습니다.</DESC>
<JSON>{""keywords"": [""현관"", ""복도"", ""거실""], ""style"": [""모던"", ""고급스러운""], ""colors"": [""베이지"", ""흰색""], ""lighting"": [""간접 조명"", ""다운 라이트""], ""space"": [""공간"", ""거실과 연결된 통로""], ""furniture"": [""수납 가구""], ""mood"": [""편안함"", ""세련됨""], ""composition"": ""발코니와 현관이 연결되어 있어 확장감 있는 구조"", ""camera_angle"": ""정면"", ""camera_params"": {""fov"": ""50mm"", ""aperture"": ""f/2.8"", ""iso"": ""100"", ""shutter"": ""1/60""}, ""negative"": []}</JSON></s>","<DESC>부엌 주부들의 로망인 대면형 주방을 설계하면서 키큰장과 아일랜드장을 서로 다른 모델로 믹스매치했습니다! 과감하고 선명한 우드패턴의 유로700 베일 러프우드 따뜻하고 부드러운 목련 컬러의 유로300 매트 매그놀리아 확실히 대비되는 컬러의 조합이 너무 잘 어울리지 않나요? 여기에 라인조명으로 대면형 주방의 인테리어를 완성시켰습니다:) 서재 모든 남자들의 로망인 서재 공간입니다. 다크한 월넛의 책장과 책상에서 고급스러움이 느껴지지 않나요? 오롯이 나에게 집중할 수 있는 혼자만의 공간으로 스타일링했습니다. 드레스룸 수납 신제품 시그니처 모델로 연출했습니다. 붙박이장 내부는 우드, 레더, 메탈소재로 믹스앤매치했고 독일 '헤티히'사의 경첩에 마감캡을 적용해 퀄리티를 높였습니다. 도어는 인피니 화이트 컬러를 적용했는데요 고급스럽고 은은한 콘크리트 재질의 리얼한 텍스처가 특징이랍니다. 안방 거실과 마찬가지로 천장 단내림을 표현했는데요 창문과 수직 방향으로 설계하고, 간접조명과 다운라이트로 포인트를 주었습니다:) 거실욕실 & 안방욕실 거실욕실은 따뜻한 느낌으로 표현했구요 삼면경LED 수납장과 샤워부스로 연출했습니다. 안방욕실은 시크한 그레이톤으로 표현하고 조명거울과 파티션타입으로 설계했습니다. 공간이 충분하다면 샤워부스를 설치하는 편이 좋지만, 그렇지 않을 경우엔 파티션으로 물이 튀는 것을 방지할 수 있답니다:)</DESC>
<JSON>{""keywords"": [""대면형 주방"", ""서재"", ""드레스룸"", ""안방"", ""거실욕실"", ""안방욕실""], ""style"": [""모던"", ""고급스러움"", ""미니멀리즘""], ""colors"": [""우드패턴"", ""매그놀리아"", ""다크 월넛"", ""화이트"", ""그레이""], ""lighting"": [""라인조명"", ""간접조명"", ""다운라이트""], ""space"": [""주방"", ""서재"", ""드레스룸"", ""안방"", ""욕실""], ""furniture"": [""아일랜드장"", ""책장"", ""책상"", ""붙박이장"", ""수납장"", ""샤워부스"", ""조명거울""], ""mood"": [""따뜻한"", ""편안한"", ""고급스러운""], ""composition"": ""혼합된 스타일의 공간들"", ""camera_angle"": ""정면"", ""camera_params"": {""fov"": ""50mm"", ""aperture"": ""f/2.8"", ""iso"": ""100"", ""shutter"": ""1/60""}, ""negative"": [""혼잡한"", ""어두운"", ""차가운""]}</JSON>",0.9333333333333332,0.0463319466405551,0.268244000523073,0.8483644723892212,0.8611693382263184,0.8359346985816956,0.7020066380500793,0.9333333333333333,0.04633194664055518,0.268244000523073,0.8483644723892212,0.8611693382263184,0.8359346985816956,0.7020066380500793,0.0,1.0,1.0,0.9595860242843628
"<DESC>벽지와 가구는 모두 베이지 톤으로 연출하여 깔끔하고 따뜻한 분위기를 만들었습니다.</DESC>
<JSON>{""keywords"": [""베이지"", ""깔끔함"", ""따뜻함""], ""style"": [""모던"", ""미니멀리즘""], ""colors"": [""베이지""], ""lighting"": [""자연광"", ""부드러운 조명""], ""space"": [""가정"", ""인테리어""],
""furniture"": [""가구"", ""소파"", ""테이블""], ""mood"": [""편안함"", ""안정감""], ""composition"": ""균형 잡힌 레이아웃"", ""camera_angle"": ""정면"", ""camera_params"": {""fov"": ""50mm"", ""aperture"": ""f/4"", ""iso"": ""200"", ""shutter"": ""1/60""}, ""negative"": []}</JSON></s>","<DESC>우리집 첫인상 현관! 현관 방화문부터 밝은 아이보리색 색감의 필름지로 작업해 환한 현관을 만들어 드렸는데요. 신발장은 슈퍼플랫화이트 push도어로 설치하고 주문 제작한 손잡이를 설치해서 세상에 단 하나밖에 없는 신발장으로 시공해드렸습니다.  좁은 공간을 깔끔하게 활용하기 위해서 현관장은 행잉형으로 설치하여 고객님이 자주 사용하시는 신발을 아래에 보관할 수 있게 도와드렸습니다. 또한 현관장하부에 간접조명을 설치해서 현관 센서등과 동시에 켜지게 만들어 드렸습니다. 거실에 창호를 교체한지 얼마 되지 않았다고 하셨는데요. 우드톤의 창호와 어울리는 색감의 한샘 강마루 블러쉬 아이보리 오크로 시공해 모던하고 따뜻한 느낌이 나는 거실분위기를 연출해드렸습니다. 침실에 한샘 붙박이장을 설치하고 포인트로 손잡이를 추가로 시공해드렸습니다. 매립조명을 설치해서 호텔같이 은은한 밝기의 조도를 연출해 고급스러운 느낌이듭니다.</DESC>
<JSON>{""keywords"": [""현관"", ""신발장"", ""행잉형"", ""간접조명"", ""거실"", ""창호"", ""우드톤"", ""강마루"", ""침실"", ""붙박이장"", ""매립조명""], ""style"": [""모던"", ""따뜻한"", ""고급스러운""], ""colors"": [""아이보리"", ""화이트"", ""블러쉬 아이보리"", ""오크""], ""lighting"": [""간접조명"", ""은은한 조명""], ""space"": [""현관"", ""거실"", ""침실""], ""furniture"": [""신발장"", ""행잉형 현관장"", ""붙박이장""], ""mood"": [""환한"", ""깔끔한"", ""편안한""], ""composition"": ""현관과 거실, 침실이 조화를 이루는 구조"", ""camera_angle"": ""정면"", ""camera_params"": {""fov"": ""50"", ""aperture"": ""2.8"", ""iso"": ""100"", ""shutter"": ""1/60""}, ""negative"": []}</JSON>",0.8214285714285714,0.0116641609934244,0.427216392944039,0.8602954745292664,0.8833853602409363,0.838381826877594,0.3219693005084991,0.8214285714285714,0.011664160993424483,0.427216392944039,0.8602954745292664,0.8833853602409363,0.838381826877594,0.32196930050849915,0.0,1.0,0.8260869565217391,0.9007879495620728
"<DESC>안방에는 붙박이장이 들어가는데요! 안방의 구조상 수납이 많이 필요하진 않았지만 깔끔한 느낌을 위해 붙박이장과 화장대를 같이 배치했어요 :) 또 침대 옆으로 벽걸이 TV도 배치해 두었어요! 드레스룸은 벽면을 모두 활용하는 것이 좋을 것 같아 옷걸이도 걸 수 있는 월 플러스로 디자인했습니다!</DESC>
<JSON>{""keywords"": [""드레스룸"", ""붙박이장"", ""화장대"", ""벽면 활용""], ""style"": [""모던"", ""미니멀리즘""], ""colors"": [""흰색"", ""검은색"", ""밝은 회색""], ""lighting"": [""자연광"", ""부드러운 조명""], ""space"": [""드레숍"", ""침대 주변""], ""furniture"": [""옷걸이"", ""거울"", ""수납공간""], ""mood"": [""깔끔함"", ""편안함""], ""composition"": ""중앙에 거울이나 옷장 등 주요 가구가 위치하고, 양쪽에 수납공간이 배치된 형태"", ""camera_angle"": ""정면"", ""camera_params"": {""fov"": ""50mm"", ""aperture"": ""f/4"", ""iso"": ""200"", ""shutter"": ""1/60""}, ""negative"": []}</JSON></s>","<DESC>블랙&화이트 느낌으로 고급스러운 느낌을 연출하였고, 거실 중앙 티비 슬라이딩장과 아이가 그림그릴수있는 마그네틱 보드판으로 수납이 용이하도록 설계하였습니다. 한샘 유로 300 제품으로 터치블랙으로 주방에 무게감을 주었습니다 안방은 그레이&화이트 톤으로 수납에 많은 신경을 써 주었습니다. 안방 앞방은 아이방으로 화이트&그레이 톤으로 디자인 하였습니다.</DESC>
<JSON>{""keywords"": [""블랙"", ""화이트"", ""고급스러운"", ""거실"", ""주방"", ""안방"", ""아이방""], ""style"": [""모던"", ""미니멀리즘""], ""colors"": [""블랙"", ""화이트"", ""그레이""], ""lighting"": [""부드러운"", ""자연광""], ""space"": [""거실"", ""주방"", ""안방"", ""아이방""], ""furniture"": [""티비 슬라이딩장"", ""마그네틱 보드판"", ""한샘 유로 300""], ""mood"": [""편안한"", ""세련된""], ""composition"": ""중앙에 티비 슬라이딩장이 위치하고, 주변에 마그네틱 보드판과 가구들이 배치된 구조"", ""camera_angle"": ""정면"", ""camera_params"": {""fov"": ""50mm"", ""aperture"": ""f/2.8"", ""iso"": ""100"", ""shutter"": ""1/60""}, ""negative"": []}</JSON>",0.847457627118644,0.0980741785661208,0.6241089118719821,0.912426233291626,0.916268825531006,0.9086158275604248,0.6198186874389648,0.847457627118644,0.09807417856612083,0.6241089118719821,0.912426233291626,0.9162688255310059,0.9086158275604248,0.6198186874389648,0.0,1.0,0.8749999999999999,0.8876152634620667
"<DESC>인천 부평구의 대표적인 아파트 단지 중 하나인 '청천 푸르지오' 입니다! 이번 인테리어는 기존에 있던 화이트 컬러와 그레이 톤을 살려 깔끔하게 연출하였습니다~ 먼저 거실과 주방이 만나는 부분인데요! 거실 쪽은 대형 슬라이딩 도어를 시공하여 개방감 있게 구성했고, 다이닝룸쪽으로 이어지는 벽은 유리로 마감하여 답답하지 않게 연출할 수 있도록 했습니다. 그리고 한쪽 벽면엔 작은 아일랜드장을 두어 간단한 요리나 커피 한 잔도 할 수 있는 공간을 만들었습니다. 특히 이 집의 포인트는 바로 천장 조명입니다! 메인등 외에도 간접 다운라이트와 라인 조명으로 다양한 분위기를 낼 수 있습니다^^ 부엌에서 식탁까지 이어지는 복도벽면 아래로는 선반형 수납장이 설치되어 있어 깔끔한 정리정돈을 하실 수 있는데요! 냉장고가 들어갈 자리를 제외하고 그 옆에는 작은 코너장을 두었습니다. 이렇게 하면 좁은 주방이라도 수납공간 걱정 없이 활용하실 수 있답니다. 그리고 또 다른 장점은 바로 문선입니다~ 보통 중문이나 현관문은 두꺼운 두께감 때문에 시야 확보가 어려웠는데, 저희 제품은 얇고 가볍게 설치가 가능합니다~ 현관부터 공용공간인 안방욕실까지 모두 같은 색상의 문선을 사용해 통일감있게 완성했습니다. 요즘 트렌드인 미니멀 라이프에 맞게 가구들도 최대한 심플하게 배치하였구요, 붙박이장 대신 파우더장을 놓아 실용성있는 화장대 겸 드레스룸을 만들었어요~ 또한 발코니 확장공사를 하여 답답함을 해결하면서 더 넓어진 공간활용이 가능하도록 하였습니다. 안방 욕실은 거울과 세면대가 결합된 형태이고, 욕조대신 샤워부스를 설치하여 청소하기 쉽고 관리가 편리하도록 디자인했어요. 마지막으로 서재 공간입니다!! 방 내부의 일부만 리모델링해서 서재방으로 사용했는데요! 원래는 침대방과 함께 쓰이던 방이었지만, 넓은 창 덕분에 채광이 좋아 공부하는데 최적화 되어있습니다.</DESC>
<JSON>{""keywords"": [""거실"", ""주방"", ""다이닝룸"", ""복도"", ""현관"", ""안방욕실"", ""서재""], ""style"": [""미니멀리즘"", ""모던"", ""세련된""], ""colors"": [""화이트"", ""그레이"", ""우드톤""], ""lighting"": [""간접 조명"", ""메인등"", ""라인 조명""], ""space"": [""큰 창문이 있는 침실"", ""붙박이장 없는 드레스룸"", ""샤워 부스""], ""furniture"": [""슬라이딩 도어"", ""아일랜드 테이블"", ""파우더장"", ""작은 책상"", ""침대위""], ""mood"": [""깔끔한"", ""실용적인"", ""편안함""], ""composition","<DESC>거실에는 깔끔하게 사각형 디자인으로 라인조명을 매립해주었습니다! 그안으로는 실링팬을 설치예정! 이었지만! 실링팬을 설치하지 못하고 사진을 찍었네요ㅠㅠ 방문들은 9mm 문선으로 작업을 진행해주었고, 슬림하면서 깔끔한 디자인으로 모던한 스타일을 연출해주었습니다. #인테리어쇼</DESC>
<JSON>{""keywords"": [""거실"", ""모던"", ""라인조명"", ""사각형 디자인"", ""슬림"", ""깔끔""], ""style"": [""모던""], ""colors"": [""화이트"", ""그레이""], ""lighting"": [""라인조명"", ""매립조명""], ""space"": [""거실""], ""furniture"": [""없음""], ""mood"": [""깔끔"", ""편안""], ""composition"": ""중앙에 라인조명이 있는 거실"", ""camera_angle"": ""정면"", ""camera_params"": {""fov"": ""50mm"", ""aperture"": ""f/2.8"", ""iso"": ""100"", ""shutter"": ""1/60""}, ""negative"": [""실링팬 없음""]}</JSON>",0.5499999999999999,0.0052965990767745,0.3201936266984401,0.8163227438926697,0.8205066323280334,0.812181293964386,0.5177597403526306,0.5499999999999999,0.005296599076774514,0.32019362669844015,0.8163227438926697,0.8205066323280334,0.812181293964386,0.5177597403526306,0.0,0.0,0.0,0.24855993688106537
"<DESC>거실에는 대형TV를 두기보다는 작은 TV나 모니터가 더 나은 선택이 아닐까 싶습니다. 요즘은 온라인 수업이나 재택근무 등으로 노트북과 태블릿 기기들이 필수인 시대이기 때문이죠! 또 하나의 포인트는 바로 간접조명입니다. 천장에 매립형 조명을 설치하여 분위기 있는 거실 인테리어를 완성할 수 있습니다. 특히 어두운 색상의 가구와 함께 매치했을 때 더욱 멋진 느낌을 연출합니다. 안방 욕실에는 레인 샤워 수전을 설치했습니다. 이 제품은 기존 세면대가 있던 자리에서 벽 쪽으로 빼내어 시공할 수도 있고, 벽면 일부만이라도 방수 공사 후 사용할 수 있기 때문에 공간 활용 측면에서도 효율적입니다.</DESC>
<JSON>{""keywords"": [""거실"", ""대형TV"", ""작은 TV"", ""모니터"", ""간접조명"", ""천장 매립형 조명"", ""어두운 색상 가구""], ""style"": [""모던"", ""미니멀리즘""], ""colors"": [""다크 브라운"", ""그레이"", ""화이트""], ""lighting"": [""부드러운 조명"", ""따뜻한 빛""], ""space"": [""거실과 침실 사이 넓은 공간""], ""furniture"": [""소파"", ""테이블"", ""의자""], ""mood"": [""편안함"", ""아늑한""], ""composition"": ""중앙에 큰 창문이 있는 거실 구조"", ""camera_angle"": ""정면"", ""camera_params"": {""fov"": ""35mm"", ""aperture"": ""f/4"", ""iso"": ""200"", ""shutter"": ""1/60""}, ""negative"": []}</JSON></s>","<DESC>[안방 시공 제품명] - 붙박이장 모델: 유로700 프리미엄 화이트우드 안방은 부족한 수납을 해결하기 위해 붙박이장을 시공했습니다. 붙박이장 도어는 유로700 프리미엄 화이트우드 제품을 설계했습니다. 이 제품은 천연 그대로의 우드질감을 살린 제품으로, 다크한 손잡이를 조합해 세련된 디자인이 포인트인 제품입니다. [드레스룸 시공 제품명] - 시스템장 모델: 바흐화이트 드레스룸은 답답해보이지 않도록 ㄱ자 형태로 설계하고, 가운데에는 가방과 악세사리를 수납할 수 있는 오픈장을 시공해 드레스룸의 로망을 실현시켜드렸습니다! 한샘의 바흐드레스장은 리얼 우드 느낌의 엠보 PP 표면재를 사용한 프리미엄 제품으로, 다양한 옵션이 있기 때문에 고객님들이 원하는 드레스룸을 연출할 수 있습니다. *주요시공: 시스템장 [서재방 인테리어] 주방옆방은 간단한 업무를 처리할 수 있는 서재공간을 설계해드렸습니다.</DESC>
<JSON>{""keywords"": [""붙박이장"", ""시스템장"", ""드레스룸"", ""서재"", ""수납"", ""우드"", ""프리미엄""], ""style"": [""모던"", ""세련된""], ""colors"": [""화이트"", ""다크""], ""lighting"": [""자연광"", ""부드러운 조명""], ""space"": [""안방"", ""드레스룸"", ""서재""], ""furniture"": [""붙박이장"", ""시스템장"", ""오픈장"", ""책상""], ""mood"": [""편안한"", ""실용적인""], ""composition"": ""ㄱ자 형태의 드레스룸과 붙박이장이 있는 안방, 서재 공간"", ""camera_angle"": ""정면"", ""camera_params"": {""fov"": ""35mm"", ""aperture"": ""f/4"", ""iso"": ""200"", ""shutter"": ""1/60""}, ""negative"": [""혼잡한"", ""어두운""]}</JSON>",0.870967741935484,0.0974047305708446,0.4145847472574174,0.8866673111915588,0.8933835029602051,0.8800513744354248,0.4422225654125213,0.870967741935484,0.09740473057084469,0.4145847472574174,0.8866673111915588,0.8933835029602051,0.8800513744354248,0.44222256541252136,0.0,1.0,0.9583333333333334,0.8960468769073486
"<DESC>주방 - 주방은 화이트톤으로 깔끔하게 구성했습니다! 기존의 좁은 구조에 맞게 냉장고장을 한쪽 벽면 전체를 차지하게 설계했고, 맞은편엔 수납장이 위치해있습니다. 또한 기존의 아일랜드 위에는 식탁과 조명을 설치하여 식사 후에도 대화나 휴식할 수 있는 다이닝공간으로 활용하실 수 있도록 했습니다.</DESC>
<JSON>{""keywords"": [""주방"", ""화이트톤"", ""냉장고장"", ""아일랜드"", ""다이닝공간""], ""style"": [""모던"", ""미니멀리즘""], ""colors"": [""흰색"", ""그레이""], ""lighting"": [""자연광"", ""부드러운 조명""], ""space"": [""좁은 구조"", ""식사 가능한 공간""], ""furniture"": [""수납장"", ""테이블"", ""조명""], ""mood"": [""깔끔함"", ""편안함""], ""composition"": ""균형잡힌 배치로 답답함 최소화"", ""camera_angle"": ""정면"", ""camera_params"": {""fov"": ""50mm"", ""aperture"": ""f/4"", ""iso"": ""100"", ""shutter"": ""1/60""}, ""negative"": []}</JSON></s>","<DESC>바닥타일,TV 아트월은 베이지톤의 600각 타일로 모던한 느낌을 연출하고 도배 컬러를 화이트톤으로 배치해서 모던하면서도 세련된 느낌의 거실공간을 표현하였습니다. 포근한 느낌이 나는 베이지톤의 소파와 러그로 가족이 머무르는 거실공간을 연출했습니다. 부부만의 공간인 안방입니다. 부족한 수납공간을 늘리기 위해 tv장과 붙박이장이 일체형인 한샘 매트화이트 TV장을 시공해 드렸어요. 주방 주방확장을 하고 주방위치를 발코니쪽으로 변경을 했습니다. ㄷ자 주방으로 주방공간을 넓게 쓸 수 있게 설계를 하고 아일랜드도 시공해서 식탁처럼 쓸 수 있게 만들었습니다. 기존 주방이 있던 자리는 키큰장과 냉장고장을 설계하였습니다. 거실욕실 요즘 욕실트랜드는 대형포세린타일+조적 젠다이 입니다. 타일은 클수록 줄눈이 적게 들어가기 때문에 관리도 편하고 작은 욕실이 넓어보이는 효과를 줍니다. 욕실 인테리어를 하신다면 꼭 큰타일을 하세요! 안방욕실 거실과 동일하게 600각 타일을 시공하고 조적젠다이를 설치하여 샤워공간과 분리를 했습니다. 드레스룸 마지막으로 입구방에 위치한 드레스룸 입니다. 내력벽인 날개벽을 활용해 한샘 매트화이트 붙박이장을 시공하고 한쪽에는 시스템헹거를 설치하여 자주입는 옷을 걸 수 있게 설계했습니다. 날개벽 뒷쪽으로는 작은 화장대공간을 만들었습니다.</DESC>
<JSON>{""keywords"": [""거실"", ""안방"", ""주방"", ""욕실"", ""드레스룸""], ""style"": [""모던"", ""세련된""], ""colors"": [""베이지"", ""화이트""], ""lighting"": [""자연광"", ""부드러운 조명""], ""space"": [""거실"", ""안방"", ""주방"", ""욕실"", ""드레스룸""], ""furniture"": [""소파"", ""러그"", ""TV장"", ""붙박이장"", ""아일랜드"", ""식탁"", ""시스템헹거"", ""화장대""], ""mood"": [""포근한"", ""편안한""], ""composition"": ""거실과 주방이 연결된 구조, 욕실은 대형 타일로 넓어 보이는 효과"", ""camera_angle"": ""wide shot"", ""camera_params"": {""fov"": ""24mm"", ""aperture"": ""f/4"", ""iso"": ""200"", ""shutter"": ""1/60""}, ""negative"": [""혼잡한"", ""어두운"", ""구식""]}</JSON>",0.7936507936507937,0.0230339048987079,0.2891133937018516,0.8638770580291748,0.8757469654083252,0.8523246645927429,0.5311025381088257,0.7936507936507937,0.023033904898707998,0.2891133937018516,0.8638770580291748,0.8757469654083252,0.8523246645927429,0.5311025381088257,0.0,1.0,0.8571428571428572,0.9513033628463745
"<DESC>현관 입구에는 중문을 시공하여 외부에서 들어오는 먼지와 공기를 차단하였습니다. 현관 바닥은 따뜻한 느낌의 그레이 컬러로 마감하였고, 조명으로 포인트를 주었습니다.</DESC>
<JSON>{""keywords"": [""현관"", ""중문"", ""그레이 컬러"", ""조명""], ""style"": [""모던"", ""미니멀리즘""], ""colors"": [""그레이"", ""화이트""], ""lighting"": [""따뜻한 톤"", ""부드러운 빛""], ""space"": [""입구"", ""공간""], ""furniture"": [], ""mood"": [""편안함"", ""깔끔함""], ""composition"": ""중앙이 개방된 구조"", ""camera_angle"": ""정면"", ""camera_params"": {""fov"": ""35mm"", ""aperture"": ""f/4"", ""iso"": ""100"", ""shutter"": ""1/60""}, ""negative"": []}</SJMP></SJMP>


<DESC>안방에는 침대를 배치하면서도 충분한 수납공간을 확보했습니다. 천장에 매립등과 간접조명으로 포인트를 주었고, 수납장 위에도 간접조명을 설치해서 아늑한 분위기를 연출했습니다. 안방 욕실엔 샤워 부스가 아닌 욕조를 설계해 편안한 휴식 시간을 가질 수 있도록 했습니다. 주방은 대면형 주방으로 설계하고 아일랜드 식탁 위로는 조명을 설치하여 요리하는 동안 가족들끼리 대화하며 식사할 수 있는 환경을 만들어주었습니다. 특히 부엌쪽 벽타일 대신 밝은 색의 타일을 사용해 따뜻하고 부드러운 이미지를 강조했습니다.</DESC>
<JSON,{""keywords"": [""안방"", ""침대"", ""수납공간"", ""천장"", ""간접조명"", ""샤워부스"", ""아일랜드 식탁"", ""부엌""], ""style"": [""아늑하고 편안]"", ""colors"": [""밝은 색"", ""흰색""], ""lighting"": [""부드러운 조명""], ""space"": [""욕실"", ""침실"", ""주방""], ""furniture"": [""책상"", ""의자""], ""mood"": [""휴식"", ""평화로운""], ""composition"": [""가족들이 함께 대화하는 모습"", ""식사 준비 중""], ""camera_angle"": [""위에서 내려다보는 각도""], ""camera_params"": {""fov"": ""50mm"", ""aperture"": ""f/3.5"", ""iso"": ""200"", ""shutter"": ""1/30""}}


<SDSP>: {""target"": ""[서울] 강남구 청담동 34평 모던하우스"", ""styles"": [""모던"", ""미니멀리스트"", ""클래식""], ""color"": [""파스텔톤"", ""중립적인 색상""], ""light","<DESC>신발은 편하게 신고 벗고 할 수 있는 현관 벤치장 으로 실용성을 UP 하부 행잉형 현관장으로 은은한 간접등 연출 가능한 구성 3인치 다운라이트 센서등으로 깔끔한 분위기 연출 화이트&우드 포인트에 맞는 라운드 프리미엄 스윙 중문 *주요시공 : 현관 벤치장, 한샘 라운드 프리미엄 스윙 중문 부드러운 곡선의 우물천장 에 다운라이트와 간접조명으로 구성함과 동시에 실링팬 을 같이 구성하였습니다. 시스템 에어컨 양쪽으로 다운라이트로 식탁등 대체하고 커튼박스 간접등으로 무드있는 분위기를 연출하였습니다 거실 확장소 쪽에는 식사 및 대화를 나눌 수 있는 공간으로 구성하고 기존 확장소 내력벽을 라운드 형태 로 시공하고 한쪽은 미가루버 로 포인트를 주었습니다. *주요시공 : 미가루버, 곡선 우물천장, 시스템 에어컨, 간접조명 깔끔한 화이트톤에 우드톤의 가구의 아늑함이 더해진 안방입니다. 침대 반대 한쪽 벽에는 빌트인 화장대와 붙박이장을 설치하여 수납에 부족함이 없도록 만들었습니다. 우드톤의 침대 프레임과 협탁, 라탄 조명을 더해 자연친화적인 안방으로 만들어드렸습니다. *주요시공 : 붙박이장, 빌트인 화장대,</DESC>
<JSON>{""keywords"": [""현관 벤치장"", ""하부 행잉형 현관장"", ""간접등"", ""다운라이트"", ""스윙 중문"", ""우물천장"", ""시스템 에어컨"", ""미가루버"", ""붙박이장"", ""빌트인 화장대""], ""style"": [""모던"", ""미니멀리즘""], ""colors"": [""화이트"", ""우드톤""], ""lighting"": [""간접조명"", ""다운라이트"", ""센서등""], ""space"": [""현관"", ""거실"", ""안방""], ""furniture"": [""벤치"", ""스윙 중문"", ""침대"", ""붙박이장"", ""화장대"", ""협탁"", ""라탄 조명""], ""mood"": [""아늑함"", ""깔끔함"", ""자연친화적""], ""composition"": ""현관, 거실, 안방이 조화롭게 구성된 공간"", ""camera_angle"": ""정면"", ""camera_params"": {""fov"": ""50mm"", ""aperture"": ""f/2.8"", ""iso"": ""100"", ""shutter"": ""1/60""}, ""negative"": []}</JSON>",0.5555555555555556,0.0613657686440764,0.3275844443241748,0.8705834150314331,0.8773542642593384,0.863916277885437,0.5686227083206177,0.5555555555555556,0.061365768644076495,0.3275844443241748,0.8705834150314331,0.8773542642593384,0.863916277885437,0.5686227083206177,0.0,0.0,0.0,0.26547566056251526
"<DESC>거실 확장 공사로 거실과 안방이 분리되어 있고 각 방의 수납장을 설치하였습니다. 기존에 있던 붙박이장은 철거하고 한샘 바스를 설치해 욕실도 더 넓어졌습니다. 안방은 화장대 겸 드레스룸입니다.</DESC>
<JSON>{""keywords"": [""거실"", ""안방"", ""욕실"", ""수납"", ""화장대""], ""style"": [""모던"", ""미니멀리즘""], ""colors"": [""화이트"", ""우드톤""], ""lighting"": [""자연광"", ""부드러운 조명""], ""space"": [""확장된 거실"", ""분리된 공간""], ""furniture"": [""붙박이장"", ""드레스룸"", ""화장대""], ""mood"": [""편안함"", ""깔끔한""], ""composition"": ""중앙 집중"", ""camera_angle"": ""정면"", ""camera_params"": {""fov"": ""50mm"", ""aperture"": ""F2.8"", ""iso"": ""100"", ""shutter"": ""1/60""}, ""negative"": []}</JSON></s>","<DESC>딥그린 색상으로 포인트를 준 현관공간 바닥은 북유럽풍 타일로 꾸며졌습니다. 매우얇은 프레임의 원도어 여닫이 중문으로 깔끔한 모습이 연출된 중문과 거실공간입니다. 화이트와 오크색상이 조화로운 거실공간입니다. 천장부분 등박스 간접조명으로 분위기를 더하고 환기가 잘 되도록 중앙부분 실링팬을 시공해 실용적인 부분을 더했습니다. 화이트톤의 가구와 짙은 그레이색상의 상판이 어우러진 부엌공간. 탄소필터형 아일랜드 후드를 설치해 포인트를 주었습니다. 목공가벽으로 공간을 나눠 침실과 드레스룸을 구분했습니다. 심플하고 깔끔한 안방욕실 팬던트 조명으로 포인트를 더했습니다. 딥그린 컬러의 수납장과 우드패턴 타일을 시공해 내추럴한 느낌이 더해진 베란다 공간입니다.</DESC>
<JSON>{""keywords"": [""현관"", ""거실"", ""부엌"", ""침실"", ""드레스룸"", ""욕실"", ""베란다""], ""style"": [""북유럽"", ""모던"", ""내추럴""], ""colors"": [""딥그린"", ""화이트"", ""오크"", ""짙은 그레이""], ""lighting"": [""간접조명"", ""팬던트 조명""], ""space"": [""현관공간"", ""거실공간"", ""부엌공간"", ""침실"", ""드레스룸"", ""욕실"", ""베란다""], ""furniture"": [""원도어 여닫이 중문"", ""화이트톤 가구"", ""탄소필터형 아일랜드 후드"", ""수납장""], ""mood"": [""심플"", ""깔끔"", ""실용적"", ""내추럴""], ""composition"": ""다양한 공간이 조화를 이루는 인테리어"", ""camera_angle"": ""wide shot"", ""camera_params"": {""fov"": ""24mm"", ""aperture"": ""f/4"", ""iso"": ""200"", ""shutter"": ""1/60""}, ""negative"": []}</JSON>",0.8070175438596492,0.0135108355398656,0.4710731102850061,0.8817334771156311,0.8995242118835449,0.8646328449249268,0.6198837757110596,0.8070175438596492,0.01351083553986561,0.4710731102850061,0.8817334771156311,0.8995242118835449,0.8646328449249268,0.6198837757110596,0.0,1.0,0.7916666666666667,0.9694229364395142
"<DESC>확장한 거실의 넓은 공간을 활용한 홈 카페를 만들어보세요! 집에 있는 시간이 길어질수록 더욱 필요한 공간입니다. 기존 안방과 현관 사이 통로는 드레스 룸 으로 변경했습니다. 붙박장이 아닌 슬라이딩 도어로 수납 효율도 높이고, 디자인적 요소까지 살려보았습니다.</DESC>
<JSON>{""keywords"": [""홈카페"", ""거실 확장"", ""슬라이딩 도어""], ""style"": [""모던"", ""미니멀리즘""], ""colors"": [""밝은 색상"", ""따뜻한 색조""], ""lighting"": [""자연광"", ""부드러운 조명""], ""space"": [""넓은 거실"", ""통로""], ""furniture"": [""소파"", ""테이블"", ""의자""], ""mood"":[""편안함"", ""휴식], ""composition"": ""[중앙] 소파와 테이블 [주변] 가구 배치"", ""camera_angle"": ""45도"", ""camera_params"": {""fov"": ""35mm"", ""aperture"": ""2.8"", ""iso"": ""100""}, ""negative"": []}</JSON></s>","<DESC>안방으로 들어가는 문은 히든도어로 벽과 일체화 되어보여 깔끔함을 더해주었습니다. 부엌입니다. 아일랜드식탁과 키큰장, 하부장, 상부장이 쭉 이어져 있어 통일되어 보이고 하늘색 색감이 부담스럽지 않게 포인트를 주었어요. 싱크대가 있는 곳은 한샘의 모듈장으로 창문이 없는 벽 쪽에 타일을 넣는 대신 모듈장으로 대체하시는 분들도 많습니다. 하늘색 수납장은 한샘 유로900의 아티잔 라인입니다. 흰색과 하늘색이 있어서 적절히 섞어주면 정말 화사한 주방이 되어요:) 드레스룸에는 바흐 수납장으로 설계했습니다. 붙박이장의 도어는 바흐만의 브론즈유리를 넣었습니다. 옷장 내부에 라인을 설치하여 밖에서 보셔도 안에 어떤것이 들어있는지 쉽게 확인하실 수 있습니다. 실제느낌은 이런 느낌입니다. 실제로 설치하시고 보시면 훨씬 고급지고 예뻐요. 안방욕실은 고급진 그레이색상과 화이트를 섞어 포인트가 되는 특별한 주방을 만들었습니다. 드레스룸엔 붙박이장을 한쪽 벽면에 설치했고, 반대편 벽엔 책장을 두어 책이나 장식품 같은 것들을 수납하실 수 있게 하였습니다.</DESC>
<JSON>{""keywords"": [""안방"", ""부엌"", ""드레스룸"", ""욕실"", ""수납장"", ""히든도어"", ""아일랜드식탁""], ""style"": [""모던"", ""미니멀리즘""], ""colors"": [""하늘색"", ""흰색"", ""그레이"", ""브론즈""], ""lighting"": [""자연광"", ""부드러운 조명""], ""space"": [""주방"", ""드레스룸"", ""욕실""], ""furniture"": [""아일랜드식탁"", ""키큰장"", ""하부장"", ""상부장"", ""붙박이장"", ""책장""], ""mood"": [""고급스러움"", ""화사함""], ""composition"": ""주방과 드레스룸이 연결된 구조로, 각 공간의 수납장과 가구가 조화롭게 배치되어 있음."", ""camera_angle"": ""정면"", ""camera_params"": {""fov"": ""35mm"", ""aperture"": ""f/4"", ""iso"": ""200"", ""shutter"": ""1/60""}, ""negative"": [""혼잡함"", ""어두운 색상""]}</JSON>",0.7777777777777779,0.0336121821162227,0.2761296820099849,0.8652055859565735,0.8769406080245972,0.8537805080413818,0.5933046340942383,0.7777777777777779,0.033612182116222765,0.2761296820099849,0.8652055859565735,0.8769406080245972,0.8537805080413818,0.5933046340942383,0.0,0.0,0.7727272727272727,0.9514623880386353
"<DESC>바닥 : 슈퍼 화이트 - 매트 마감으로 깔끔한 바닥이 완성되었습니다.</DESC>
<JSON>{""keywords"": [""매트"", ""깔끔""], ""style"": [""모던""], ""colors"": [""흰색"", ""파란색""], ""lighting"": [""자연광"", ""부드러운 조명""], ""space"": [""거실""], ""furniture"": [""소파"", ""테이블"", ""의자""], ""mood"": [""편안함"", ""세련됨""], ""composition"": ""균형 잡힌 배치"", ""camera_angle"": ""정면"", ""camera_params"": {""fov"": ""50mm"", ""aperture"": ""F2.8"", ""iso"": ""200""}, ""negative"": []}</JSON></s>","<DESC>현장  소개 - 주거형태/평수: 빌라 /24평 오늘 소개해드릴  공간은 심플하고 미니멀한 디자인컨셉의 24평형 빌라입니다. 설계포인트! ① 현관앞 아치게이트설계 (벽면 쨍한 컬러의 액자를 설치 예정) ② 자녀방 확장 + 단열 보다 효율적으로 공간활용 - 공사기간: 4주 - 가족 구성: 3인 가족 주요  자재 - 바닥재: 2.2t 한샘휴장판 - 벽, 천정:  실크도배 리모델링  포인트 - 심플 모던한 화이트컨셉에 간접조명으로 무드 연출 현관 화이트 카라라패턴타일을 사용해 좁은 현관을 조금 넓어보이게 설계했습니다. 현관 및 중문도 화이트 톤으로 맞추어 넣고 골드포인트의 귀여운 풍선조명으로 포인트줬습니다. 거실 심플미니멀한 화이트 공간에 내추럴오크톤바닥재로 아늑한 공간연출 작은방 샤시상부에 매립 간접조명을 나란히 설치하여 무드등으로 활용할 수 있게 설계했습니다.</DESC>
<JSON>{""keywords"": [""빌라"", ""미니멀"", ""심플"", ""화이트"", ""자녀방"", ""간접조명""], ""style"": [""모던"", ""미니멀리즘""], ""colors"": [""화이트"", ""골드"", ""내추럴 오크""], ""lighting"": [""간접조명"", ""무드 조명""], ""space"": [""현관"", ""거실"", ""자녀방""], ""furniture"": [""풍선조명"", ""액자""], ""mood"": [""아늑함"", ""편안함""], ""composition"": ""심플하고 미니멀한 디자인의 공간"", ""camera_angle"": ""정면"", ""camera_params"": {""fov"": ""50mm"", ""aperture"": ""f/2.8"", ""iso"": ""100"", ""shutter"": ""1/60""}, ""negative"": []}</JSON>",0.7457627118644068,0.0162391235056694,0.3966586002559955,0.8769478797912598,0.904145121574402,0.8513391613960266,0.218320220708847,0.7457627118644068,0.016239123505669462,0.3966586002559955,0.8769478797912598,0.9041451215744019,0.8513391613960266,0.21832022070884705,0.0,1.0,0.8181818181818182,0.9377111792564392
"<DESC>현관 신발은 깔끔하게 수납할 수 있는 슬라이딩 중문과 키 큰 장이 포인트로 들어가있습니다! 현관에는 벽부등으로 은은한 분위기를 더했습니다. 욕실은 샤워부스가 없는 구조입니다. 하지만 매트화이트 컬러의 욕조와 거울을 배치하여 깔끔하고 모던하게 연출했어요. 붙박이장이 아닌 파우더장을 설치하여 넓은 수납공간 확보 및 드레스룸 활용 가능! 안방은 벽면 전체를 한샘 바흐 브라운 월 플러스로 마감해 고급스러운 느낌을 주었습니다.</DESC>
<JSON>{""keywords"": [""현관"", ""욕실"", ""안방""], ""style"": [""모던"", ""고급스러운""], ""colors"": [""매트화이트"", ""갈색""], ""lighting"": [""벽부등"", ""부드러운 조명""], ""space"": [""개방감 있는 구조""], ""furniture"": [""슬라이딩 중문"", ""키 높은 장"", ""욕조"", ""거울"", ""파우더장""], ""mood"": [""깔끔하고 세련된"", ""편안한""], ""composition"": ""중앙 집중"", ""camera_angle"": ""정면"", ""camera_params"": {""fov"": ""50mm"", ""aperture"": ""f/4"", ""iso"": ""100"", ""shutter_speed"": ""1/60""}, ""negative"": []}</JSON></s>","<DESC>거실은 확장이 없이도 충분히 넓은공간이라 확장공사는 진행하지않았습니다. 기존의 우물천장을 없애고 얇은 메인등과 매립등을 활용해 개방감을 강조했습니다. 바닥은 화이트 오크 컬러의 강마루를 시공하고 벽지는 화이트에 그레이느낌이 드는 벽지를 활용 군더더기 없이 심플하고 넓어 보이는 느낌을 주었습니다. 기존의 협소했던 드레스룸 공간은 파우더룸으로 변경하고 안방을 가벽을 활용해 공간분리를 해 드레스룸을 만들었습니다. 간접조명으로 은은하고 고급스러운 분위기를 만들어내고 있습니다. 침대 뒤에는 월플러스 배수브라이트 제품을 배치해 더욱 고급스러운 분위기를 형성했습니다. 고객님의 여성 자녀분을 위해 조성한 공간입니다. 화이트톤의 무드를 유지하고 소품 등의 컬러포인트로 공간을 마감했습니다. 학업 공간으로도 사용되기 때문에 주광색 메인등을 배치해 활용하게 해드렸습니다. 침대 헤드 부분에 서랍장을 배치해 부족한 수납을 보완하였습니다. 덕분에 공간을 분리해주는 효과까지 낼 수 있었습니다.</DESC>
<JSON>{""keywords"": [""거실"", ""드레스룸"", ""파우더룸"", ""침대"", ""조명"", ""공간분리""], ""style"": [""모던"", ""심플""], ""colors"": [""화이트"", ""그레이"", ""화이트 오크""], ""lighting"": [""간접조명"", ""주광색"", ""메인등""], ""space"": [""넓은 공간"", ""개방감""], ""furniture"": [""침대"", ""서랍장"", ""월플러스 배수브라이트""], ""mood"": [""고급스러운"", ""은은한"", ""여성적인""], ""composition"": ""심플하고 넓어 보이는 구성"", ""camera_angle"": ""정면"", ""camera_params"": {""fov"": ""50"", ""aperture"": ""2.8"", ""iso"": ""100"", ""shutter"": ""1/60""}, ""negative"": []}</JSON>",0.8571428571428572,0.0252457012748718,0.5212966152028881,0.8980752825737,0.9053487181663512,0.8909177780151367,0.6989184617996216,0.8571428571428572,0.025245701274871878,0.5212966152028881,0.8980752825737,0.9053487181663513,0.8909177780151367,0.6989184617996216,0.0,1.0,0.851063829787234,0.9613510966300964
"<DESC>거실 확장을 통한 넓은 구조로 가족이 모일 수 있는 공간으로 활용하실 수 있도록 설계하였습니다. 기존에 사용하던 소파를 철거하고 한샘 프리미엄 소파인 '루체' 로 변경했습니다. 루체의 경우 가죽색상은 기본 컬러 외에도 다양한 색상 선택이 가능합니다.</DESC>
<JSON>{""keywords"": [""거실"", ""가족 모임"", ""넓은 공간""], ""style"": [""모던"", ""미니멀리즘""], ""colors"": [""화이트"", ""그레이"", ""브라운""], ""lighting"": [""자연광"", ""부드러운 조명""], ""space"":[""거실장"", ""주방"", ""식사 공간""], ""furniture"": [""소파"", ""테이블""], ""mood"":[""편안함"", ""친근함""], ""composition"": ""중앙에 테이블과 소파가 배치된 형태"", ""camera_angle"": ""정면"", ""camera_params"": {""fov"": ""50mm"", ""aperture"": ""f/2.8"", ""iso"": ""100"", ""shutter"": ""1/60""}, ""negative"": []}</JSON></s>","<DESC>아이가 태어나면서 가족이 늘어나게 되면 집안의 분위기와 구성도 바꿔야 겠지요. 가족 수가 늘어난 만큼 수납도 더 필요하고 방의 용도도 달라져야 합니다. 이번에 소개해 드릴 엄궁동 롯데캐슬아파트는 어린 아기가 있는 부부의 집입니다. 어린아기와 함께 하는 부부의 집 구경해 보세요!! 안방에는 범퍼침대를 설치합니다. 주로 아기가 잠을 자는 공간이므로 직부등없이 간접등으로 포근하고 아늑한 느낌을 줍니다. 진하고 차분한 올리브색 벽지도 한몫하겠지요.</DESC>
<JSON>{""keywords"": [""가족"", ""어린 아기"", ""수납"", ""안방"", ""범퍼침대""], ""style"": [""모던"", ""아늑한""], ""colors"": [""올리브색"", ""중성색""], ""lighting"": [""간접등"", ""포근한""], ""space"": [""안방"", ""거실""], ""furniture"": [""범퍼침대"", ""소파"", ""수납장""], ""mood"": [""편안함"", ""안락함""], ""composition"": ""가족이 함께하는 공간으로 구성된 안방과 거실"", ""camera_angle"": ""정면"", ""camera_params"": {""fov"": ""50mm"", ""aperture"": ""f/2.8"", ""iso"": ""400"", ""shutter"": ""1/60""}, ""negative"": [""혼잡한"", ""어두운""]}</JSON>",0.9473684210526316,0.0870723707452095,0.4684931048224103,0.9018123745918274,0.9095640182495116,0.8941917419433594,0.3791157603263855,0.9473684210526316,0.08707237074520954,0.46849310482241036,0.9018123745918274,0.9095640182495117,0.8941917419433594,0.3791157603263855,0.0,1.0,0.9583333333333334,0.9392826557159424
"<DESC>현관에는 한샘의 휴플로어로 포인트를 주었습니다! 기존 바닥 타일이 오래되어 교체가 필요했지만, 동시에 현관은 외부와 가장 먼저 만나는 공간인 만큼 위생적인 측면도 중요했는데요~! 거실과 같은 톤으로 맞춘 우드 필름 도어로 포인트를 주어 모던하면서 따뜻한 느낌을 줄 수 있도록 했습니다. 안방 침실입니다. 최근 트렌드인 드레스 룸을 만들어드렸습니다 :) 방 안에도 붙박이장이 있지만, 집 정리하기 좋아하시는 분들께서는 꼭 필요한 수납 시스템이라고 생각해요. 또 침대 맞은편 벽면에 벽걸이 에어컨 설치를 제안드렸고요~!. 욕실 입니다:) 요즘 대세는 바로 욕조죠?! 샤워부스만 있는 구조보다는 욕조까지 있어 아이들 목욕 시키기도 편하고, 물때 걱정 없이 사용하실 수 있습니다. 안방 화장실 옆 작은방인데요, 이 곳은 서재 및 오피스로 활용하시면 좋을 것 같습니다!</DESC>
<JSON>{""keywords"": [""거실"", ""안방"", ""욕실"", ""작은방""], ""style"": [""모던"", ""따뜻한"", ""위생적""], ""colors"": [""나무색"", ""밝은 색상""], ""lighting"": [""자연광"", ""부드러운 조명""], ""space"": [""거실"", ""안방"", ""욕실"", ""작은방""], ""furniture"": [""침대"", ""수납장"", ""벽걸이 에어컨"", ""샤워 부스"", ""발코니""],
""Mood"": ""편안함"", ""Time"": ""현대"", ""Place"": ""아파트""}
</JSON></s>","<DESC>현관 중문 : 한샘 프리미엄 슬라이딩 중문 (화이트) 수납 : 한샘 무드화이트 현관장 (행잉형) 드레스룸 시스템장 : 한샘 바흐 W 시스템장(화이트) 붙방이장 : 한샘 무드화이트 붙박이장 , 빌트인 화장대 공용욕실 휴판넬 : 샌드스톤베이지,콘크리트 그레이 휴플로어 : 카고베이지</DESC>
<JSON>{""keywords"": [""현관"", ""중문"", ""수납"", ""드레스룸"", ""욕실""], ""style"": [""모던"", ""미니멀리즘""], ""colors"": [""화이트"", ""베이지"", ""그레이""], ""lighting"": [""자연광"", ""부드러운 조명""], ""space"": [""현관"", ""드레스룸"", ""욕실""], ""furniture"": [""슬라이딩 중문"", ""행잉형 현관장"", ""시스템장"", ""붙박이장"", ""화장대""], ""mood"": [""편안함"", ""세련됨""], ""composition"": ""중심에 슬라이딩 중문이 위치하고, 양옆에 수납 가구가 배치된 구조"", ""camera_angle"": ""정면"", ""camera_params"": {""fov"": ""35mm"", ""aperture"": ""f/4"", ""iso"": ""200"", ""shutter"": ""1/60""}, ""negative"": []}</JSON>",0.5238095238095237,0.0312255719784086,0.3057649159398305,0.8653822541236877,0.8583301901817322,0.8725512623786926,0.2719231843948364,0.5238095238095237,0.03122557197840861,0.3057649159398305,0.8653822541236877,0.8583301901817322,0.8725512623786926,0.2719231843948364,0.0,0.6,0.43750000000000006,0.9752503037452698
"<DESC>고객님께서 요청하셨던 포인트는 거실의 확장이 아닌 작은 발코니를 활용한 캠핑 느낌을 살린 디자인이었습니다! 우선 주방은 우드톤으로 내추럴한 분위기로 연출하였고 다이닝 테이블과 원형식탁을 배치해 식탁에서도 식사와 대화가 가능한 구조입니다^^ 또한 넓은 안방에 시스템 행거를 배치하여 수납력을 높였고 드레스룸에도 오픈형과 낮은 높이의 행거의 조합을 통해 깔끔한 스타일링이 가능합니다~ 욕실의 경우 심플한 화이트 톤으로 설계되었고 거울 하부장과 욕조로 편안한 휴식을 취할 수 있습니다.</DESC>
<JSON>{""keywords"": [""거실"", ""주방"", ""안방"", ""욕실""], ""style"": [""내추럴"", ""모던""], ""colors"": [""나무색"", ""흰색""], ""lighting"": [""자연광"", ""부드러운 조명""], ""space"": [""작은 발코니"", ""다이닝 공간""], ""furniture"": [""식탁"", ""원형식탁"", ""시스템 행거""], ""mood"": [""편안함"", ""아늑함""], ""composition"": ""거실 중앙에 다이닝 테이블 배치, 침실에 시스템 행거 설치"", ""camera_angle"": ""정면"", ""camera_params"": {""fov"": ""35mm"", ""aperture"": ""f/2.8"", ""iso"": ""100"", ""shutter_speed"": ""1/60""}, ""negative"": []}</JSON></s>","<DESC>주방 주방은 기존 ㄷ자 아일랜드형 주방으로 공간 차지를 많이하고 냉장고와 식탁 공간이 나오지 않아서 뒷발코니에 냉장고를 두고 ㄱ자 구조로 바꾸면서 원형 식탁을 둬서 넓고 깔끔한 구조로 설계했습니다. 한샘 유로 200 루체 오크 와 루체 화이트 의 조화로 따뜻하고 미니멀한 느낌 으로 시공했습니다. *주요 시공: ㄱ자 구조 변경, 냉장고 이동, 식탁 공간 확보 빌트인 & 드레스룸 붙박이장과 드레스룸 둘중 하나를 선택해야 된다는 고정 관념이 계신 고객님들을 위한 인테리어 tip 입니다! 안방에 화장대와 수납장을 두실 공간이나 또는 디자인적으로 따로 안맞는 듯한 느낌때문에 고민이신 분들에게 추천드립니다! 안방에 화장대와 TV장을 빌트인 으로 연계해 설계하고 TV장 좌우로 붙박이장 수납 공간으로 자주 입지 않는 옷들은 내부가 안보이는 붙박이장 안에 보관할수 있게 했고, 드레스룸에는 온가족이 사용할수있는 기본 짧은장과, 긴옷장, 선반형으로 구성 했습니다. 고객님의 니즈와 가족 구성원에 따라 내부 구성은 변경 가능 합니다.</DESC>
<JSON>{""keywords"": [""주방"", ""ㄷ자 아일랜드형"", ""ㄱ자 구조"", ""원형 식탁"", ""빌트인"", ""드레스룸""], ""style"": [""미니멀"", ""따뜻한""], ""colors"": [""오크"", ""화이트""], ""lighting"": [""자연광"", ""부드러운 조명""], ""space"": [""주방"", ""안방"", ""드레스룸""], ""furniture"": [""냉장고"", ""식탁"", ""화장대"", ""TV장"", ""붙박이장""], ""mood"": [""편안함"", ""깔끔함""], ""composition"": ""주방과 안방이 연결된 구조로, ㄱ자 형태의 주방과 원형 식탁이 중심에 배치됨."", ""camera_angle"": ""45도"", ""camera_params"": {""fov"": ""35mm"", ""aperture"": ""f/4"", ""iso"": ""200"", ""shutter"": ""1/60""}, ""negative"": [""혼잡한"", ""어수선한""]}</JSON>",0.7936507936507938,0.0360628356990189,0.346634564693313,0.8792126178741455,0.887803316116333,0.8707865476608276,0.7096503973007202,0.7936507936507938,0.03606283569901893,0.34663456469331305,0.8792126178741455,0.887803316116333,0.8707865476608276,0.7096503973007202,0.0,1.0,0.8399999999999999,0.9601773023605347
"<DESC>주방은 주방의 동선과 구조에 맞게 한샘 키친바흐 오트 화이트를 시공하여 깔끔한 분위기 연출하였습니다. 거실은 기존 안방을 확장하여 공용욕실과 함께 설계하였으며, 침실에서는 침대와 화장대로 구성된 시스템 침대로 구성했습니다.</DESC>
<JSON>{""keywords"": [""주방"", ""거실"", ""공용욕실"", "" Bedrooms "", ""System bed""], ""style"": [""Modern"", ""Minimalist""], ""colors"": [""White"", ""Oat White""], ""lighting"": [""Natural light"", ""Soft lighting""], ""space"": [""Kitchen"", ""Living room"", ""Common bathroom"", ""Bedrooms""], ""furniture"": [""Kitchen faucet"", ""Sofas"", ""Tables"", ""Paintings""], ""mood"": [""Clean"", ""Elegant"", ""Comfortable""], ""composition"": ""Symmetric layout with a focus on simplicity"", ""camera_angle"": ""90 degrees"", ""camera_params"": {""fov"": ""35mm"", ""aperture"": ""F2.8"", ""iso"": ""200"", ""shutter"": ""1/60""}, ""negative"": []}</JSON></s>","<DESC>기능성 헤드레스트 제품들과 다르게 소파와 벽 사이에 추가적인 공간 확보가 필요하지 않습니다! 또한, 하단 프레임 양 끝부분에 사선 디자인을 주어 우아하고 세련 된 이미지를 연출합니다. 세련된 스틸 다릿발은 높이 15cm로 로봇 청소기 사용 도 가능하다니...! 더군다나, 국내에서 볼 수 없는 베이지 톤 디자인으로 따뜻한 "" 내추럴 감성 "" 과 너무 잘 어울리지 않나요? 20평형대 고객님들이 가장 고민하는 거 잘 알죠! 붙박이장을 둘까? 침대만 둘까? 고민은 한샘 "" 빌트인 침대장 "" 으로 해결하세요! 좁은 공간을 가장 효율적으로 활용할 수 있는 구성입니다. 붙박이장과 침대를 한쪽에 구성하여 반대쪽에는 서랍장이나 화장대, TV도 두실 수 있어요. 붙박이장을 두고도 침대를 두고 그 앞에 서랍장까지 고민하시던 수납은 모두 해결할 수 있겠죠? 신규 입주하시는 부모님들이 가장 많이 하시는 고민! ""책상, 침대, 옷장까지 한 방에 다 넣을 수 있냐요?"" ""네네! 가능합니다!"" 다양한 배치가 가능하지만 고등 자녀임을 고려해 의자 사용이 편하도록 배치해 보았어요! 독서실, 스터디 카페에서 공부도 많이 하겠지만, 자기 방에서 공부 시간도 중요하죠? 1400사이즈의 넉넉한 "" PLEX 책상"" 으로 공부 가능하고요! 옷장과 붙어있는 5단 엔드장, ㄱ자 배치로 창문을 가리지 않는 최대한의 책장 배치로 수납도 문제없습니다! PLEX 슬라이딩 옷장으로 앞 공간까지 제안 없이 옷을 스스로 관리 가능해요! 20살이 넘어가면 아이 방에 필요한 것들도 많이 바뀌실 거예요! 책상보다는 화장대를 선호하고 옷들이 많아지죠! ""스튜디오 플랩 화장대""는 닫혀있을 때, 책상처럼 열었을 때 화장대로 다양하게 사용 가능합니다! 800사이즈로 서랍장까지 구성해도 문을 막지 않아요! 작은방 안에 침대, 붙박이장을 넣으면 다른 가구는 넣을 수 없을 정도로 방이 꽉꽉 차요. 이를 해결하는 방법은 ""한샘 드레스룸!"" 오픈형 행거는 깊이가 40CM로 공간을 많이 차지하지 않고요! 옷을 바로바로 꺼내 쓸 수 있다는 장점도 있어요! 구성도 선반, 옷걸이 봉, 서랍 원하는 대로 구성 가능합니다!</DESC>
<JSON>{""keywords"": [""소파"", ""붙박이장"", ""침대"", ""서랍장"", ""화장대"", ""책상"", ""드레스룸""], ""style"": [""모던"", ""미니멀리즘""], ""colors"": [""베이지"", ""내추럴""], ""lighting"": [""자연광"", ""부드러운 조명""], ""space"": [""20평형대"", ""좁은 공간""], ""furniture"": [""소파"", ""붙박이장"", ""침대"", ""서랍장"", ""화장대"", ""책상"", ""드레스룸""], ""mood"": [""편안함"", ""우아함"", ""세련됨""], ""composition"": ""소파와 붙박이장이 한쪽에 배치되고, 침대와 서랍장이 반대쪽에 배치된 구조"", ""camera_angle"": ""정면"", ""camera_params"": {""fov"": ""35mm"", ""aperture"": ""f/4"", ""iso"": ""200"", ""shutter"": ""1/60""}, ""negative"": [""혼잡한 공간"", ""어지러운 배치""]}</JSON>",0.4950495049504951,0.0060367993519342,0.2412746759450226,0.8029385209083557,0.7999405264854431,0.8059592247009277,0.3711943328380584,0.4950495049504951,0.006036799351934284,0.24127467594502267,0.8029385209083557,0.7999405264854431,0.8059592247009277,0.37119433283805847,0.0,1.0,0.5121951219512195,0.9213802218437195
"<DESC>거실은 가족이 함께 보내는 시간을 보낼 수 있는 곳으로 디자인해드렸습니다! 현관에서 거실로 이어지는 복도를 길게 내어주어 답답한 느낌 없이 개방감 있게 설계했습니다. 그리고 벽에는 심플한 화이트 벽지와 베이지 컬러의 타일을 시공하여 깔끔한 분위기를 연출하였습니다. 소파도 화이트 색상과 비슷한 톤으로 매칭해주었습니다.</DESC>
<JSON>{""keywords"": [""현관"", ""복도"", ""거실"", ""화이트"", ""베이지""], ""style"": [""모던"", ""미니멀리즘""], ""colors"": [""흰색"", ""베이직 컬러""], ""lighting"": [""자연광"", ""부드러운 조명""], ""space"": [""개방형 구조""], ""furniture"": [""소파"", ""테이블""], ""mood"": [""편안함"", ""깔끔함""], ""composition"": ""넓은 복도와 연결된 개방형 거실 구성"", ""camera_angle"": ""정면"", ""camera_params"": {""fov"": ""50mm"", ""aperture"": ""f/4"", ""iso"": ""100"", ""shutter"": ""1/60""}, ""negative"": []}</JSON></s>","<DESC>웨인스 코팅 디자인의 벽면이 클래식한 정체성을 잊지 않도록 상키시켜 주는 거실 인테리어 입니다.</DESC>
<JSON>{""keywords"": [""웨인스 코팅"", ""클래식"", ""거실"", ""인테리어""], ""style"": [""클래식"", ""전통적""], ""colors"": [""화이트"", ""베이지"", ""브라운""], ""lighting"": [""따뜻한 조명"", ""간접 조명""], ""space"": [""거실""], ""furniture"": [""소파"", ""커피 테이블"", ""책장""], ""mood"": [""아늑한"", ""우아한""], ""composition"": ""중앙에 소파와 커피 테이블이 배치된 거실"", ""camera_angle"": ""정면"", ""camera_params"": {""fov"": ""50mm"", ""aperture"": ""f/2.8"", ""iso"": ""100"", ""shutter"": ""1/60""}, ""negative"": [""현대적인"", ""미니멀리즘""]}</JSON>",0.9285714285714286,0.1148096657408978,0.5743189375183989,0.921213686466217,0.913727045059204,0.9288240671157836,0.6826437711715698,0.9285714285714286,0.11480966574089782,0.5743189375183989,0.921213686466217,0.9137270450592041,0.9288240671157837,0.6826437711715698,0.0,1.0,0.9361702127659574,0.9726735949516296
"<DESC>집을 넓게 쓰는 방법! - 현관에서부터 넓은 구조를 활용해 보세요 :) * 현관의 확장으로 더 넓어진 느낌과 함께 신발수납공간까지 확보! * 붙박이장은 하부 띄워서 수납활용을 극대화하였습니다!</DESC>
<JSON>{""keywords"": [""확장"", ""신발수납"", ""넓은 구조""], ""style"": [""모던"", ""미니멀리즘""], ""colors"": [""흰색"", ""밝은 색상""], ""lighting"": [""자연광"", ""부드러운 조명""], ""space"": [""현관"", ""주택""], ""furniture"": [""붙박이장"", ""소파""], ""mood"": [""편안함"", ""활기찬""], ""composition"": ""현관이 강조된 구성"", ""camera_angle"": ""정면"", ""camera_params"": {""fov"": ""50mm"", ""aperture"": ""f/4"", ""iso"": ""200"", ""shutter"": ""1/60""}, ""negative"": []}</JSON></s>","<DESC>소형평수는 화이트톤으로 갔을때 가장 시원시원하고 넓어 보이는 효과를 낼 수 있습니다. 한샘의 유로등급 주방인 루체화이트로 설계한 주방의 모습입니다 ^^ 유로 루체등급의 장점은 기존의 실버톤으로 고정 된 걸레받이와 찬넬을 도어색과 동일한 색상으로 디자인이 가능하다는 장점이 있습니다!</DESC>
<JSON>{""keywords"": [""소형평수"", ""화이트톤"", ""주방"", ""유로등급"", ""루체화이트""], ""style"": [""모던"", ""미니멀리즘""], ""colors"": [""화이트"", ""실버""], ""lighting"": [""자연광"", ""부드러운 조명""], ""space"": [""주방""], ""furniture"": [""주방가구"", ""찬넬"", ""걸레받이""], ""mood"": [""시원한"", ""넓어 보이는""], ""composition"": ""주방의 전경을 중심으로 구성"", ""camera_angle"": ""정면"", ""camera_params"": {""fov"": ""35mm"", ""aperture"": ""f/4"", ""iso"": ""200"", ""shutter"": ""1/60""}, ""negative"": []}</JSON>",0.9454545454545454,0.1910424710617963,0.7332683648025192,0.9183108806610109,0.9260637164115906,0.9106867909431458,0.6393027901649475,0.9454545454545454,0.1910424710617963,0.7332683648025192,0.9183108806610107,0.9260637164115906,0.9106867909431458,0.6393027901649475,0.0,1.0,0.9565217391304348,0.9503819942474365
"<DESC>거실 안방 욕실 주방 현관</DESC>
<JSON>{""keywords"": [""거실"", ""안방"", ""욕실"", ""주방"", ""현관""], ""style"": [""모던"", ""미니멀리즘""], ""colors"": [""흰색"", ""중립톤"", ""부드러운 색조""], ""lighting"": [""자연광 활용"", ""따뜻한 조명""], ""space"": [""넓은 공간"", ""개방적인 구조""], ""furniture"": [""소파"", ""테이블"", ""의자""], ""mood"": [""편안함"", ""아늑함""], ""composition"": ""균형 잡힌 배치와 간결한 디자인"", ""camera_angle"": ""정면"", ""camera_params"": {""fov"": ""35mm"", ""aperture"": ""F2.8"", ""iso"": ""200"", ""shutter"": ""1/60""}, ""negative"": []}</JSON></s>","<DESC>[드레스룸 시공 제품명] - 장판: 3.5t 테라그레이 - 시스템장 모델: 바흐그레이 드레스룸은 답답해보이지 않도록 11자 형태로 설계하고, 가운데에는 가방을 수납할 수 있는 오픈장을 넣어드렸습니다. 한샘의 바흐드레스장은 리얼 우드 느낌의 엠보 PP  표면재를 사용한 프리미엄 제품으로, 다양한 옵션이 있기 때문에 고객님들이 원하는 드레스룸을 연출할 수 있습니다!</DESC>
<JSON>{""keywords"": [""드레스룸"", ""장판"", ""시스템장"", ""오픈장"", ""가방 수납""], ""style"": [""모던"", ""프리미엄""], ""colors"": [""테라그레이"", ""그레이"", ""우드""], ""lighting"": [""자연광"", ""부드러운 조명""], ""space"": [""11자 형태"", ""넓은 공간""], ""furniture"": [""바흐그레이 드레스룸"", ""오픈장""], ""mood"": [""편안함"", ""세련됨""], ""composition"": ""중앙에 오픈장이 있는 11자 형태의 드레스룸"", ""camera_angle"": ""정면"", ""camera_params"": {""fov"": ""50mm"", ""aperture"": ""f/2.8"", ""iso"": ""200"", ""shutter"": ""1/60""}, ""negative"": [""어수선한"", ""어두운"", ""좁은 공간""]}</JSON>",0.806451612903226,0.0648380951051342,0.4519041701088964,0.9022651314735411,0.9215272665023804,0.8837918043136597,0.4198064804077148,0.806451612903226,0.06483809510513422,0.45190417010889644,0.9022651314735413,0.9215272665023804,0.8837918043136597,0.41980648040771484,0.0,1.0,0.8571428571428572,0.9491432905197144
"<DESC>현관 - 현관은 한샘의 인기상품인 그레이톤의 붙박이장과 미러 중문을 설치하였습니다. 특히 거울이 들어간 중문으로 내부가 보이는 효과와 더불어 수납기능까지 함께 사용할 수 있습니다. 거실 - 안방 드레스룸에는 홈카페를 위한 아일랜드 식탁 및 라인 조명 을 설치하여 분위기 있는 공간을 연출했습니다.</DESC>
<JSON>{""keywords"": [""현관"", ""거실"", ""드레스룸""], ""style"": [""모던"", ""미니멀리즘""], ""colors"": [""그레이"", ""화이트""], ""lighting"": [""자연광"", ""부드러운 조명""], ""space"": [""개방적인"", ""편안한""], ""furniture"": [""붙박이장"", ""아일랜드 식탁"", ""미러 중문""], ""mood"": [""아늑함"", ""세련됨""], ""composition"": ""출입하는 동선이 확보된 구조"", ""camera_angle"": ""정면"", ""camera_params"": {""fov"": ""35mm"", ""aperture"": ""f/4"", ""iso"": ""200"", ""shutter"": ""1/60""}, ""negative"": []}</JSON></s>","<DESC># 유로 키친 ( EURO 700 ) 한샘의 고급형 주방 라인업 유로700 그레이드의 제품으로 주방을 설계하였습니다. 경첩 등 하드웨어는 오스트리아 '블룸'사의 경첩이 적용되며, 도어의 코어 소재는 한샘이 자체 개발한 '허니컴보드'가 적용되어 있습니다. ※ 허니콤보드 통나무 중심부의 가장 단단한 '심재'부분만을 추출하여 벌집 모양으로 가공한 단단하고 가벼운 고급 도어 자재. # 엔지니어드스톤 일반 인조대리석과 달리 97%의 진짜 석영이 사용되어 내구성과 내오염성이 일반 인조대리석 상판에 비해 월등히 높으며 화려한 패턴과 고급스러운 질감이 돋보이는 상판입니다.</DESC>
<JSON>{""keywords"": [""유로 키친"", ""고급형 주방"", ""한샘"", ""블룸 경첩"", ""허니컴보드"", ""엔지니어드스톤"", ""인조대리석"", ""석영""], ""style"": [""모던"", ""고급스러움""], ""colors"": [""그레이"", ""화이트"", ""블랙""], ""lighting"": [""자연광"", ""부드러운 조명""], ""space"": [""주방""], ""furniture"": [""주방 가구"", ""상판"", ""수납장""], ""mood"": [""세련됨"", ""편안함""], ""composition"": ""주방 공간의 전체적인 배치와 가구의 조화"", ""camera_angle"": ""45도"", ""camera_params"": {""fov"": ""35mm"", ""aperture"": ""f/2.8"", ""iso"": ""200"", ""shutter"": ""1/60""}, ""negative"": [""어수선한 배경"", ""어두운 조명""]}</JSON>",0.8524590163934426,0.0775808194067948,0.4079710240428609,0.8918792605400085,0.9051225781440736,0.8790178298950195,0.5254407525062561,0.8524590163934426,0.07758081940679483,0.40797102404286095,0.8918792605400085,0.9051225781440735,0.8790178298950195,0.5254407525062561,0.0,1.0,0.9166666666666666,0.9523911476135254
"<DESC>지금까지 29평 한샘 인테리어를 살펴보았는데요~! 오늘의 키워드는 바로 '기본' 입니다. 집을 꾸밀 때 가장 중요한 포인트는 무엇일까요? 바로 가구와 조명입니다! 이번 현장은 한샘 키친플러스의 무드 4가지 중에서도 우드 톤의 무드 2 를 선택했는데요~!? 주방과 욕실은 각각 다른 느낌으로 연출해보았습니다 :) 그럼 지금부터 자세히 보여드릴게요!</DESC>
<JSON>{""keywords"": [""가구"", ""조명""], ""style"": [""모던"", ""미니멀리즘""], ""colors"": [""우드톤"", ""중립색""], ""lighting"": [""자연광"", ""부드러운 조명""], ""space"": ["" kitchens "", ""bathrooms""], ""furniture"": [""kitchen furniture"", ""living room furniture""], ""mood"": [""serene"", ""comfortable""]}</JSON></s>","<DESC>˙ 주방 ㄱ자 형태의 주방에 아일랜드를 통해 동선의 편리함과 대면형 부엌의 장점을 살린 설계입니다. 한샘 무드 식탁을 설치해 부엌의 상판과 도어컬러를 동일하게 맞추어 일체감있는 주방 설계를 중점으로 두었고 소형 화이트타일을 부착해 아기자기함과 러블리함을 계획하였습니다. 부엌샷시 상단에 거실과 마찬가지로 간접조명을 통해 거실에서 바라보았을 때의 연결성 또한 느낄 수 있으며 이로인해 집이 더욱 넓어보이는 효과를 연출했습니다. 비스포크 냉장고와 김치냉장고를 구매하셔서 면이 깔끔하게 정리되도록 비스포크용 냉장고장을 설치해드렸고 기밀성과 단열이 뛰어난 한샘 유로 터닝도어를 시공해 부엌 다용도실에서 들어오는 외풍과 소음을 효과적으로 차단해드렸습니다. *주요시공 : ㄱ자 주방, 아일랜드, 한샘 무드식탁, 빌트인 인덕션, 비스포크 냉장고장, 간접조명, 터닝도어, 부엌샷시, 2도어 키큰장 ˙ 주방 다용도실 주방 다용도실은 보조주방 겸 세탁실로 활용할 수 있도록 설계했습니다. 주방과 연결되는 부분에 터닝도어를 설치해 들어오는 외풍을 효과적으로 막아줄 수 있도록 하였고 불투명 유리를 통해 다용도실 내부가 직접적으로 보이지 않게 계획하였습니다. 한샘 세탁바스켓장을 하단에 설치해 빨래를 구분하실 때 편리하게 이용이 가능하도록 의도했고 밑장에 세탁용품을 보관하시거나 세탁용품의 양이 많지않으실 경우, 자주 사용하지않는 주방용품들도 보관이 가능하도록 하였습니다. *주요시공 : 터닝도어, 세탁바스켓장, 세탁밑장, 2단 세탁벽장 매트화이트 ˙ 안방 안방은 거실과 다르게 TV면에 브라운톤의 미가루버를 시공해 호텔같은 분위기가 있는 공간으로 연출하였습니다.  기존에는 붙박이장이 없던 공간에 한샘 침대장과 맞춤수납 붙박이장을 연결설계하여 깔끔하면서도 공간을 효율적으로 사용하실 수 있도록 계획하였습니다. 한샘 맞춤수납 붙박이장은 상단의 몰딩이 거의 보이지않기에 더욱 깔끔한 룩이 가능합니다. 파우더룸과 드레스룸으로 연결되는 곳에 아치게이트를 적용하고 드레스룸 입구도 아치게이트를 설치해 공간을 부드럽고 세련되게 느끼실 수 있습니다. 파우더룸에는 거울조명과 브라운톤의 미가루버를 통해 마찬가지로 호텔과 같은 분위기를 더욱 끌어올렸고 포인트 조명을 통해 고급스러운 샵과 같은 한 폭의 포토존을 연상시키도록 하였습니다. 드레스룸은 한샘 바흐드레스룸으로 좁은 공간에서 효율적인 수납이 가능하도록 기획하였습니다. *주요시공 : 미가루버, 빌트인 침대장, 바흐 맞춤수납, 낮은 파우더장, 바흐드레스룸 ˙ 부엌옆방[자녀방 A] 패션에 관심이 많아지고 공부하면서 볼 책들이 많기에 많은 수납에 중점을 두고 설계한 공간입니다. 붙박이장과 빌트인 엔드장을 연결해 공간을 최대한 효율적으로 이용하면서 책들도 많이 수납가능하도록 빌트인 6단밑장을 함께 만들어드렸습니다. 또한 아이들의 프라이버시와 함께 나만의 공간이라는 느낌을 받을 수 있도록 책상을 방문과 마주보도록 설계해 아이의 만족감을 최대로 높혔습니다. *주요시공 : 한샘 붙박이장 무드화이트, 한샘 빌트인 6단 밑장 무드화이트, ㄷ자 단독책상 서랍, 빌트인 거울 엔드장 ˙ 입구우방[자녀방 B] 마찬가지로 자라나는 자녀가 한창 패션에 신경쓰면서 옷이 늘어나고 공부할 책들이 늘어나 수납에 중점을 두었습니다. 빌트인 슬림파우더장을 붙박이장과 함께 설계해 일체감있고 깔끔한 룩을 느낄 수 있습니다. 슬림파우더장으로 아이의 독립심과 행복감을 한층 더 끌어올리도록 계획하였습니다. 공부할 때 답답함이 들지 않도록 하부에는 책상을, 상부에 상부벽장을 설치해 책을 수납할 수 있도록 설계했습니다. 자녀방에 연결된 공간인 다용도실에는 터치크림 붙박이장과 바흐드레스룸을 같이 설계해 문에 걸리지 않으면서도 다양한 수납물품을 수납하실 수 있습니다. *주요시공 : 한샘 빌트인 슬림파우더장, 한샘 붙박이장, ㄷ자 단독책상서랍형, 빌트인 2단 벽장 매트화이트</DESC>
<JSON>{""keywords"": [""주방"", ""다용도실"", ""안방"", ""자녀방"", ""수납"", ""간접조명"", ""호텔같은 분위기""], ""style"": [""모던"", ""미니멀리즘"", ""러블리""], ""colors"": [""화이트"", ""브라운"", ""매트화이트""], ""lighting"": [""간접조명"", ""포인트 조명""], ""space"": [""ㄱ자 주방"", ""다용도실"", ""안방"", ""자녀방 A"", ""자녀방 B""], ""furniture"": [""한샘 무드식탁"", ""비스포크 냉장고"", ""빌트인 인덕션"", ""붙박이장"", ""세탁바스켓장"", ""한샘 침대장"", ""아치게이트"", ""책상""], ""mood"": [""아늑함"", ""편안함"", ""세련됨""], ""composition"": ""주방, 다용도실, 안방, 자녀방 A, 자녀방 B가 연결된 구조"", ""camera_angle"": ""wide"", ""camera_params"": {""fov"": ""24mm"", ""aperture"": ""f/4"", ""iso"": ""200"", ""shutter"": ""1/60""}, ""negative"": [""혼잡한 공간"", ""어두운 조명""]}</JSON>",0.3749999999999999,6.558051443402689e-05,0.0968809444963719,0.8054220676422119,0.8075430393218994,0.8033122420310974,0.6065800189971924,0.37499999999999994,6.558051443402689e-05,0.09688094449637193,0.8054220676422119,0.8075430393218994,0.8033122420310974,0.6065800189971924,0.0,0.7777777777777778,0.3181818181818182,0.9020758867263794
"<DESC>현관 입구에는 신발장이 아닌 현관 수납장으로 구성하였습니다. 안방은 한샘의 프리미엄 라인인 바흐 브라운 시스템 장이 설치되었습니다. 안방 욕실은 거울 없이 타일만 시공하였고, 바닥은 간접 조명을 설치해 따뜻한 느낌을 주었습니다.</DESC>
<JSON>{""keywords"": [""신발장"", ""안방"", ""바스"", ""타일"", ""간접조명""], ""style"": [""모던"", ""고급스러운""], ""colors"": [""갈색"", ""흰색"", ""따뜻한 색상""], ""lighting"": [""자연광"", ""부드러운 조명""], ""space"": [""입구"", ""안방"", ""욕실리모델링""], ""furniture"": [""신발장 대신 수납장"", ""시스템 장""], ""mood"": [""편안함"", ""아늑한 분위기""], ""composition"": ""넓은 거실과 연결된 구조"", ""camera_angle"": ""정면"", ""camera_params"": {""fov"": ""35mm"", ""aperture"": ""F2.8"", ""iso"": ""100"", ""shutter"": ""1/60""}, ""negative"": []}</JSON></s>","<DESC>거실 영화 와 TV 시청 을 좋아하시는 가족 구성원의 취향에 맞게 거실을 확장해서 개방 감 을 주었습니다. 현관 넓은 현관 에는 중앙 오픈장 과 헹잉 현관장 을  시공하여  집 입구의 깨끗한 이미지를 추구 하였습니다. 부엌 평형 대비 좁은 주방은 ㄷ자 아일랜드식탁형태로 설계,시공하였으며 싱크 볼 위치를 변경하였습니다. 안방 침대 헤드 벽 부분을 한샘 미가루버로 시공 하여 고급스러움을 극대화 하였습니다 드레스룸 침실과 드레스 룸 분리 시공을 함으로써 침실을 편안하게 휴식 할 수 있는 공간으로 만들었습니다. 자녀 방 20대남자 성인 자녀 방 은 책상과 침대로 심플 하게 구성하였습니다</DESC>
<JSON>{""keywords"": [""거실"", ""영화"", ""TV 시청"", ""현관"", ""주방"", ""아일랜드식탁"", ""안방"", ""드레스룸"", ""자녀 방""], ""style"": [""모던"", ""고급스러움"", ""심플""], ""colors"": [""화이트"", ""그레이"", ""우드톤""], ""lighting"": [""자연광"", ""부드러운 조명""], ""space"": [""개방감"", ""넓은 현관"", ""좁은 주방"", ""편안한 침실""], ""furniture"": [""오픈장"", ""헹잉 현관장"", ""아일랜드식탁"", ""침대"", ""책상""], ""mood"": [""편안함"", ""아늑함"", ""세련됨""], ""composition"": ""거실과 주방이 연결된 개방형 구조, 안방과 드레스룸 분리"", ""camera_angle"": ""wide shot"", ""camera_params"": {""fov"": ""24mm"", ""aperture"": ""f/4"", ""iso"": ""200"", ""shutter"": ""1/60""}, ""negative"": [""혼잡함"", ""어두운 색상"", ""복잡한 디자인""]}</JSON>",0.7666666666666666,0.0324352815304261,0.3303731275047386,0.8970527648925781,0.9134053587913512,0.8812754154205322,0.5838407874107361,0.7666666666666666,0.032435281530426144,0.33037312750473863,0.8970527648925781,0.9134053587913513,0.8812754154205322,0.5838407874107361,0.0,1.0,0.7755102040816326,0.9556535482406616
"<DESC>주방은 유로 키친으로 구성하였습니다. 기존의 주방에 비해 수납력이 더욱 좋아졌으며 깔끔한 분위기를 연출합니다. 아일랜드 식탁을 설치하여 조리와 식사 모두 할 수 있도록 설계하였으며 조명과 거울까지 설치하였습니다. 안방은 붙박이장이 포함된 드레스 룸입니다. 넉넉한 수납공간으로 깔끔하게 정리하기 좋습니다.</DESC>
<JSON>{""keywords"": [""주방"", ""아일랜드 식탁"", ""조리"", ""식사""], ""style"": [""모던"", ""미니멀리즘""], ""colors"": [""화이트"", ""그레이"", ""우드톤""], ""lighting"": [""자연광"", ""부드러운 조명""], ""space"": [""주방"", ""안방"", ""드레스 룸""], ""furniture"": [""붙박이장"", ""아일랜드 테이블""], ""mood"": [""깔끔함"", ""편안함""], ""composition"": ""중앙에 아일랜드 식탁이 배치된 주방 구조"", ""camera_angle"": ""정면"", ""camERA_params"": {""fov"": ""35mm"", ""aperture"": ""2.8"", ""iso"": ""100"", ""shutter_speed"": ""1/60""}, ""negative"": []}</JSON></s>","<DESC>- 집에 들어가서 가장 먼저 마주하는 공간인 현관, 어떻게 디자인 되었을까요? · 3연동 초슬림 중문 설치 · 현관장 필름 시공 한샘 3연동 초슬림 중문을 통해 현관과 복도 공간을 분리하면서 바닥에는 어울리는 색상의 타일을 덧방 시공해 깔끔한 공간으로 재탄생 하였습니다. 추가로 현관장은 고객님의 취향에 맞는 색상의 필름을 통해 재 사용 이지만 마치 새것처럼 탈바꿈 하였습니다. - 가족 구성원의 식사를 책임지는 공간인 부엌을 살펴보겠습니다. · Euro 300 Matt MG 제품 · 11자 구조의 탁 트인 공간 형성 부엌은 한샘 유로 300 매트 제품의 매그놀리아 컬러로 선택하였습니다. 중저가에 형성된 제품으로 금액 대비 높은 만족도를 보여주는 제품입니다. 기존에 창문을 가리던 밑장을 제거하고, 키큰장을 배치하여 수납 효율은 상승 시키고 창을 가리는 면적을 최소화하여 채광을 확보하였습니다. - 가족 구성원은 물론, 방문한 손님도 필수로 이용하는 공용 욕실을 살펴보겠습니다. · 매트한 아이보리 컬러 타일을 활용해 밝고 편안한 욕실 · 댐핑 슬라이딩장을 통한 충분한 수납공간 확보 공용 욕실에는 기존과 동일하게 욕조를 배치한 모습입니다. 집에 방문하는 누구나 사용할 수 있는 공간이기에, 보다 밝고 깔끔하게 디자인 하였습니다.</DESC>
<JSON>{""keywords"": [""현관"", ""부엌"", ""욕실"", ""중문"", ""타일"", ""수납"", ""채광""], ""style"": [""모던"", ""깔끔"", ""실용적""], ""colors"": [""매그놀리아"", ""아이보리"", ""타일 색상""], ""lighting"": [""자연광"", ""밝은 조명""], ""space"": [""현관"", ""부엌"", ""공용 욕실""], ""furniture"": [""3연동 중문"", ""현관장"", ""키큰장"", ""욕조""], ""mood"": [""편안함"", ""환영하는 분위기""], ""composition"": ""현관, 부엌, 욕실이 조화롭게 배치된 공간"", ""camera_angle"": ""정면"", ""camera_params"": {""fov"": ""35mm"", ""aperture"": ""f/4"", ""iso"": ""200"", ""shutter"": ""1/60""}, ""negative"": [""혼잡한 공간"", ""어두운 조명""]}</JSON>",0.7384615384615385,0.0078561034275627,0.2982941811092253,0.8636547327041626,0.8762580156326294,0.851408839225769,0.5304244756698608,0.7384615384615385,0.007856103427562787,0.2982941811092253,0.8636547327041626,0.8762580156326294,0.851408839225769,0.5304244756698608,0.0,0.9090909090909091,0.8333333333333334,0.9171105027198792
"<DESC>고객님께서는 안방에 붙박이장이 없는 구조로 설계를 진행하셨고, 그 외 다른 방은 수납이 많이 필요하지 않다고 하셨습니다. 따라서 가장 중요한 공간의 활용도가 높은 침실과 주방을 중점적으로 리모델링을 진행했습니다. 특히 침대와 함께 사용하실 수 있는 협탁을 설치함으로써 고객님의 편의성까지 고려하였습니다. 30평대 아파트에서는 흔히 볼 수 없었던 넓은 드레스룸 구성입니다! 평소 옷 정리를 잘하시는 고객님들에게 추천해드릴만한 가구입니다.</DESC>
<JSON>{""keywords"": [""침실"", ""드레스룸"", ""협탁"", ""옷 정리""], ""style"": [""모던"", ""미니멀리즘""], ""colors"": [""화이트"", ""그레이"", ""브라운""], ""lighting"": [""자연광"", ""부드러운 조명""], ""space"": {""width"": ""넓은"", ""depth"": ""깊은""}, ""furniture"": [""침대"", ""협탁"", ""서랍장"", ""화장대""], ""mood"": [""편안함"", ""세련됨""], ""composition"": ""중앙에 침대, 주변에 협탁과 서랍장이 배치된 구도"", ""camera_angle"": ""정면"", ""camERA_params"": {""fov"": ""50mm"", ""aperture"": ""2.8"", ""iso"": ""100"", ""shutter"": ""1/60""}, ""negative"": []}</JSON></s>","<DESC>'생각하는' 인테리어 회사 「디자인혜윰」이 준비한 오늘의 현장은 일부 공간을 살리고도 심플하고 모던한 느낌의 [남구 무거 한신휴플러스 33평] 인테리어입니다 활용도가 떨어졌던 구조 대신 붙박이장을 파우더룸 안쪽까지 길게 연결하고, 그 끝에 파우더장까지 빌트인화 시켜서 깔끔한 수납공간을 만들어드렸습니다 설치하여 수납을 늘림과 동시에, 밋밋했던 게이트를 반아치형으로 디자인하여 포인트를 주었습니다 기존에 있던 팬트리 공간도 도어 필름으로 깔끔한 화이트 컬러를 유지했습니다</DESC>
<JSON>{""keywords"": [""모던"", ""심플"", ""수납"", ""붙박이장"", ""파우더룸"", ""게이트"", ""팬트리""], ""style"": [""현대적"", ""미니멀리즘""], ""colors"": [""화이트"", ""네이비"", ""그레이""], ""lighting"": [""자연광"", ""부드러운 조명""], ""space"": [""거실"", ""파우더룸"", ""팬트리""], ""furniture"": [""붙박이장"", ""파우더장""], ""mood"": [""깔끔"", ""편안"", ""세련됨""], ""composition"": ""중앙에 붙박이장이 위치하고, 주변에 파우더룸과 팬트리가 배치된 구조"", ""camera_angle"": ""정면"", ""camera_params"": {""fov"": ""50"", ""aperture"": ""2.8"", ""iso"": ""100"", ""shutter"": ""1/60""}, ""negative"": [""혼잡한"", ""어지러운"", ""어두운""]}</JSON>",0.8813559322033899,0.1202102472505744,0.4209770218664048,0.9046910405158995,0.9108023047447203,0.8986613750457764,0.7289936542510986,0.8813559322033899,0.12021024725057444,0.42097702186640484,0.9046910405158997,0.9108023047447205,0.8986613750457764,0.7289936542510986,0.0,0.9090909090909091,0.9166666666666666,0.9281998872756958
"<DESC>현관은 화이트톤의 중문을 설치해 깔끔하게 구성했습니다. 현관 바닥은 그레이 톤으로 시공해 넓어 보이는 효과를 주었습니다. 거실은 4인용 식탁과 아일랜드가 있는 구조로 설계됐습니다. 주방도 마찬가지로 조리공간에는 포세린 타일과 강마루를 사용해 고급스럽고 깔끔한 분위기입니다.</DESC>
<JSON>{""keywords"": [""현관"", ""거실"", ""주방""], ""style"": [""모던"", ""미니멀리즘""], ""colors"": [""화이트"", ""그레이""], ""lighting"": [""자연광"", ""부드러운 조명""], ""space"": [""넓고 개방된"", ""깔끔하고 세련된""], ""furniture"": [""중문"", ""아일랜드"", ""테이블"", ""강마루""], ""mood"": [""편안함"", ""아늑함""], ""composition"": ""현관에서 시작하여 거실과 주방까지 이어지는 흐름"", ""camera_angle"": ""정면"", ""camera_params"": {""fov"": ""50mm"", ""aperture"": ""F2.8"", ""iso"": ""200"", ""shutter"": ""1/60""}, ""negative"": []}</JSON></s>","<DESC>옷방에는 1) 기존 갖고있는 스타일러 활용 희망 2) 수납이 많이 되는 장 위 두 가지가 꼭 반영 되었으면 좋겠다고 말씀해주셨습니다. 따라서, 사진과 같이 기존에 갖고 계신 5벌짜리 스타일러를 활용하여 깔끔하게 스타일러장을 만들어드렸습니다. 스타일러를 붙박이장 옆에 두면 깊이와 높이가 달라 그 부분에 다 먼지가 쌓이게 됩니다. 위와 같은 단점을 보완하기 위해 붙박이장과 같은 마감재로 스타일러장을 제안 드렸습니다.</DESC>
<JSON>{""keywords"": [""옷방"", ""스타일러"", ""수납"", ""붙박이장""], ""style"": [""모던"", ""미니멀리즘""], ""colors"": [""화이트"", ""그레이"", ""우드""], ""lighting"": [""자연광"", ""부드러운 조명""], ""space"": [""작은 방"", ""옷방""], ""furniture"": [""스타일러"", ""붙박이장"", ""수납장""], ""mood"": [""깔끔함"", ""정돈된""], ""composition"": ""스타일러와 붙박이장이 조화를 이루는 구성"", ""camera_angle"": ""정면"", ""camera_params"": {""fov"": ""50mm"", ""aperture"": ""f/2.8"", ""iso"": ""100"", ""shutter"": ""1/60""}, ""negative"": [""혼잡한"", ""어지러운""]}</JSON>",0.8333333333333334,0.1241470577177808,0.4658939907114175,0.9139224290847778,0.92109352350235,0.9068620800971984,0.6131795048713684,0.8333333333333334,0.12414705771778088,0.4658939907114175,0.9139224290847778,0.9210935235023499,0.9068620800971985,0.6131795048713684,0.0,1.0,0.8936170212765957,0.9501264095306396
"<DESC>현관 - 중문 가벽 시공으로 거실과 현관을 분리했습니다! 깔끔하게 디자인된 중문의 경우, 양쪽에 각각 슬라이딩형 붙박이장이 설치되었습니다.</DESC>
<JSON>{""keywords"": [""현관"", ""거실"", ""중문"", ""슬라이딩형 붙박이장""], ""style"": [""모던"", ""미니멀리즘""], ""colors"": [""흰색"", ""베이지"", ""갈색""], ""lighting"": [""자연광"", ""부드러운 조명""], ""space"": [""개방적인"", ""넓은"", ""편안한""], ""furniture"": [""소파"", ""테이블"", ""의자""], ""mood"": [""깔끔함"", ""세련됨"", ""아늑함""], ""composition"": ""중심이 되는 구조, 조화로운 배치"", ""camera_angle"": ""정면"", ""camERA_params"": {""fov"": ""50mm"", ""aperture"": ""f/4"", ""iso"": ""100"", ""shutter"": ""1/60""}, ""negative"": []}</JSON></s>","<DESC>지금까지 경남 창원 대방동에 위치한 성원남산3차아파트 32평 인테리어 현장이었습니다. ─ 한샘은 완벽한 휴식 공간을 제공하기 위해 꼼꼼한 상담을 거쳐 공간을 살아갈 이들의 취향을 담아냅니다. 라이프 스타일과 공간적 특성을 돋보일 수 있는 구조 변경과 감각적인 가구 배치 더불어 조명 활용, 기능과 트렌디함을 살린 자재 사용 등으로 감도 높은 인테리어를 제안합니다. 트렌디한 시각과 한샘 브랜드의 기술력을 더해 좋은 집을 위한 한샘의 프로젝트는 계속됩니다. 다음에 만나요!</DESC>
<JSON>{""keywords"": [""인테리어"", ""아파트"", ""휴식 공간"", ""트렌디"", ""감각적인 가구 배치""], ""style"": [""모던"", ""미니멀리즘""], ""colors"": [""중립색"", ""파스텔톤""], ""lighting"": [""자연광"", ""부드러운 조명""], ""space"": [""거실"", ""주방"", ""휴식 공간""], ""furniture"": [""소파"", ""테이블"", ""책장"", ""조명""], ""mood"": [""편안함"", ""아늑함""], ""composition"": ""균형 잡힌 배치와 개방감"", ""camera_angle"": ""45도"", ""camera_params"": {""fov"": ""35mm"", ""aperture"": ""f/2.8"", ""iso"": ""200"", ""shutter"": ""1/60""}, ""negative"": [""혼잡한 공간"", ""어두운 조명""]}</JSON>",0.8135593220338982,0.0627078007674455,0.4405763100894714,0.9003244042396545,0.9120855331420898,0.8888627290725708,0.4638658463954925,0.8135593220338982,0.06270780076744553,0.44057631008947146,0.9003244042396545,0.9120855331420898,0.8888627290725708,0.46386584639549255,0.0,0.9090909090909091,0.8333333333333333,0.9652745723724365
"<DESC>안방은 침대를 배치해 수면과 휴식을 취할 수 있도록 설계했습니다. 또한 수납공간이 부족하지 않도록 한샘바흐 드레스룸의 수납 시스템으로 다양한 옷가지들을 정리할 수 있게 구성했어요. 침실 협탁 위에는 무드있는 펜던트 조명을 설치해 분위기 있는 연출을 해봤어요.</DESC>
<JSON>{""keywords"": [""거실"", "" Bedrooms"", ""Sleeping"", ""Rest""], ""style"": [""Modern"", ""Minimalist""], ""colors"": [""White"", ""Neutral tones"", ""Gray""], ""lighting"": [""Natural light"", ""Soft lighting""], ""space"": [""Living room"", ""Bedroom""], ""furniture"": [""Dining table"", ""Chairs"", ""Cushions"", ""Storage furniture""], ""mood"": [""Comfortable"", ""Elegant""], ""composition"": ""Centralized layout with a focus on relaxation"", ""camera_angle"": ""Front view"", ""camera_params"": {""fov"": ""50mm"", ""aperture"": ""F2.8"", ""iso"": ""200"", ""shutter"": ""1/60""}, ""negative"": []}</JD></SJ>

<SRC>)
https://sports.sbs.co.kr/images/site/default/img/{image}/{name}.jpg</ SRC>


<DJ>>
안녕하세요 여러분! 오늘 저는 새로운 집으로 이사하면서 거실 인테리어를 어떻게 해야 할지 고민하시는 분들께 제가 직접 경험해 본 꿀팁을 알려드리려고 합니다. 바로 이 아파트에서 가장 중요한 건 뭘까요? 맞아요! 바로 동선인데요~ 우리 가족들이 편하게 다닐 수 있어야겠죠? 그래서 지금부터 같이 구경해 보시죠!
첫 번째 팁! 소파는 무조건 벽쪽으로 두세요~
두 번째 팁! 아이들 놀잇감이나 책같은 것들은 최대한 벽에 붙여 주세요.
세 번째 팁! 식탁은 중앙에 놔주시고, 의자 두개면 편해요~ 네번째 팁! 주방 쪽 벽면엔 붙박이장을 넣어주세요~ 다섯번재 팁! 바닥재는 마루나 타일보다는 카펫타일 같은 걸 추천드리는데요 이유는 소음 차단 효과랑 청소하기 쉬기 때문이에요~ 여섯번째 팁! 벽지는 화이트 벽지를 추천드려요. 왜냐하면 다른 색깔보다 훨씬 눈에 덜 띄고 관리가 쉽기 때문이죠! 일곱번째 팁! 창문 옆 벽에선 블라인드 대신 커튼을 설치하세요. 그럼 햇빛 조절도 가능하죠. 여덟번째 팁! 가구 배치시엔 가족 구성원의 키에 맞게 맞춰서 배치해주시면 좋아요. 아홉번째 팁! 냉장고 근처 책상을 놓으시면 공부 효율도 올라간답니다. 열번째 팁! 자주","<DESC>광폭형 거실(방을 거실로 확장)을 호텔 로비처럼 꾸며, 가족들과 대화 나눌 수 있는 공간 을 꿈꾸는 분들을 위해 인테리어 해봤어요! 칼리아 마드모아젤 4인 코너형 소파/피암 리알토 테이블 앉는 순간 기분 좋은 울림을 주는 소파 100% made in ITALY 50년 역사의  칼리아  명품의 자부심 마드모아젤 소파를 느껴보세요 요즘 유행하는 USM가구와 포인트 조명을 배치하여 식탁 옆자리를 심심하지 않게 인테리어 해봤어요. 황령산 숲뷰 를 생각하면서 호캉스에 온듯한 감성을 꿈꾸는 분들을 위한 안방 인테리어로 꾸며봤어요. 붙박이장 공간에 부족한 서랍장과 TV를 배치하여 늦은 저녁시간에 재밌는 예능을 보면서 휴식을 취할수 있도록 꾸몄어요. 취향껏 여러 가지 방식으로 안방 수납공간을 바꿀수 있어요. 드레스룸이 비워져 있는 분들은 한샘 바흐 드레스룸 으로 깔끔하게 꾸며봐요. 호텔 카페에서 차 한잔하며 책 읽기를 꿈꾸는 분들은 위한 서재방 인테리어! 우리 아이가 갖고 싶어 하는 핑크빛 자녀방 을 선물하는 건 어때요? 예쁜 방은 분리 수면 에 도움이 돼요!</DESC>
<JSON>{""keywords"": [""거실"", ""호텔 로비"", ""가족"", ""소파"", ""테이블"", ""USM 가구"", ""조명"", ""안방"", ""드레스룸"", ""서재"", ""자녀방""], ""style"": [""모던"", ""럭셔리"", ""미니멀리즘""], ""colors"": [""중립색"", ""파스텔"", ""핑크""], ""lighting"": [""포인트 조명"", ""자연광""], ""space"": [""광폭형 거실"", ""안방"", ""드레스룸"", ""서재"", ""자녀방""], ""furniture"": [""코너형 소파"", ""리얼타 테이블"", ""붙박이장"", ""서랍장"", ""TV"", ""한샘 바흐 드레스룸""], ""mood"": [""편안함"", ""호캉스"", ""아늑함""], ""composition"": ""가족과 대화할 수 있는 공간으로 구성된 거실과 다양한 기능을 갖춘 안방 및 서재"", ""camera_angle"": ""wide-angle"", ""camera_params"": {""fov"": ""90"", ""aperture"": ""2.8"", ""iso"": ""100"", ""shutter"": ""1/60""}, ""negative"": [""혼잡함"", ""어두운 색상"", ""불편한 가구""]}</JSON>",0.3999999999999999,0.0114028869516359,0.2652271668626875,0.8487918972969055,0.8444397449493408,0.8531891703605652,0.5327791571617126,0.39999999999999997,0.01140288695163598,0.26522716686268755,0.8487918972969055,0.8444397449493408,0.8531891703605652,0.5327791571617126,0.0,0.0,0.0,0.27468886971473694
"<DESC>주방은 한샘 키친바흐 400으로 시공하였습니다! 기존의 주방과는 다른 깔끔하고 모던하면서 실용적인 느낌이 돋보이는 제품입니다. 조리대와 식탁을 하나로 쓸 수 있는 구조라 더욱 활용도가 높답니다.</DESC>
<JSON>{""keywords"": [""주방"", ""키친바흐"", ""모던"", ""실용적""], ""style"": [""현대적인"", ""미니멀리즘""], ""colors"": [""흰색"", ""검은색"", ""갈색""], ""lighting"": [""자연광"", ""부드러운 조명""], ""space"": [""주방""], ""furniture"": [""조리대"", ""식탁""], ""mood"": [""편안함"", ""세련됨""], ""composition"": ""조용한 분위기"", ""camera_angle"": ""정면"", ""camERA_params"": {""fov"": ""50mm"", ""aperture"": ""f/2.8"", ""iso"": ""100"", ""shutter"": ""1/60""}, ""negative"": []}</JSON></s>","<DESC>이번 고객님께서는 가족구성원이 많은 관계로 수납공간을 늘리는 데 신경을 많이 썼답니다 :-) 그럼, 현관부터 보시죠~! 복도에서 본 현관의 모습입니다 :-) 이 현장은 특이하게도 ㄱ자 신발장을 시공할 수 있었는데요! 아래 이미지도 함께 보시죠~! 측면의 현관문을 열고 들어오면, 정면에 오크톤의 박스로 1단 장식장이 맞이해줍니다 :-) 차열쇠, 마스크나 작은 화분, 디퓨저 등을 놓아서 향기를 낼 수 있는 개성있는 현관 공간으로 제안드렸답니다 :-) 거실에서는 기존 확장된 공간활용을 잘 못하고 계셨답니다. 집에 피아노가 2대 있는데, 위 이미지에서 찾기 어려우시죠? :-) 1대를 거실 확장부로 가져온 후 소파를 배치해 살짝 가려줄 예정입니다. 고층이고, 채광도 아주 좋은 집입니다 :-) 기존엔 아쉽게도 ㅜㅜ 이를 살리지 못하고 있다는 느낌을 받았답니다. 그리고 다인구성 가구답게, 필요한 수납의 양도 많아서 거실의 공간을 조금 차지하더라도 과감하게 tv 빌트인장을 설치하고자 합니다 :-) 가족들 / 손님들과 식사도 하고, 수납공간도 확보하고 싶어하신 고객님 :-) 공간활용 + 디자인 위해서 최근에  따내기 식탁 + 비스포크 냉장고 자주 제안드리고 있는데요~! 아까 부족한 수납공간 말씀드렸죠? 이를 해결할 수 있도록 주방베란다에 하부장을 쭉~ 설치해줍니다. 안방에는 시스템에어컨을 설치할 예정입니다. 천장 단차를 감안하여 한샘의 맞춤붙박이 제품을 시공한다면 깔끔하게 마감이 가능하답니다 : ) 주방옆방에는 슈퍼싱글 베드를 배치하는 침대빌트인과 숨김수납이 가능한 붙박이 세트를 설치합니다. 고객님이 필요하다면, 반대편에 책상을 배치해도 충분한 공간이 나오게 됩니다 : ) 입구방은, 들어가서 바로 붙박이를 배치했구요. 침대와 더불어 남은 피아노 1대를 창문쪽에 배치하였습니다.</DESC>
<JSON>{""keywords"": [""현관"", ""거실"", ""주방"", ""안방"", ""침대"", ""수납공간"", ""피아노"", ""디자인""], ""style"": [""모던"", ""미니멀리즘""], ""colors"": [""오크톤"", ""중립색""], ""lighting"": [""자연광"", ""밝은 조명""], ""space"": [""현관"", ""거실"", ""주방"", ""안방"", ""입구방""], ""furniture"": [""신발장"", ""장식장"", ""소파"", ""tv 빌트인장"", ""식탁"", ""비스포크 냉장고"", ""시스템에어컨"", ""슈퍼싱글 베드"", ""붙박이 수납"", ""책상""], ""mood"": [""아늑함"", ""편안함"", ""실용성""], ""composition"": ""복도에서 본 현관과 거실의 조화로운 배치"", ""camera_angle"": ""정면"", ""camera_params"": {""fov"": ""50mm"", ""aperture"": ""f/2.8"", ""iso"": ""100"", ""shutter"": ""1/60""}, ""negative"": [""혼잡한 공간"", ""어두운 조명""]}</JSON>",0.8749999999999999,0.0070668650502397,0.2483418302736882,0.8156943917274475,0.8189765214920044,0.8124384880065918,0.5230945348739624,0.8749999999999999,0.00706686505023975,0.2483418302736882,0.8156943917274475,0.8189765214920044,0.8124384880065918,0.5230945348739624,0.0,0.9090909090909091,0.9795918367346939,0.9503998756408691
"<DESC>현관과 복도의 벽은 화이트톤으로 깔끔하게 시공하였습니다! 중문 또한 깔끔한 디자인으로 완성하여 현관에 들어서자마자 따뜻한 느낌이 들도록 연출했습니다.</DESC>
<JSON>{""keywords"": [""화이트"", ""깔끔함"", ""중문""], ""style"": [""모던"", ""미니멀리즘""], ""colors"": [""흰색"", ""중립색""], ""lighting"": [""자연광"", ""부드러운 조명""], ""space"": [""현관"", ""복도""], ""furniture"": [""작은 가구 몇 개""],
""composition"": ""현관에서 복도로 이어지는 구조로, 벽면이 대부분인 단순한 구성입니다."",
""mathematics"": {""Coef5"": 0.3, ""Cos50"": 0.8, ""Chi2"": 0.4},
""culture"": [""Western"", ""Modern""]</JSON></s>","<DESC>거실 미가루버 시공으로 카페트낌을 연출한 세련된 거실입니다. 아트월에 포인트 자재를 시공했던 인테리어와 다르게 소파벽면과 현관을 연결해서 루버를 일부만 시공해주면 세련된 느낌을 연출할수 있습니다. *주요시공: 미가루버. 엣지슬림 LED등. 마루 발코니 다용도장(창고장) 시공으로 수납력을 높였습니다. 요즘 신축아파트처럼 팬트리 공간이 따로 있지않아 항상 부족한게 수납이라 아쉬웠다면 발코니 자투리 공간을 활용해 수납력을 높여보세요. *주요시공: 다용도장 시공 안방 붙박이장과 연결된 파우더장 을 시공해드려 안방에서 해야할 모든 실용성을 갖추어 드렸습니다. *주요시공: 한샘붙박이장. 한샘파우더장 학생방 단독으로 사용하는 일반적인 책꽂이도 시중에 많지만 한샘의 맞춤수납장 은 현장벽면의 구조와 상황에 따라 마감재를 활용해 깔끔하게 시공할수 있습니다. *주요시공: 한샘빌트인 수납장</DESC>
<JSON>{""keywords"": [""거실"", ""미가루버"", ""카페트"", ""세련된"", ""수납"", ""한샘""], ""style"": [""모던"", ""세련된""], ""colors"": [""중립색"", ""따뜻한 색조""], ""lighting"": [""엣지슬림 LED등""], ""space"": [""거실"", ""발코니"", ""안방"", ""학생방""], ""furniture"": [""소파"", ""붙박이장"", ""파우더장"", ""책꽂이"", ""수납장""], ""mood"": [""편안한"", ""실용적인""], ""composition"": ""거실과 발코니가 연결된 공간, 소파와 수납장이 조화를 이루는 구성"", ""camera_angle"": ""정면"", ""camera_params"": {""fov"": ""50mm"", ""aperture"": ""f/2.8"", ""iso"": ""200"", ""shutter"": ""1/60""}, ""negative"": []}</JSON>",0.4363636363636364,0.0042107425420669,0.238513531694696,0.8652710914611816,0.8858002424240112,0.8456718921661377,0.5202809572219849,0.4363636363636364,0.004210742542066914,0.238513531694696,0.8652710914611816,0.8858002424240112,0.8456718921661377,0.5202809572219849,0.0,0.0,0.35555555555555557,0.9495567083358765
"<DESC>거실 거실은 화이트 톤의 한샘 타일을 시공하고 우드톤으로 포인트를 주었습니다. 조명은 간접조명과 실링펜을 사용하여 분위기있는 공간을 연출했습니다.</DESC>
<JSON>{""keywords"": [""거실"", ""화이트 톤"", ""우드톤"", ""간접조명"", ""실링펜""], ""style"": [""모던"", ""미니멀리즘""], ""colors"": [""화이트"", ""우드 컬러""], ""lighting"": [""간접조명"", ""실링 펜""], ""space"": [""주거용""], ""furniture"": [], ""mood"": [""분위기 있는"", ""편안함""], ""composition"": ""중앙에 큰 창문이나 가구가 없는 넓은 공간"", ""camera_angle"": ""정면"", ""camera_params"": {""fov"": ""50mm"", ""aperture"": ""F2.8"", ""iso"": ""100"", ""shutter"": ""1/60""}, ""negative"": []}</JSON></s>","<DESC>거실 거실의 경우 천장 평탄화 작업을 진행하여 기존에 우물 천장을 없애고 깔끔하게 시공 하였습니다. 조명의 경우 3인치 다운라이트를 시공하였습니다. * 주요시공 : 천장 평탄화, 실링팬, 3인치 다운라이트 부엌 주방은 11자 아일랜드 형으로 시공하여 신혼부부이신 고객님께서 식사가 가능 하시도록 시공 하였습니다. 시공하신 EO200 루체화이트 모델은 빗각손잡이 도어, 일체감 있는 목찬넬, 걸레받이로 통일감을 주실 수 있는 모델 입니다. 다이닝룸 기존 부엌의 부족한 수납을 보완하기 위하여 부엌쪽 방을 다이닝 룸으로 변경하여 아치형 통로를 시공하여 개방감을 더 하였습니다. *주요 시공 : 아치게이트 욕실 욕실은 한샘 휴판넬 콘크리트 화이트 모델을 사용하였고 우든 톤의 하부장을 활용하여 따뜻한 느낌을 강조 하였습니다. 한샘 욕실은 관리가 편리 하시기 때문에 화장실 청소를 담당하시는 남편 고객님 께서 굉장히 만족 하셨습니다^^ 드레스룸 한샘 바흐 드레스룸으로 화이트 도배 컬러와 조화롭게 설치 진행 하였습니다. 신혼 부부 옷들은 거뜬하게 수납 가능!!</DESC>
<JSON>{""keywords"": [""거실"", ""주방"", ""다이닝룸"", ""욕실"", ""드레스룸""], ""style"": [""모던"", ""미니멀리즘""], ""colors"": [""화이트"", ""우든 톤""], ""lighting"": [""다운라이트"", ""자연광""], ""space"": [""거실"", ""주방"", ""다이닝룸"", ""욕실"", ""드레스룸""], ""furniture"": [""아일랜드 식탁"", ""하부장"", ""드레스룸 수납장""], ""mood"": [""따뜻한"", ""편안한""], ""composition"": ""오픈 플랜"", ""camera_angle"": ""wide-angle"", ""camera_params"": {""fov"": ""90"", ""aperture"": ""2.8"", ""iso"": ""400"", ""shutter"": ""1/60""}, ""negative"": []}</JSON>",0.7868852459016394,0.0182443965160696,0.4558880098708086,0.8662955164909363,0.8867881298065186,0.8467286825180054,0.4750151634216308,0.7868852459016394,0.018244396516069624,0.4558880098708086,0.8662955164909363,0.8867881298065186,0.8467286825180054,0.47501516342163086,0.0,1.0,0.8333333333333333,0.9379168748855591
"<DESC>거실 현관쪽에는 슬라이딩 도어를 설치하여 외부에서부터 집안이 보이는것을 최소화하였습니다. 주방과 거실 사이의 벽은 얇은 파티션 형태로 시공하여 동선을 원활히하고 개방감을 주었습니다. 주방 아일랜드 위 벽면에 간접 조명을 설치해주어 은은한 분위기 연출과 더불어 수납공간 확보까지 가능했습니다.</DESC>
<JSON>{""keywords"": [""슬라이딩"", ""파티션"", ""간접조명""], ""style"": [""모던"", ""미니멀리즘""], ""colors"": [""흰색"", ""그레이"", ""베이지""], ""lighting"": [""부드러운 조명"", ""자연광""], ""space"": [""거실"", ""주방"", ""현관장""], ""furniture"": [""아일랜드 테이블"", ""서랍장"", ""의자""], ""mood"": [""편안함"", ""아늑함""], ""composition"": ""출입공간과 거주공간 분리"", ""camera_angle"": ""정면"", ""camera_params"": {""fov"": ""50mm"", ""aperture"": ""f/4"", ""iso"": ""200"", ""shutter"": ""1/60""}, ""negative"": []}</JSON></s>","<DESC>중문에 앤티크 한 무드로 시선을 사로잡는 인테리어인데요:) 다크 우드 컬러에 무광 원형 손잡이를 매치하여 고급스럽게 공간을 디자인하였습니다. 거실 tv를 깔끔하게 매립하여 미니멀하게 연출하였으며, 안쪽에 콘센트를 만들어 주어 활용성도 높여 주었습니다. 마지막은 거실 등 중심으로 간접 등을 신설하여 공간을 풍성하게 만들어 주었습니다. 공용욕실은 욕조 형이며, 안방욕실은 샤워 형으로 불투며한 파티션을 배치했는데요! 두 곳 모두 수납력과 디자인 성을 모두 잡은 은경 슬라이딩장과 젠다이로 깔끔하게 작업해서 사용 시 불편함이 없도록 맞춤 설계 진행되었습니다.</DESC>
<JSON>{""keywords"": [""중문"", ""앤티크"", ""다크 우드"", ""무광 원형 손잡이"", ""미니멀"", ""간접 조명"", ""욕조"", ""샤워"", ""슬라이딩장"", ""젠다이""], ""style"": [""앤티크"", ""미니멀리즘""], ""colors"": [""다크 우드"", ""무광""], ""lighting"": [""간접 조명"", ""자연광""], ""space"": [""거실"", ""공용욕실"", ""안방욕실""], ""furniture"": [""슬라이딩장"", ""젠다이""], ""mood"": [""고급스러움"", ""편안함""], ""composition"": ""중문을 중심으로 거실과 욕실이 조화롭게 배치된 구조"", ""camera_angle"": ""정면"", ""camera_params"": {""fov"": ""35mm"", ""aperture"": ""f/2.8"", ""iso"": ""100"", ""shutter"": ""1/60""}, ""negative"": []}</JSON>",0.8421052631578947,0.0479161379623218,0.5633587528887576,0.9024857878684998,0.9131715893745422,0.8920472860336304,0.7500640749931335,0.8421052631578947,0.04791613796232184,0.5633587528887576,0.9024857878684998,0.9131715893745422,0.8920472860336304,0.7500640749931335,0.0,1.0,0.851063829787234,0.9321736097335815
"<DESC>거실 안방 주방 욕실 현관</DESC>
<JSON>{""keywords"": [""거실"", ""안방"", ""주방"", ""욕실"", ""현관""], ""style"": [""모던"", ""미니멀리즘""], ""colors"": [""흰색"", ""검은색"", ""밝은 색상""], ""lighting"": [""자연광"", ""부드러운 조명""], ""space"": [""넓은 거실"", ""아늑한 방"", ""실용적인 주방"", ""깔끔한 화장실""], ""furniture"": [""소파"", ""침대"", ""식탁"", ""옷장"", ""거울""], ""mood"": [""편안함"", ""세련됨"", ""휴식]"", ""composition"": ""중앙에 소파와 침대가 배치된 구조"", ""camera_angle"": ""정면"", ""camera_params"": {""fov"": ""50mm"", ""aperture"": ""2.8"", ""iso"": ""100"", ""shutter"": ""1/60""}, ""negative"": []}</JSON></s>","<DESC>붙박이장을 설계해 수납을 확보하고 요즘 많이 시공하는 실링팬까지 제안해 드립니다. 드레스룸과 연결되는 간살 슬라이딩 중문을 시공해서 디자인과 실용성까지 겸비했습니다. 지금까지 경기 경기도 용인시 수지구 만현마을 48평 인테리어 현장이었습니다. 최신 트렌드를 반영한 스타일리시한 인테리어 디자인으로 여러분의 공간을 특별하게 만들어 드립니다. 언제나 고객님의 라이프스타일과 개성을 존중하며, 세심한 배려로 여러분의 꿈을 현실로 만들어 드리기 위해 노력하고 있습니다. 함께 멋진 변화를 만들어 가길 기대합니다. 감사합니다!</DESC>
<JSON>{""keywords"": [""붙박이장"", ""실링팬"", ""드레스룸"", ""슬라이딩 중문"", ""인테리어"", ""트렌드""], ""style"": [""모던"", ""스타일리시""], ""colors"": [""중립색"", ""화이트"", ""그레이""], ""lighting"": [""자연광"", ""부드러운 조명""], ""space"": [""드레스룸"", ""거실""], ""furniture"": [""붙박이장"", ""슬라이딩 중문""], ""mood"": [""편안함"", ""세련됨""], ""composition"": ""균형 잡힌 구성"", ""camera_angle"": ""45도"", ""camera_params"": {""fov"": ""35mm"", ""aperture"": ""f/4"", ""iso"": ""200"", ""shutter"": ""1/60""}, ""negative"": [""혼잡한 공간"", ""어두운 조명""]}</JSON>",0.8070175438596492,0.0469448735171966,0.4380282650897801,0.8916723132133484,0.9106706380844116,0.8734503984451294,0.3192256093025207,0.8070175438596492,0.04694487351719664,0.4380282650897801,0.8916723132133484,0.9106706380844116,0.8734503984451294,0.31922560930252075,0.0,0.0,0.8085106382978724,0.9483301639556885
"<DESC>거실 현관과 같은 톤으로 연출된 중문은 오픈형 구조로 설계하여 더 넓어 보이는 효과를 줍니다. 거실 바닥은 밝은 그레이톤을 선택하여 모던하면서도 고급스럽게 완성하였습니다. 기존에 있던 한샘 강마루가 아닌 휴 플로어로 시공해 따뜻함이 느껴지는 공간입니다. 주방 부엌은 화이트와 목재 느낌이 조화되어 내추럴함을 강조한 모습입니다. 아일랜드는 길이감 있게 디자인하여 요리하기 편하게 구성하였으며 수납장이 있어 실용성까지 챙겼습니다.</DESC>
<JSON>{""keywords"": [""거실"", ""현관"", ""모던"", ""고급스러움"", ""아일랜드""], ""style"": [""모던"", ""미니멀리즘""], ""colors"": [""밝은 그레이"", ""흰색""], ""lighting"": [""자연광"", ""부드러운 조명""], ""space"": [""개방적인"", ""넓고 편안한""], ""furniture"": [""수납장"", ""테이블"", ""의자""], ""mood"": [""따뜻하고 아늑한"", ""편안한""], ""composition"": ""중앙에 테이블 배치, 주변에 의자 및 수납장"", ""camera_angle"": ""정면"", ""camera_params"": {""fov"": ""50mm"", ""aperture"": ""2.8"", ""iso"": ""200""}, ""negative"": []}</JSON></s>","<DESC>아치 게이트 로 거실의 포인트를 주었으며 따뜻한 공간이 될 수 있도록 우드와 화이트 를 조합하여 거실의 분위기를 모던하고 화사하게 만들어드렸습니다. 또한, 천장면을 깔끔하게 정리하여 다운라이트 조명 으로  설치해 거실의 조도를 어둡지 않도록 설계해 드렸습니다. 기존의 주방의 불편한 부분을 고객님과 충분한 상담을 통하여 보완할 수 있는 주방을 시공해 드렸습니다. 우드&화이트 컨셉 이 들어 날 수 있도록 상부장과 하부장을 투톤으로 제작해 드렸습니다. 우드 색상이 가져다주는 장점은 홈 카페처럼 아늑하면서도 따뜻한 주방을 만들어줍니다</DESC>
<JSON>{""keywords"": [""archway"", ""living room"", ""modern"", ""bright"", ""kitchen""], ""style"": [""modern"", ""cozy""], ""colors"": [""wood"", ""white""], ""lighting"": [""downlight"", ""bright""], ""space"": [""living room"", ""kitchen""], ""furniture"": [""upper cabinets"", ""lower cabinets""], ""mood"": [""warm"", ""inviting""], ""composition"": ""open space with archway leading to the living room"", ""camera_angle"": ""wide shot"", ""camera_params"": {""fov"": ""24mm"", ""aperture"": ""2.8"", ""iso"": ""400"", ""shutter"": ""1/60""}, ""negative"": [""dark"", ""cluttered""]}</JSON>",0.5116279069767442,0.0178919778302454,0.3749926339919799,0.9047954082489014,0.9066293239593506,0.9029688835144044,0.8003170490264893,0.5116279069767442,0.01789197783024544,0.37499263399197996,0.9047954082489014,0.9066293239593506,0.9029688835144043,0.8003170490264893,0.0,1.0,0.4675324675324675,0.9020352959632874
"<DESC>현관 신발장과 현관 중문은 한샘의 스윙 중문의 디자인으로 선택했어요. 바닥 타일도 휴 플로어로 시공하여 밝은 분위기를 연출했습니다.</DESC>
<JSON>{""keywords"": [""현관"", ""신발장"", ""중문"", ""타일""], ""style"": [""모던"", ""미니멀리즘""], ""colors"": [""흰색"", ""밝은 색상""], ""lighting"": [""자연광"", ""부드러운 조명""], ""space"": [""좁은 공간"", ""작은 방""], ""furniture"": [""신발장"", ""중문""], ""mood"": [""깔끔함"", ""편안함""], ""composition"": ""균형 잡힌 배치와 간결한 구조"", ""camera_angle"": ""정면"", ""camera_params"": {""fov"": ""50mm"", ""aperture"": ""F2.8"", ""iso"": ""100"", ""shutter"": ""1/60""}, ""negative"": []}</JSON></s>","<DESC>기존 현관장은 하부까지 내려와 있는 현관장 이였습니다. 견적 미팅 단계에서 행잉형 신발장을 제안 드렸지만... 공용욕실│청소와 관리가 편하고, 시간이 지나도 지루하지 않은 한샘 판넬 욕실 기존 공용 욕실입니다. 이 현장은 20평 초반대 평형대 였지만, 욕실이 두군데 있습니다. 공사 기간에 현장 소장님과 나눈 얘기로는 실제로 면적을 계산해보면... 20평 초반대 평수가 아니라 후반대 평수라고 할 정도로 조금 크다고 하셨습니다. 거실│다양한 디자인과 강화된 기능성으로 세련되고 건강한 공간을 만들어주는 한샘 휴 장판 기존 거실 입니다. 마루를 재사용 하실 생각을 하셨던 고객님께 작은 돈이 아닌 큰 돈 들여서 공사하시지만 크게 부담이 가지 않는 선에서, 바닥재가 바뀌었을 때 분위기를 변신 할 수 있는 한샘 휴 장판을 제안 드렸습니다. 안방욕실│청소와 관리가 편하고, 시간이 지나도 지루하지 않은 한샘 판넬 욕실 기존 주방 입니다. 평형대에 맞게 주방이 너무 협소 하였습니다. 그리고, 주말에 손자 손녀도 놀러오다 보니 짐들이 정리가 되어 있지 않았습니다. 그 외│입구방 / 주방 옆방 등등 고객님 입맛에 맞게...</DESC>
<JSON>{""keywords"": [""현관장"", ""행잉형 신발장"", ""공용욕실"", ""한샘 판넬 욕실"", ""거실"", ""한샘 휴 장판"", ""안방욕실"", ""주방""], ""style"": [""모던"", ""세련된"", ""기능성""], ""colors"": [""화이트"", ""그레이"", ""베이지""], ""lighting"": [""자연광"", ""부드러운 조명""], ""space"": [""20평 초반대"", ""거실"", ""주방"", ""욕실""], ""furniture"": [""신발장"", ""욕실 가구"", ""거실 장식"", ""주방 가구""], ""mood"": [""편안한"", ""실용적인"", ""세련된""], ""composition"": ""다양한 공간이 조화롭게 배치된 모습"", ""camera_angle"": ""45도"", ""camera_params"": {""fov"": ""35mm"", ""aperture"": ""f/4"", ""iso"": ""200"", ""shutter"": ""1/60""}, ""negative"": [""어수선한"", ""혼잡한"", ""어두운""]}</JSON>",0.7796610169491526,0.0108912010954437,0.2814557536125588,0.8577473759651184,0.8783580660820007,0.8380817174911499,0.4031760692596435,0.7796610169491526,0.010891201095443765,0.28145575361255887,0.8577473759651184,0.8783580660820007,0.8380817174911499,0.40317606925964355,0.0,1.0,0.7916666666666667,0.9468845129013062
"<DESC>현관 - 현관은 신발만 신고 들어오는 곳으로 자주 사용하지 않는 공간인 만큼 간결하게 디자인했습니다. 요즘 트렌드인 화이트톤의 우드마루를 시공하여 깔끔한 분위기로 연출하였고, 밝은 톤의 그레이 컬러 도어와 간접 조명이 조화되어 따뜻한 무드가 느껴집니다.</DESC>
<JSON>{""keywords"": [""현관"", ""화이트톤"", ""우드마루"", ""그레이 컬러 도어""], ""style"": [""모던"", ""미니멀리즘""], ""colors"": [""흰색"", ""회색"", ""갈색""], ""lighting"": [""자연광"", ""부드러운 조명""], ""space"": [""작은 방"", ""개방된 구조""], ""furniture"": [""소파"", ""테이블"", ""의자""], ""mood"": [""편안함"", ""아늑한""], ""composition"": ""중앙에 테이블과 의자가 배치된 개방형 구조"", ""camera_angle"": ""정면"", ""camera_params"": {""fov"": ""50mm"", ""aperture"": ""f/2.8"", ""iso"": ""200"", ""shutter"": ""1/60""}, ""negative"": []}</JSON></s>","<DESC>[거실] 인테리어의 꽃인 거실입니다~ 4인 가족구성원이 화목하게 시간을 보낼 수 있도록 디자인 하기 위해 설계에 힘쓴 공간입니다^^ 성인자녀와 부모님인 고객님께서 바쁜일을 끝내고 그날 저녁 또는 주말에 집에서도 다양하게 시간을 보낼 수 있는 공간을 거실 확장 존에 단을 올려 카페느낌으로 커피와 빵을 먹을 수 있는 공간을 마련하였습니다. 이러한 분위기를 더해주는 포인트는 또 옆부분에 있는 매립형 아치선반입니다. 목공으로 만들어 우드톤의 필름을 더해서 제주도 이쁜 숙소 또는 카페에 온거같은 분위기를 느끼게 해줍니다. [창고장이 감각적인 오픈형 수납장으로 변신] 거실과 주방 사이 통로벽에 있는 창고장입니다. 원래는 창고장처럼 문이 달려 막혀있었는데 아치형으로 오픈시키고 그 안에 시스템장으로 구성했습니다. 창고장처럼 선반 두개만 있다면 정리가 어렵고 지저분한 공간이었을텐데요, 오픈을 시키고 시스템장으로 선반을 여러개 있게 구성했기 때문에 이미지처럼 보기좋게 정리하실 수 있을 거 같습니다. 이처럼 주방에 둘 수 없는 식자재들을 보관할 수 있고 주방 바로 옆에 있기 때문에 손쉽게 꺼낼 수 있는 구성이여서 좋은거같습니다^^ [주방 옆 세탁실] 세탁실에는 세탁용품을 잘 정리해서 보관할 수 있는 유로펜트리를 시공했습니다. [안방] 안방 침대헤드 벽은 목공으로 템바보드를 만들어서 포인트벽으로 이용할 수 있게했습니다. 그 옆에 드레스룸으로 들어가는 입구는 아치형 통로로 만들었습니다. [드레스룸] 안방 옆 아치형 통로를 들어가면 시스템장으로 구성된 드레스룸이 있습니다. 폭이 좁은 공간이여서 최대한 답답하지않게 ㄷ자로 구성했습니다. 긴옷과 짧은옷을 다양하게 보관할 수 있는 매력적인 드레스룸이 나왔습니다. 드레스룸과 안방욕실 사이 콘솔 공간은 빌트인 낮은화장대를 배치했습니다.</DESC>
<JSON>{""keywords"": [""거실"", ""주방"", ""드레스룸"", ""세탁실"", ""오픈형 수납장"", ""아치형 통로""], ""style"": [""모던"", ""내추럴"", ""우드톤""], ""colors"": [""베이지"", ""화이트"", ""우드""], ""lighting"": [""자연광"", ""따뜻한 조명""], ""space"": [""거실"", ""주방"", ""드레스룸"", ""세탁실""], ""furniture"": [""소파"", ""커피 테이블"", ""시스템장"", ""침대"", ""화장대""], ""mood"": [""아늑한"", ""편안한"", ""화목한""], ""composition"": ""거실과 주방이 연결된 공간, 아치형 통로가 있는 드레스룸"", ""camera_angle"": ""wide"", ""camera_params"": {""fov"": ""24mm"", ""aperture"": ""f/4"", ""iso"": ""200"", ""shutter"": ""1/60""}, ""negative"": [""어두운 색상"", ""혼잡한 공간""]}</JSON>",0.8620689655172413,0.0083398453722339,0.256683393048339,0.8254610896110535,0.8251875042915344,0.8257349729537964,0.4126327037811279,0.8620689655172413,0.008339845372233989,0.25668339304833904,0.8254610896110535,0.8251875042915344,0.8257349729537964,0.41263270378112793,0.0,1.0,0.875,0.9369311928749084
"<DESC>현관 중문과 거실 포인트 시공으로 집안에 모던한 분위기를 더했습니다. 현관은 심플한 디자인의 프리미엄 여닫이도어 슬라이딩 제품을 사용하였고, 거실은 우물천장이 주는 멋스러움과 간접조명으로 더욱 편안한 무드가 연출됩니다.</DESC>
<JSON>{""keywords"": [""모던"", ""빈티지"", ""인테리어""], ""style"": [""현대적"", ""미니멀리즘""], ""colors"": [""흰색"", ""검은색"", ""파란색""], ""lighting"": [""자연광"", ""부드러운 조명""], ""space"": [""현관"", ""거실""], ""furniture"": [""소파"", ""테이블"", ""의자""], ""mood"": [""편안함"", ""세련됨""], ""composition"": ""균형 잡힌 배치와 간결한 구조"", ""camera_angle"": ""정면"", ""camERA_params"": {""fov"": ""50mm"", ""aperture"": ""F4"", ""iso"": ""200"", ""shutter"": ""1/60""}, ""negative"": []}</JSON></s>","<DESC>현장정보 - 평형 : 109㎡ (33평형) - 공사범위 : 현관, 주방, 거실, 욕실, 붙박이장, 드레스룸 - 공사기간 : 4주 리모델링 포인트 네추럴 한 무드의 쉬고 싶은 공간 주요자재 - 한샘 장판 4.5t - 원도어 슬라이딩 중문 - 한샘 키친 ML무드화이트 현관 원도어 슬라이딩 중문으로 개방감있는 현관 화이트톤 벽면과 동일한 화이트 프레임의 중문으로 설계해 일체감있는 벽면으로 디자인해 확장성이 느껴지는 현관 입구의 모습입니다. 깔금하게 연출하시고 싶은 고객님들께 추천드리는 중문 제품입니다. 거실 따뜻한 공간, 쉬고 싶은 우리집 따뜻한 베이지톤의 아트월 한샘 월플러스 제품을 포인트로 사용 된 인테리어로, 아늑함을 느끼실 수 있는 거실 디자인입니다. 안방 붙박이장으로 넉넉히 챙긴 수납 안방 한 벽면에 붙박이장을 시공해 수납력을 챙겨 드렸습니다. 화이트 톤의 붙박이장과 같은 톤의 실크 벽지를 선택해 일면처럼 보일 수 있도록 디자인 된 제품입니다. 드레스룸 시스템 행거로 편집샵 같은 드레스룸 다양한 종류의 옷이 많으시다면 짧은 옷, 긴옷, 이너웨어를 수납할 서랍형태 등 다양한 구성이 준비되어있는 한샘 시스템 행거를 추천드립니다.</DESC>
<JSON>{""keywords"": [""현관"", ""주방"", ""거실"", ""욕실"", ""붙박이장"", ""드레스룸"", ""리모델링"", ""네추럴"", ""아늑함""], ""style"": [""네추럴"", ""모던"", ""미니멀리즘""], ""colors"": [""화이트"", ""베이지"", ""실크""], ""lighting"": [""따뜻한 조명"", ""자연광""], ""space"": [""109㎡"", ""33평형""], ""furniture"": [""원도어 슬라이딩 중문"", ""한샘 키친 ML무드화이트"", ""붙박이장"", ""시스템 행거""], ""mood"": [""편안함"", ""아늑함"", ""쉬고 싶은 공간""], ""composition"": ""현관, 거실, 안방, 드레스룸이 조화를 이루는 구조"", ""camera_angle"": ""전면"", ""camera_params"": {""fov"": ""50mm"", ""aperture"": ""f/2.8"", ""iso"": ""200"", ""shutter"": ""1/60""}, ""negative"": []}</JSON>",0.7812500000000001,0.0140223787124019,0.4096482342263874,0.8569263219833374,0.8723224401473999,0.8420642614364624,0.4984923005104065,0.7812500000000001,0.014022378712401907,0.4096482342263874,0.8569263219833374,0.8723224401473999,0.8420642614364624,0.4984923005104065,0.0,0.9090909090909091,0.8571428571428572,0.9340027570724487
"<s>[SYSTEM]
You are an AI assistant specialized in interior design description and image prompt generation. Given an input condition from the user, you must reproduce the exact style and structure of the target outputs shown in the training dataset, including both the natural language description and the JSON block for image models. Do not add explanations. Do not change the output format. Always follow the patterns demonstrated in the dataset.

[USER]
제목: ""COZY HOUSE"" 삶과 휴식 공간으로서의 포근함. / 태그: 거실중앙장식장,무드화이트,목동한샘,화곡동한샘,우장산힐스테이트,우장산힐스테이트인테리어,강서힐스테이트,강서힐스테이트인테리어,우장산숲아이파크,우장산숲아이파크인테리어,화곡푸르지오,화곡푸르지오인테리어,우장산아이파크이편한,한샘리하우스,강서구한샘,양천구한샘,리모델링,매트매그놀리아,유닛슬라이딩중문,목동한샘,화곡동한샘,강서구인테리어,강서구한샘,양천구목동,우장산힐스테이트,우장산힐스테이트인테리어,강서힐스테이트,강서힐스테이트인테리어,우장산숲아이파크,우장산숲아이파크인테리어,우장산아이파크이편한세상,화곡푸르지오,화곡푸르지오인테리어,무드베이지,밀란,한샘펜트리장,우장산힐스테이트,우장산힐스테이트인테리어,강서힐스테이트,강서힐스테이트인테리어,화곡푸르지오,화곡푸르지오인테리어,우장산숲아이파크,우장산숲아이파크인테리어,우장산아이파크이편한세상,목공한샘,화곡동한샘,강서구한샘,양천구한샘,무드베이지,밀란,한샘펜트리장,우장산힐스테이트,우장산힐스테이트인테리어,강서힐스테이트,강서힐스테이트인테리어,화곡푸르지오,화곡푸르지오인테리어,우장산숲아이파크,우장산숲아이파크인테리어,우장산아이파크이편한세상,화곡동한샘,목동한샘,강서구한샘,양천구한샘,무드화이트,밀란,유닛슬라이딩중문,한샘중문,한샘현관장,한샘,한샘리하우스,브론즈유리,파사드벽지,우장산인테리어,우장산힐스테이트,우장산힐스테이트인테리어,강서힐스테이트인테리어,강서구아파트인테리어,화곡푸르지오,우장산아이파크,우드톤욕실,홈카페조명,모던거실,주방인덕션후드,현관아트월,현관타일,현관포인트,욕실과화장대,안방욕실,드레스룸수납공간,침실침대배치,바흐책상의자,빌트인TV장,키친핏,아일랜드형냉장고,무광화이트거실장,붙박이장,간접등,다운라이트,부엌가구,유로600,휴판넬,휴플로어,휴식을위한공간,소박하고포근한인테리어,한샘바스,거울샤워부스, BathroomMirrorShowerBooth,미닫이중도어,신발정리,하부장설치,행잉타입수납,발코니확장,커튼박스,시스템에어컨,냉난방겸용,단열창,세면대면수전,유라비아타일,밝은욕실,조적파티션,아이방과놀이방,아기자연분위기,아이들공부자리,자녀학습공간, BedroomsAndKidsRoomsForStudying,ChildrenPlayroom,ChildsStudySpace,WindowsInTheRoomToGetMoreLight,SoftColorSchemes,ComfortableInteriorDesign,HomeDecorationsWithNatureElements,MinimalistLivingSpaces,ReducedClutter,CleanAndNeutralColors,BalconyExpansionWithAirConditioning,CoolHangingTypeStorage,WindowInstallationToIncreaseVentilation,ColoredTilesOnFloorsAndWalls,IndoorOutdoorTransition,UnifiedAesthetic,WallpaperPaintings,ArtisticMurals,CharmingBedrooms,CozyKitchenSetup,EfficientAppliancePlacement,HybridHeatingSystem,EnergySavingTechnologies,IntegratedGardens,GreenSpacesInsideTheHouse,TreePlantingNearby,NaturalMaterialsUsage,HealthyAndSustainableDesign,SmallerKitchensForBetterUseOfTime,CounterTopMaintenance,CompactCookware,EasyFoodPreparation,QuietReadingNoobes,BookshelvesWithBooks,LibraryStyleArea,LearningSpaceForStudents,EncouragingStudyRoutines,PersonalizedSchoolTasks,HelpfulParentalGuidance,SmartHomeTechnologyIntegration,AutomaticGarbageDisposal,SelfCleaningOvens,HighCapacityBathrooms,Multi-functionalShowers,PrivacyDuringDowntime,RelaxationAreasWithinTheResidence,InvitingEntryHallway,HighlightingKeyFeatures,ExemplifyingDesiredLifestyle,MaximizingFunctionality,Optimized","<DESC>현관의 공간이 넓지 못하기에 최대한 밝고 따뜻한 느낌의 색감으로 연출을 하였습니다. 유닛슬라이딩 중문에 투명브론즈 유리를 사용하여 자칫 현관내부가 답답할 수 있는 부분을 해소하였습니다. 연한 크림계열의 무드화이트 현관장을 설치하여, 밝고 환한 이미지 연출을 하였습니다. 우장산 힐스테이트의 이 평형대 구조는 현관앞에 도어와 도어가 대면 되어진 타입으로, 사이의 거리가 좁아 도배로 마감하면 조잡해 보일 수 있고, 좁은면 도배를 하면 하자의 위험도 있어 도어와 같은 색상인 웜화이트로 MDF 판넬시공하였습니다. 이로서, 도어의 몰딩부분이 연결되어진 판넬의 일부분으로 디자인 시공되어, 연속성과 통일성을 확보하였습니다. 웜화이트(중문,도어,걸레받이,몰딩) + 웜코튼(중문) + 매그놀리아(주방가구) + 샌드아이보리(바닥재) = TONE & TONE 크림화이트 계열과 웜그레이 계열, 크림베이지 계열을 조합하여 색감 컨셉인 COZY 하우스의 완성도를 높여 포근하고 아늑한 공감 색감 연출을 극대화 하였습니다. 안방과 내실이 대면하고 있는 타입으로 사이 복도에 조명타입의 거실중앙장식장을 두어, 수납과 디스플레이를 용이하게 하였습니다. 고객님께서 홈바 두기를 원하셔서 한 공간에 모든것을 포함시키고자 하였습니다. 좌측에 키큰장(홈바,기기장,냉장고장) 라인업을 두고, 정면과 좌측에 계수대와 조리대 공간을 확보하며,식기세척기를 설치하여 넉넉히 공간을 사용하실 수 있게 하였습니다.</DESC>
<JSON>{""keywords"": [""현관"", ""홈바"", ""수납"", ""디스플레이"", ""아늑한"", ""밝은""], ""style"": [""모던"", ""코지""], ""colors"": [""웜화이트"", ""웜코튼"", ""매그놀리아"", ""샌드아이보리"", ""크림베이지""], ""lighting"": [""밝고 따뜻한 조명"", ""조명타입""], ""space"": [""좁은 현관"", ""복도"", ""주방""], ""furniture"": [""현관장"", ""중문"", ""걸레받이"", ""몰딩"", ""홈바"", ""기기장"", ""냉장고장"", ""계수대"", ""조리대"", ""식기세척기""], ""mood"": [""포근하고 아늑한"", ""밝고 환한""], ""composition"": ""현관과 주방이 연결된 구조로, 홈바와 수납공간이 조화를 이루는 구성"", ""camera_angle"": ""정면"", ""camera_params"": {""fov"": ""35mm"", ""aperture"": ""f/4"", ""iso"": ""200"", ""shutter"": ""1/60""}, ""negative"": [""어두운 색감"", ""혼잡한 공간"", ""답답한 느낌""]}</JSON>",0.0249999999999999,0.0,0.0804319083296606,0.7974046468734741,0.7890419960021973,0.8059464693069458,0.0569598414003849,0.024999999999999998,0.0,0.08043190832966066,0.7974046468734741,0.7890419960021973,0.8059464693069458,0.0569598414003849,0.0,0.0,0.0,0.2736530303955078
"<DESC>한샘 키친은 고급스러운 프리미엄 라인으로 매트 화이트와 그레이 컬러를 사용하여 깔끔하고 모던함을 강조했습니다. 특히 빌트인 냉장고가 설치된 부엌공간은 고급스러움이 더욱 돋보입니다. 안방에는 한샘의 베스트 셀러인 베이직 내츄럴 오크 제품과 고급스런 하이글러시드 상판으로 시공하여 아늑한 분위기 연출했습니다.</DESC>
<JSON>{""keywords"": [""주방"", ""고급스러운"", ""모던함""], ""style"": [""프리미엄"", ""클래식""], ""colors"": [""매트 화이트"", ""그레이""], ""lighting"": [""자연광"", ""부드러운 조명""], ""space"": [""부엌"", ""안방""], ""furniture"": [""빌트인 냉장고"", ""슬라이딩 도어"", ""수납장""], ""mood"": [""아늑한"", ""편안한""], ""composition"": ""중앙에 주방이 위치하고, 주변에 수납장이 배치된 구조"", ""camera_angle"": ""정면"", ""camera_params"": {""fov"": ""50mm"", ""aperture"": ""f/2.8"", ""iso"": ""100"", ""shutter_speed"": ""1/60""}, ""negative"": []}</JSON></s>","<DESC>바닥: #한샘강마루 벽: 실크벽지 #한샘3연동중문/ #파티션설치</DESC>
<JSON>{""keywords"": [""한샘강마루"", ""실크벽지"", ""한샘3연동중문"", ""파티션""], ""style"": [""모던"", ""미니멀리즘""], ""colors"": [""베이지"", ""화이트""], ""lighting"": [""자연광"", ""부드러운 조명""], ""space"": [""거실"", ""주거공간""], ""furniture"": [""소파"", ""테이블""], ""mood"": [""편안함"", ""아늑함""], ""composition"": ""중앙에 소파와 테이블 배치"", ""camera_angle"": ""정면"", ""camera_params"": {""fov"": ""50mm"", ""aperture"": ""f/2.8"", ""iso"": ""100"", ""shutter"": ""1/60""}, ""negative"": []}</JSON>",0.9333333333333332,0.1535756641891335,0.7724701397767405,0.9102498292922974,0.9007672667503356,0.9199342727661132,0.3575615286827087,0.9333333333333333,0.15357566418913354,0.7724701397767405,0.9102498292922974,0.9007672667503357,0.9199342727661133,0.35756152868270874,0.0,1.0,0.96,0.9539210200309753
"<DESC>이번에 소개해 드릴 현장은 서울 영등포구 양평동에 위치한 '문래 힐스테이트'의 44평형 입니다! 거실과 주방이 한 채로 연결되어 있고, 구조 변경을 통해 서재와 자녀 방을 따로 만들어 드린 현장입니다. 안방 쪽으로는 드레스 룸도 따로 만들었답니다!</DESC>
<JSON>{""keywords"": [""거실"", ""주방"", ""서재"", ""아이방"", ""드레스룸""], ""style"": [""모던"", ""미니멀리즘""], ""colors"": [""흰색"", ""갈색"", ""파란색""], ""lighting"": [""자연광"", ""부드러운 조명""], ""space"": [""넓은 공간"", ""개방적인 느낌""], ""furniture"": [""소파"", ""테이블"", ""의자""], ""mood"": [""편안함"", ""따뜻함""], ""composition"": ""균형 잡힌 배치"", ""camera_angle"": ""정면"", ""camera_params"": {""fov"": ""35mm"", ""aperture"": ""f/4"", ""iso"": ""200""}, ""negative"": []}</JSON></s>","<DESC>- 한샘 사일러 자동 3연동 (비산방지강화) - 한샘 유로700  그레이스화이트 - 한샘 빌트인 맞춤수납 유로100 매트화이트 - 한샘 바흐드레스룸 화이트 - 한샘 빌트인수납 책장/책상 - 한샘 유로 1단 장식장 - 한샘 엘레시 인셋 싱크볼 BLACK HOLE 940</DESC>
<JSON>{""keywords"": [""한샘"", ""사일러"", ""자동"", ""3연동"", ""비산방지강화"", ""유로700"", ""그레이스화이트"", ""빌트인"", ""맞춤수납"", ""유로100"", ""매트화이트"", ""바흐드레스룸"", ""화이트"", ""책장"", ""책상"", ""1단"", ""장식장"", ""엘레시"", ""인셋"", ""싱크볼"", ""BLACK HOLE""], ""style"": [""모던"", ""미니멀리즘""], ""colors"": [""화이트"", ""그레이""], ""lighting"": [""자연광"", ""부드러운 조명""], ""space"": [""거실"", ""드레스룸"", ""서재""], ""furniture"": [""책장"", ""책상"", ""장식장"", ""싱크볼""], ""mood"": [""편안한"", ""세련된""], ""composition"": ""중앙에 가구 배치, 주변에 수납공간"", ""camera_angle"": ""정면"", ""camera_params"": {""fov"": ""50mm"", ""aperture"": ""f/2.8"", ""iso"": ""100"", ""shutter"": ""1/60""}, ""negative"": []}</JSON>",0.6268656716417911,0.0852448384885686,0.4221763737082686,0.8848247528076172,0.8986567258834839,0.8714120388031006,0.487370491027832,0.6268656716417911,0.08524483848856869,0.4221763737082686,0.8848247528076172,0.8986567258834839,0.8714120388031006,0.48737049102783203,0.0,1.0,0.68,0.8009723424911499
"<DESC>기존에 사용하던 욕실은 구조상 세면대가 없는 형태로 사용하실 수 없었습니다! 그래서 이번 공사를 통해 욕조와 샤워공간이 있는 새로운 욕실로 시공하였습니다^^ 디자인만 봤을 때는 조금 복잡해 보일 수도 있지만 수납도 충분히 가능하고, 거울까지 있어 관리가 편한 욕실입니다. 기존의 안방 화장실과 달리 작은 사이즈지만 확장공사를 통해서 넓어진 느낌으로 사용할 수 있습니다. 안살림을 도맡아 하는 주부님들에게 특히 도움될 만한 수납형 붙박이장이 설치되었습니다.</DESC>
<JSON>{""keywords"": [""욕실"", ""샤워공간"", ""욕조"", ""붙박이장""], ""style"": [""모던"", ""미니멀리즘""], ""colors"": [""흰색"", ""중립색""], ""lighting"": [""자연광"", ""부드러운 조명""], ""space"": [""좁은 공간"", ""효율적인 배치""], ""furniture"": [""수건걸이용 선반"", ""작은 테이블""], ""mood"": [""편안함"", ""세련됨""], ""composition"": ""중앙에 큰 창문을 두고 양쪽에 세면대와 샤워 부스를 배치한 구성"", ""camera_angle"": ""정면"", ""camera_params"": {""fov"": ""50mm"", ""aperture"": ""f/2.8"", ""iso"": ""200"", ""shutter"": ""1/60""}, ""negative"": []}</JSON></s>","<DESC>현관에 덕지덕지 붙어있던 타일과 어울리지 않던 중문, 신발장, 타일을 싹 털어낸 후 새로 시공했답니다. 깔끔한 현관을 위해 매립형 다운라이트를 설치하고, 빌트인플러스 1단장식장을 달아주어, 차키나 마스크 등 일상용품을 잊지 않을 수 있답니다. 거실은 베란다 확장 을 통해 공간을 넓히고, ㄷ자주방 을 만들어서 대화가 가능한 멀티공간 으로 바뀌었답니다. ㄷ자주방의 부엌은 차분하면서도 깔끔한 도회적인 느낌을 주도록 디자인했습니다. 기본 동선에 충실한 ㄷ자 주방입니다. 23평대에는 욕실이 1칸입니다. 실용성과 디자인 모두 고려해야 합니다. 욕조와 파티션, 샤워부스 중 어느 것을 설치할지는 고객님과 충분히 상의한 후 결정합니다. 메인침실은 톤다운된 벽지를 시공해서 포근한 느낌을 주었습니다.</DESC>
<JSON>{""keywords"": [""현관"", ""주방"", ""욕실"", ""침실"", ""다운라이트"", ""빌트인장식장""], ""style"": [""모던"", ""도회적"", ""실용적""], ""colors"": [""톤다운된 색상"", ""중립색""], ""lighting"": [""매립형 다운라이트""], ""space"": [""현관"", ""거실"", ""주방"", ""욕실"", ""침실""], ""furniture"": [""신발장"", ""장식장"", ""주방가구""], ""mood"": [""깔끔"", ""차분"", ""포근""], ""composition"": ""현관과 주방, 욕실, 침실이 조화롭게 배치된 구조"", ""camera_angle"": ""wide-angle"", ""camera_params"": {""fov"": ""90"", ""aperture"": ""2.8"", ""iso"": ""200"", ""shutter"": ""1/60""}, ""negative"": [""혼잡한"", ""어수선한"", ""구식""]}</JSON>",0.8524590163934426,0.0388575948036941,0.3199218687054784,0.886165976524353,0.8963737487792969,0.8761881589889526,0.5806587934494019,0.8524590163934426,0.03885759480369416,0.3199218687054784,0.886165976524353,0.8963737487792969,0.8761881589889526,0.5806587934494019,0.0,1.0,0.8979591836734694,0.8954330682754517
"<DESC>이번 현장은 25평 아파트의 리모델링 사례로써 가족구성도 중·고등학생 자녀가 있는 가정이었습니다. 특히나 아이 방에는 공부를 잘 할 수 있도록 집중을 도와줄 가구와 조명으로 설계해드렸습니다.</DESC>
<JSON>{""keywords"": [""아파트"", ""리모델링"", ""중·고등학교 학생""], ""style"": [""모던"", ""미니멀리즘""], ""colors"": [""흰색"", ""회색"", ""파란색""], ""lighting"": [""부드러운 조명"", ""자연광 활용""], ""space"": [""20평 규모"", ""거실, 주방, 침실"", ""작은 정원""], ""furniture"": [""학생 책상과 의자"", ""서랍장이 많은 침대"", ""조명이 설치된 책장""], ""mood"": [""편안함"", ""효율성"", ""학습 친화적""], ""composition"": ""균형 잡힌 배치"", ""camera_angle"": ""정면"", ""camera_params"": {""fov"": ""35mm"", ""aperture"": ""f/2.8"", ""iso"": ""100"", ""shutter"": ""1/60""}, ""negative"": []}</JSON></s>","<DESC>반포 래미안퍼스티지 34 T2형입니다. 방 3개와 욕실 2개로 이루어져 있는 집인데요, 발코니가 안방 침실에 있는 독특한 구조로 보다 넓은 거실 공간을 활용할 수 있어요. 집에 들어오자마자 가장 먼저 시선이 가는 거실, 부드러운 분위기를 위한 토프컬러의 소파와 오크톤의 거실장으로 심플하게 배치했어요. 리클라이닝 기능이 있는 바흐 703 시어터 소파는 이름처럼 오랫동안 TV를 보아도 편안한 소파에요. 헤드레스트의 각도와 높이 조절이 가능해 각자의 체형과 자세에 따라 맞춰 쓸 수 있죠. 소파 옆에는 보조 사이드테이블을 놓았어요. 간단한 물건을 올려 놓을 수도 있고 앉은 키에 맞춰 높이 조절을 해 간식을 먹거나 노트북 등을 사용 할 수도 있습니다. 스티커, 다이어리 등 갖고 싶은 것도 보관할 것도 많은 사춘기 딸을 위한 방 제안입니다. 넉넉한 책장이 결합되어 있는  아이디S 책상세트는 책상 맞은편에 타공판이 있어 학습메모 등을 붙일 수 있죠. 자잘한 물건을 수납할 소형서랍과 콘센트가 있어 책상 하나면 모든게 해결되는 똑똑한 책상입니다. 도서관이나 학원에 공부하는 시간이 더 많은 학생을 위해 꼭 필요한 필수 가구만 간결하게 배치하여 편안하게 휴식하고 집중할 수 있는 방을 만들었어요. 대학에 진학하거나 성인이 되어서도 쓸 수 있는 모던하고 깔끔한 디자인의 가구들로 골랐습니다.</DESC>
<JSON>{""keywords"": [""거실"", ""침실"", ""책상"", ""소파"", ""사이드테이블"", ""서랍""], ""style"": [""모던"", ""심플""], ""colors"": [""토프"", ""오크톤""], ""lighting"": [""부드러운 조명""], ""space"": [""3개 방"", ""2개 욕실"", ""발코니""], ""furniture"": [""리클라이너 소파"", ""거실장"", ""사이드테이블"", ""책상세트"", ""책장""], ""mood"": [""편안한"", ""따뜻한""], ""composition"": ""거실과 침실이 조화롭게 배치된 구조"", ""camera_angle"": ""wide shot"", ""camera_params"": {""fov"": ""24mm"", ""aperture"": ""f/4"", ""iso"": ""200"", ""shutter"": ""1/60""}, ""negative"": []}</JSON>",0.6956521739130435,0.0063911748717671,0.4378881235314369,0.8521636724472046,0.8636959791183472,0.840935230255127,0.6051644086837769,0.6956521739130435,0.00639117487176717,0.43788812353143697,0.8521636724472046,0.8636959791183472,0.840935230255127,0.6051644086837769,0.0,1.0,0.7692307692307692,0.883465051651001
"<DESC>현업 아파트를 주로 사용하시는 분들에게는 가장 중요한 부분이 바로 수납입니다. 주방에서는 조리공간을 최대한 확보하면서도 수납공간은 부족함 없이 꽉 채워주었습니다. 아일랜드 위에는 식탁을 배치하여 식사 후에도 충분히 활용할 수 있도록 구성하였습니다.</DESC>
<JSON>{""keywords"": [""주방"", ""수납"", ""조리공간""], ""style"": [""모던"", ""내추럴""], ""colors"": [""중립색"", ""파스텔 톤""], ""lighting"": [""자연광"", ""부드러운 조명""], ""space"": [""주거 공간""], ""furniture"": [""아일랜드"", ""식탁"", ""냉장고"", ""오븐""], ""mood"": [""편안함"", ""실용성""], ""composition"": ""중앙에 아일랜드와 테이블 배치"", ""camera_angle"": ""정면"", ""camERA_params"": {""fov"": ""50mm"", ""aperture"": ""f/4"", ""iso"": ""100"", ""shutter_speed"": ""1/60""}, ""negative"": []}</JSON></s>","<DESC>기존 올드하며 답답한 구조의 주방을 화이트, 오크톤의 대면형 주방으로 개방감을 주었습니다. 오래된 사용감있는 욕실은 심플하지만 기본에 충실한 깨끗한 디자인으로 연출하였습니다. 넓은 안방 공간에 에어드레서장과 파우더장을 연계하여 붙박이장을 시공하였습니다.</DESC>
<JSON>{""keywords"": [""주방"", ""욕실"", ""안방"", ""붙박이장"", ""대면형 주방""], ""style"": [""모던"", ""심플""], ""colors"": [""화이트"", ""오크톤""], ""lighting"": [""자연광"", ""부드러운 조명""], ""space"": [""개방형"", ""넓은""], ""furniture"": [""에어드레서장"", ""파우더장"", ""붙박이장""], ""mood"": [""깨끗한"", ""편안한""], ""composition"": ""주방과 욕실, 안방이 조화를 이루는 구조"", ""camera_angle"": ""정면"", ""camera_params"": {""fov"": ""35mm"", ""aperture"": ""f/4"", ""iso"": ""200"", ""shutter"": ""1/60""}, ""negative"": [""어두운"", ""좁은"", ""복잡한""]}</JSON>",0.8928571428571429,0.0848075332153084,0.4402858639154825,0.9196284413337708,0.926798939704895,0.9125681519508362,0.7154896855354309,0.8928571428571429,0.08480753321530848,0.4402858639154825,0.9196284413337708,0.926798939704895,0.9125681519508362,0.7154896855354309,0.0,0.9090909090909091,0.8936170212765957,0.9755690097808838
"<DESC>현관을 깔끔하게 정리하고 거실과 주방에는 수납력이 좋은 제품으로 구성했어요. 현관은 신발장 대신 선반형 장을 설치해서 신발을 올려둘 수 있도록 했어요! 복도쪽 벽면은 플랫화이트 컬러의 슬림한 도어로 마감했습니다.</DESC>
<JSON>{""keywords"": [""현관"", ""신발장"", ""선반형 장"", ""복도"", ""슬림형 도어""], ""style"": [""모던"", ""미니멀리즘""], ""colors"": [""플랫화이트""], ""lighting"": [""자연광"", ""부드러운 조명""], ""space"": [""거실"", ""주방""], ""furniture"": [""신발장"", ""슬라이딩 문"", ""서랍식 가구""], ""mood"": [""깔끔함"", ""실용적"", ""편안함""], ""composition"": ""중앙 집중, 여백 활용"", ""camera_angle"": ""정면"", ""cameras"": [""04"", ""03""], ""negative"": []}</JSON></s>","<DESC>현관 장하부 공간에 데일리 슈즈를 수납 할 수 있도록 행잉형 현관장 설치 거실 불필요한 발코니공간을 확장하여 거실을 더 넓게 쓸 수 있게 설겠했습니다. 차분한 연그레이 실크벽에 웜톤에 간접 조명 설치로 심플 미니멀한 컨셈에 아늑한 무드를 더했습니다. 안방 적은 공간에 최대한 많이 수납을 할 수 있도록 수납력 강화  구성으로 붙박이 설치 부엌 작은 주방에도 많이 수납 할 수 있는 구성으로 설계 했습니다.</DESC>
<JSON>{""keywords"": [""현관"", ""행잉형 현관장"", ""거실"", ""발코니"", ""수납"", ""안방"", ""부엌""], ""style"": [""미니멀"", ""심플""], ""colors"": [""연그레이"", ""웜톤""], ""lighting"": [""간접 조명""], ""space"": [""현관"", ""거실"", ""안방"", ""부엌""], ""furniture"": [""행잉형 현관장"", ""붙박이장""], ""mood"": [""차분"", ""아늑""], ""composition"": ""현관과 거실이 연결된 공간으로, 수납 가구가 배치된 모습"", ""camera_angle"": ""정면"", ""camera_params"": {""fov"": ""50"", ""aperture"": ""2.8"", ""iso"": ""100"", ""shutter"": ""1/60""}, ""negative"": []}</JSON>",0.6521739130434783,0.0129592456329994,0.3169181651155086,0.9008033871650696,0.9106138348579408,0.8912019729614258,0.7375847101211548,0.6521739130434783,0.012959245632999413,0.31691816511550863,0.9008033871650696,0.9106138348579407,0.8912019729614258,0.7375847101211548,0.0,0.9090909090909091,0.5945945945945946,0.9776912331581116
"<DESC>거실에는 소파와 테이블을 배치하여 가족이 모여 식사를 하거나 책도 읽을 수 있도록 했습니다. 거실은 화이트 톤의 벽지와 밝은 우드색으로 마감하여 깔끔함과 포근함을 동시에 느낄수 있습니다.</DESC>
<JSON>{""keywords"": [""거실"", ""소파"", ""테이블"", ""가족"", ""식사"", ""책""], ""style"": [""모던"", ""미니멀리즘""], ""colors"": [""화이트"", ""밝은 우드""], ""lighting"": [""자연광"", ""부드러운 조명""], ""space"": [""넓은 공간""], ""furniture"": [""소파"", ""테이블""], ""mood"": [""포근함"", ""편안함""], ""composition"": ""중앙에 소파와 테이블 배치"", ""camera_angle"": ""정면"", ""camera_params"": {""fov"": ""50mm"", ""aperture"": ""f/4"", ""iso"": ""100"", ""shutter"": ""1/60""}, ""negative"": []}</JSON></s>","<DESC>바닥 : 휴장판 2.2T _ 비앙코카라라 아트월 : 월플러스_버실리아 두 제품을 활용하여 조화로운 분위기를 완성하였습니다. 상,하부장의 투톤계열의 자연스러운 분위기를 연출하며,주방발코니에 김치냉장고를 배치하여 동선의 최소화를 구현했습니다. [ 현관장 ] 무드화이트 현관장을 배치함으로 가성비와 통일감있는 모습을 구현했습니다.</DESC>
<JSON>{""keywords"": [""비앙코카라라"", ""버실리아"", ""주방"", ""현관"", ""김치냉장고""], ""style"": [""모던"", ""자연주의""], ""colors"": [""화이트"", ""그레이"", ""투톤""], ""lighting"": [""자연광"", ""부드러운 조명""], ""space"": [""주방"", ""발코니"", ""현관""], ""furniture"": [""상부장"", ""하부장"", ""김치냉장고"", ""현관장""], ""mood"": [""조화로운"", ""편안한""], ""composition"": ""주방과 현관이 연결된 공간"", ""camera_angle"": ""45도"", ""camera_params"": {""fov"": ""35mm"", ""aperture"": ""f/4"", ""iso"": ""200"", ""shutter"": ""1/60""}, ""negative"": []}</JSON>",0.8620689655172413,0.0872362395002724,0.6430348713541715,0.9101296067237854,0.923742175102234,0.8969123959541321,0.5832161903381348,0.8620689655172413,0.08723623950027243,0.6430348713541715,0.9101296067237854,0.9237421751022339,0.8969123959541321,0.5832161903381348,0.0,1.0,0.8936170212765957,0.9147030115127563
"<DESC>현관 입구는 슬라이딩 도어를 설치하고 간접 조명을 설치하여 밝고 따뜻한 분위기로 연출했습니다. 기존의 현관장 대신 여닫이 장으로 교체하여 수납력도 확보하였습니다.</DESC>
<JSON>{""keywords"": [""슬라이딩"", ""진입구"", ""밝은 분위기""], ""style"": [""모던"", ""미니멀리즘""], ""colors"": [""화이트"", ""그레이"", ""블랙""], ""lighting"": [""간접 조명"", ""따뜻한 톤""], ""space"": [""현관"", ""거실""], ""furniture"": [""수납 가구"", ""커튼""], ""mood"": [""편안함"", ""아늑함""], ""composition"": ""균형 잡힌 배치"", ""camera_angle"": ""정면"", ""camERA_params"": {""fov"": ""50mm"", ""aperture"": ""F2.8"", ""iso"": ""200""}, ""negative"": []}</JSON></s>","<DESC># 현장정보 - 아파트명 : 하얀주공5단지 - 면적 : 16평 (54㎡) - 가족구성 : 신혼부부 # 리모델링 포인트 - 주방 구조 변경으로 수납공간과 실용성 UP! - 화이트&베이지 조합으로 따뜻하고 부드러운 인테리어 - 최소한의 비용으로 필요한 가구만 배치한 심플 미니멀 인테리어 # 주요자재 - 한샘창호 - 휴 장판 3.5t - 트라버틴베이 - 한샘벽지 - 밀란100 무드베이지 - 유로 100 매트화이트 (수납) - 밀란 여닫이 중문 - 3인치 다운라이트 / T5 간접조명 / 수퍼슬림 방등 현관 복도식 아파트의 단점인 소음과 외풍을 차단하기 위한 여닫이 중문을 설계했고, 무드베이지 행잉형 현관장과 하부 간접조명으로 밝고 깨끗한 이미지의 현관으로 연출했습니다. 현관문 내부를 베이지 색상 필름으로 톤온톤 매치해 보시는 것도 추천드립니다. 거실&주방 일반적으로 쿡탑자리에 2단 서랍장으로 설계하지만, 이번 현장만큼은 일반 선반장으로 설계했습니다. 그 이유는 뒷벽에 점검구가 있기 때문인데요, 서랍장보다 선반장으로 설치하고 하부장 뒷판을 점검구 크기만큼 뚫어 놓으면 필요시 쉽게 점검구를 열어볼 수 있습니다. 안방 침대만 들어가도 꽉 차는 안방이지만 수납은 필수적으로 필요하죠. 공간활용을 위해 스윙도어 대신 슬라이딩 도어 붙박이장으로 설계했습니다. 욕실</DESC>
<JSON>{""keywords"": [""신혼부부"", ""아파트"", ""리모델링"", ""수납공간"", ""미니멀 인테리어""], ""style"": [""심플"", ""미니멀리즘""], ""colors"": [""화이트"", ""베이지"", ""무드베이지""], ""lighting"": [""다운라이트"", ""간접조명"", ""방등""], ""space"": [""현관"", ""거실"", ""주방"", ""안방"", ""욕실""], ""furniture"": [""서랍장"", ""선반장"", ""슬라이딩 도어 붙박이장"", ""행잉형 현관장""], ""mood"": [""따뜻한"", ""부드러운"", ""밝고 깨끗한""], ""composition"": ""현관과 거실이 연결된 구조로, 수납공간이 강조된 미니멀한 인테리어"", ""camera_angle"": ""wide shot"", ""camera_params"": {""fov"": ""24mm"", ""aperture"": ""f/4"", ""iso"": ""200"", ""shutter"": ""1/60""}, ""negative"": [""혼잡한"", ""어두운"", ""복잡한 가구 배치""]}</JSON>",0.6461538461538462,0.0032004152699779,0.2379631444383995,0.856592059135437,0.8758471012115479,0.8381654024124146,0.389132022857666,0.6461538461538462,0.003200415269977909,0.23796314443839955,0.856592059135437,0.8758471012115479,0.8381654024124146,0.389132022857666,0.0,0.9090909090909091,0.7555555555555556,0.9503195285797119
"<DESC>현관 입구에는 매트 매그놀리아를 시공하여 부드러운 느낌이 돋보이도록 하였습니다. 특히 신발장은 슬라이딩 중문과 동일한 사이즈로 제작하여 디자인 통일성 및 편리함까지 확보했습니다.</DESC>
<JSON>{""keywords"": [""거실"", ""모던"", ""따뜻한 인테리어""], ""style"": [""미니멀리즘"", ""고급스러운""], ""colors"": [""베이지"", ""화이트"", ""우드톤""], ""lighting"": [""자연광"", ""부드러운 조명""], ""space"": [""작은 방"", ""부엌""], ""furniture"": [""소파는"", ""테이블"", ""의자""], ""mood"": [""편안함"", ""안락함""], ""composition"": ""중심에 소파가 위치하고 나머지 공간이 균형있게 배치됨"", ""camera_angle"": ""정면"", ""camera_params"": {""fov"": ""35mm"", ""aperture"": ""F4"", ""iso"": ""200"", ""shutter"": ""1/60""}, ""negative"": []}</JSON></s>","<DESC>한샘의 올인원 후드일체형 인덕션 쿡탑을 사용함으로서 가열대 위치 조정이 용이하게 하였고, 가열대를 과감히 주방의 중앙으로 설계하여 식탁 둘 곳을 확보하였습니다. 적층장을 사용하여 수납공간 확보하였습니다 파사드 바그너 벽지와 마블스퀘어 강마루 솔트화이트, 매트 매그놀리아, 유닛중문(크림) 등 파스텔 계열의 색감을 조합하여 아늑하고, 포근한 느낌의 디자인 색감을 연출하였습니다.</DESC>
<JSON>{""keywords"": [""주방"", ""인덕션"", ""수납공간"", ""가열대"", ""식탁"", ""파스텔 색감""], ""style"": [""모던"", ""미니멀리즘""], ""colors"": [""파스텔"", ""솔트화이트"", ""매트 매그놀리아"", ""크림""], ""lighting"": [""부드러운 조명"", ""자연광""], ""space"": [""중앙 가열대"", ""식탁 공간"", ""적층장""], ""furniture"": [""식탁"", ""의자"", ""주방 가구""], ""mood"": [""아늑함"", ""포근함""], ""composition"": ""중앙에 인덕션 쿡탑과 식탁이 배치된 주방"", ""camera_angle"": ""정면"", ""camera_params"": {""fov"": ""50"", ""aperture"": ""2.8"", ""iso"": ""100"", ""shutter"": ""1/60""}, ""negative"": []}</JSON>",0.8518518518518519,0.039413349257276,0.62322271605407,0.9075482487678528,0.9189721941947936,0.8964049816131592,0.4234780371189117,0.8518518518518519,0.039413349257276076,0.62322271605407,0.9075482487678528,0.9189721941947937,0.8964049816131592,0.42347803711891174,0.0,1.0,0.8444444444444444,0.9620643854141235
"<DESC>거실의 경우 거실과 안방 사이에 있는 파티션을 제거하여 더 넓은 구조로 만들었습니다. 이 과정에서 현관쪽으로는 가벽을 세워 확장부 쪽 벽 일부를 막아주고 안쪽은 유리문으로 마감해 주었습니다. 기존 주방가구와 냉장고장 위치를 조정해주어 동선도 더욱 쾌적하게 만들어주었습니다.</DESC>
<JSON>{""keywords"": [""거실"", ""파트션"", ""가벽"", ""유리기문""], ""style"": [""모던"", ""미니멀리즘""], ""colors"": [""흰색"", ""중립색""], ""lighting"": [""자연광"", ""부드러운 조명""], ""space"": [""넓은 공간"", ""개방된 공간""], ""furniture"": [""소파"", ""테이블"", ""의자""], ""mood"": [""편안함"", ""활기찬""], ""composition"": ""중앙 집중"", ""camera_angle"": ""정면"", ""camera_params"": {""fov"": ""50mm"", ""aperture"": ""F4"", ""iso"": ""200"", ""shutter"": ""1/60""}, ""negative"": []}</JSON></s>","<DESC>ㄱ자 주방으로 설계하였으며 화이트장으로 깔끔하고 모던한 느낌의 주방을 제안합니다!! 인덕션 밑으로 서랍을 설계하여 편리하게 사용하실수 있도록 제안드리며 냉장고장 과 기기장으로 더욱 편리하게 설계하였습니다~~ 입구좌방에 붙박이장을 설계하여 드레스룸으로 만들어보았습니다!!</DESC>
<JSON>{""keywords"": [""ㄱ자 주방"", ""모던"", ""화이트"", ""드레스룸""], ""style"": [""모던"", ""미니멀리즘""], ""colors"": [""화이트"", ""그레이""], ""lighting"": [""자연광"", ""부드러운 조명""], ""space"": [""주방"", ""드레스룸""], ""furniture"": [""인덕션"", ""서랍"", ""냉장고"", ""기기장"", ""붙박이장""], ""mood"": [""깔끔"", ""편리""], ""composition"": ""주방과 드레스룸이 연결된 공간"", ""camera_angle"": ""45도"", ""camera_params"": {""fov"": ""35mm"", ""aperture"": ""f/4"", ""iso"": ""200"", ""shutter"": ""1/60""}, ""negative"": []}</JSON>",0.8727272727272727,0.1368296656140879,0.6888815949896141,0.925109565258026,0.9256926774978638,0.924527108669281,0.7051984071731567,0.8727272727272727,0.1368296656140879,0.6888815949896141,0.9251095652580261,0.9256926774978638,0.924527108669281,0.7051984071731567,0.0,1.0,0.8695652173913043,0.9385296106338501
"<DESC>거실과 욕실을 함께 설계하여 더욱 넓어진 느낌이 드는 구조입니다. 거실은 수납장과 소파를 배치하여 더 넓고 아늑한 분위기로 연출하였습니다.</DESC>
<JSON>{""keywords"": [""거실"", ""욕실"", ""넓어짐"", ""아늑함""], ""style"": [""모던"", ""미니멀리즘""], ""colors"": [""흰색"", ""갈색"", ""회색""], ""lighting"": [""자연광"", ""부드러운 조명""], ""space"": [""거실"", "" Bathroom""], ""furniture"": [""수납장"", ""소파"", ""의자""], ""mood"": [""편안한"", ""아늑한""], ""composition"": ""중앙에 배치된 거실과 그 주변으로 연결된 욕조와 세면대"", ""camera_angle"": ""정면"", ""camera_params"": {""fov"": ""50mm"", ""aperture"": ""f/3.5"", ""iso"": ""100"", ""shutter"": ""1/60""}, ""negative"": []}</JSON></s>","<DESC>이런 소형 아파트의 특징은 거실과 주방의 경계가 모호하다는 부분입니다. 긴 벽이 하나로 되어 이어져있기 때문에 디자이너가 고객의 니즈에 맞게 공간을 구분하는 것이 매우 중요한 포인트 입니다. 해당 현장의 고객님은 저예산으로 깔끔한 웜톤을 원하셨던 1인 남성 가구였는데, 밝은 조명을 싫어하셨던 고객님이었습니다. 그 니즈에 맞춰 정말 필요한 조도만 확보하는 방식으로 조명을 배치하였습니다. 냉장고는 미니냉장고로 방에 배치가 된 현장입니다.</DESC>
<JSON>{""keywords"": [""소형 아파트"", ""거실"", ""주방"", ""공간 구분"", ""웜톤"", ""1인 가구""], ""style"": [""모던"", ""미니멀리즘""], ""colors"": [""베이지"", ""브라운"", ""크림""], ""lighting"": [""부드러운 조명"", ""간접 조명""], ""space"": [""거실"", ""주방"", ""개방형""], ""furniture"": [""미니 냉장고"", ""소파"", ""테이블""], ""mood"": [""편안함"", ""아늑함""], ""composition"": ""거실과 주방이 연결된 구조"", ""camera_angle"": ""정면"", ""camera_params"": {""fov"": ""35mm"", ""aperture"": ""f/4"", ""iso"": ""200"", ""shutter"": ""1/60""}, ""negative"": [""밝은 조명"", ""혼잡한 공간""]}</JSON>",0.8135593220338982,0.0591769141767762,0.4779593212887083,0.9123113751411438,0.9242504835128784,0.9006768465042114,0.6410796642303467,0.8135593220338982,0.05917691417677628,0.4779593212887083,0.9123113751411438,0.9242504835128784,0.9006768465042114,0.6410796642303467,0.0,1.0,0.816326530612245,0.9208501577377319
"<DESC>거실 확장과 구조 변경으로 더 넓어진 거실! 주방은 시스템 에어컨을 설치해서 활용도를 높였습니다. 또한, 간접 조명이 설치되어 분위기 있는 공간으로 만들어 줍니다.</DESC>
<JSON>{""keywords"": [""거실"", ""주방"", ""구조 변경"", ""확장"", ""시스템 에어컨""], ""style"": [""모던"", ""미니멀리즘""], ""colors"": [""흰색"", ""검은색"", ""파란색""], ""lighting"": [""자연광"", ""부드러운 조명""], ""space"": [""넓은 거실"", ""개방적인 주방""], ""furniture"": [""소파"", ""테이블""], ""mood"": [""편안한"", ""아늑한""], ""composition"": ""중심에 소파와 테이블이 배치된 넓은 공간"", ""camera_angle"": ""정면"", ""camera_params"": {""fov"": ""50mm"", ""aperture"": ""f/4"", ""iso"": ""200"", ""shutter"": ""1/60""}, ""negative"": []}</JD></SJ>


<DESC>현관의 신발장 교체로 더욱 넓어 보이는 현관과 깔끔한 붙박이장이 돋보이는 안방욕실입니다!</DESC>
<JS>{""keywords"": [""현관장"", ""붙박이장"", ""안방욕실""], ""style"": [""심플"", ""현대적""], ""colors"": [""밝은 색상"", ""중립 색조""], ""lighting"": [""자연광"", ""따뜻한 빛""], ""space"": [""넓고 깨끗한 현관"", ""깔끔한 욕실""], ""furniture"": [""신발장"", ""거울""], ""mood"": [""깨끗함"", ""편리성""], ""composition"": ""중앙에 거울이 있고 주변에 신발장이 배치된 구조"", ""camera_angle"": ""수직"", ""camera_params"": {""fov"": ""24mm"", ""aperture"": ""f/3.5"", ""iso"": ""500"", ""shutter"": ""1/30""}}, ""negative"": []}</JD></SJ>


<DESC>자녀 방 리모델링을 통해 아이들에게 필요한 가구만 배치했습니다! 특히 수납력 좋은 책상과 의자가 필수죠? 작은 방이지만 충분히 아늑하게 사용할 수 있도록 천장까지 높은 책장과 스탠드 조명도 함께 놓았습니다!</DESC>
<JS>{""keywords"": [""아이방"", ""수납"", ""책상"", ""의자""], ""style"": [""실용주의"", ""기능적 디자인""], ""colors"": [""회색톤"", ""차분한 베이지""], ""lighting"": [""스탠드 조명"", ""낮은 조도""], ""space"": [""작은 방"", ""아담한","<DESC>1. 밀란 100 무드화이트 무드 화이트는 자연으로 부어 연상되는 부드러운 오가닉 화이트 컬러 도어입니다. 2. 고객님께서 구조변경을 원하셔서 기존 ㅡ자 부엌을 ㄱ자형태로 변경하였습니다. 1. 대형 600X600타일 한 가지 대형타일 시공으로 넓어보이는 느낌의 타일 시공 2. 함몰조적선반 함몰조적선반을 시공하여 공간 활용과 인테리어를 동시에 만족 1. 슬라이딩 수납장 좁은 공간을 활용하기 위해 여닫이 수납장이 아닌 슬라이딩 수납장을 선택하였습니다. 2. 간접조명 메인 조명 대신 간접조명을 사용하여 천장을 높아보이는 효과를 주었습니다. 맞춤 책상을 제작하여 좁은 방에 딱 맞는 빌트인형식 책상을 제작하였습니다.</DESC>
<JSON>{""keywords"": [""밀란"", ""무드화이트"", ""오가닉 화이트"", ""ㄱ자형 부엌"", ""대형 타일"", ""함몰조적선반"", ""슬라이딩 수납장"", ""간접조명"", ""맞춤 책상""], ""style"": [""모던"", ""미니멀리즘""], ""colors"": [""화이트"", ""그레이""], ""lighting"": [""간접조명""], ""space"": [""부엌"", ""좁은 방""], ""furniture"": [""슬라이딩 수납장"", ""맞춤 책상""], ""mood"": [""편안함"", ""세련됨""], ""composition"": ""부엌과 좁은 방이 조화를 이루는 구조"", ""camera_angle"": ""45도"", ""camera_params"": {""fov"": ""35mm"", ""aperture"": ""f/4"", ""iso"": ""200"", ""shutter"": ""1/60""}, ""negative"": []}</JSON>",0.495049504950495,0.052535289682771,0.3214303431283726,0.879163920879364,0.8890376091003418,0.8695070743560791,0.6471948027610779,0.49504950495049505,0.052535289682771005,0.3214303431283726,0.879163920879364,0.8890376091003418,0.8695070743560791,0.6471948027610779,0.0,0.0,0.0,0.23541656136512756
"<DESC>거실 거실은 화이트톤의 타일과 밝은 색상으로 화사함을 강조했습니다. 간접 조명에 포인트로 천장에 핀 조명도 설치했어요. 주방 아일랜드는 싱크대 옆쪽에 배치해 활용도가 높도록 설계했습니다.</DESC>
<JSON>{""keywords"": [""거실"", ""주방"", ""화이트톤"", ""화사함"", ""밝음""], ""style"": [""모던"", ""미니멀리즘""], ""colors"": [""흰색"", ""밝은 색조""], ""lighting"": [""간접 조명"", ""핀 조명""], ""space"": [""거실"", ""주방""], ""furniture"": [""소파"", ""식탁"", ""수납장""], ""mood"": [""편안한"", ""아늑한""]}</JSON></s>","<DESC>아일랜드형으로 넓고 화사한 무드베이지 컬러의 부엌을 입니다. 부엌 공간이 협소하기에 빌트인 냉장고로 시공을 했습니다. 개수대를 대면형 구조쪽으로 이동하여 넓은 조리공간을 확보했습니다. 실링팬을 설치해 공기순환을 원활하게 할 수 있게 만들었습니다. 사계절 내내 유용하게 사용할 수 있죠. 천장의 조명은 부엌과 거실을 연결하는 라인조명으로 밝고 간결하게 연출하였습니다. 우드 포인트의 타일과 조명거울로 아기자기한 느낌의 욕실을 만들었습니다. 발코니 공간은 편안한 휴식이 가능하도록 만들었습니다. 천장에는 공간에 포인트가 될 수 있는 펜던트 조명을 설치하고 간단한 티타임을 즐길 수 있도록 원형테이블과 벤치를 두었습니다. 장판을 시공하여 슬리퍼 없이 편하게 사용할 수 있어요.</DESC>
<JSON>{""keywords"": [""부엌"", ""아일랜드형"", ""빌트인 냉장고"", ""조리공간"", ""실링팬"", ""라인조명"", ""욕실"", ""우드 포인트"", ""타일"", ""조명거울"", ""발코니"", ""펜던트 조명"", ""원형테이블"", ""벤치"", ""장판""], ""style"": [""모던"", ""미니멀리즘""], ""colors"": [""무드베이지"", ""우드톤""], ""lighting"": [""밝고 간결한 조명"", ""라인조명"", ""펜던트 조명""], ""space"": [""부엌"", ""욕실"", ""발코니""], ""furniture"": [""원형테이블"", ""벤치"", ""빌트인 냉장고""], ""mood"": [""화사한"", ""편안한""], ""composition"": ""넓고 개방적인 구조"", ""camera_angle"": ""정면"", ""camera_params"": {""fov"": ""50mm"", ""aperture"": ""f/2.8"", ""iso"": ""100"", ""shutter"": ""1/60""}, ""negative"": []}</JSON>",0.55,0.0102123260632588,0.2014954855475872,0.8915955424308777,0.9148362278938292,0.8695064187049866,0.6707201600074768,0.55,0.010212326063258878,0.2014954855475872,0.8915955424308777,0.9148362278938293,0.8695064187049866,0.6707201600074768,0.0,0.7777777777777778,0.45161290322580644,0.9083945155143738
"<DESC>거실 확장 공사 후 안방과 연결된 구조 입니다! 거실에서 바라본 침실 방향입니다. 안방은 침대를 두고 사용할 수 있도록 붙박이장을 설치하고 천장에 간접 조명 을 설치해서 분위기 있게 연출했습니다!</DESC>
<JSON>{""keywords"": [""거실"", ""안방"", ""침실"", ""붙박이장"", ""간접 조명""], ""style"": [""모던"", ""미니멀리즘""], ""colors"": [""흰색"", ""회색"", ""베이지""], ""lighting"": [""자연광"", ""부드러운 조명""], ""space"": [""개방적인 공간"", ""연결된 공간""], ""furniture"": [""책상"", ""의자"", ""소파""], ""mood"": [""편안함"", ""아늑한 느낌""], ""composition"": ""중앙에 침실과 거실이 연결되고, 벽 쪽으로 붙박이장이 배치된 구성"", ""camera_angle"": ""정면"", ""camera_params"": {""fov"": ""50mm"", ""aperture"": ""f/4"", ""iso"": ""200"", ""shutter"": ""1/60""}, ""negative"": []}</JSON></s>","<DESC>거실인테리어 기존 거실 발코니를 확장하여 다이닝룸을 만들어드렸습니다. 밖에 야경을 보며 식사를 하실 수 있게끔 창호는 한샘 창호 시공으로 단열과 시야 확장성 2가지를 잡았습니다. 작은 평수에서 다이닝룸 확보하기위해 확장공사 이제는 필수가 되어버렸을지 모르겠네요! 욕실 인테리어 몰딩이 없는 한샘바스로 다시태어났습니다! 이번에 나온 신제품 SPC 판넬바스입니다. 기본적으로 내구성 및 관리하기가 조금더 수월해졌다는점이 장점이구요! 이렇게 이쁜 욕실이 1일시공이라니,..!? 살면서 욕실 시공원하는 사람 모여라!! 안방 인테리어 안방에 경우에는 신혼부부의 침실로 포인트 조명으로 작은 펜던트 시공을 해드렸고 침대 헤드쪽은 포인트 도배 시공으로 진행하였습니다!</DESC>
<JSON>{""keywords"": [""거실"", ""다이닝룸"", ""욕실"", ""안방"", ""신혼부부""], ""style"": [""모던"", ""미니멀리즘""], ""colors"": [""중성색"", ""화이트"", ""그레이""], ""lighting"": [""자연광"", ""포인트 조명""], ""space"": [""거실"", ""다이닝룸"", ""욕실"", ""안방""], ""furniture"": [""식탁"", ""의자"", ""침대"", ""욕조""], ""mood"": [""편안함"", ""아늑함""], ""composition"": ""거실과 다이닝룸이 연결된 구조, 욕실과 안방이 따로 있는 구성"", ""camera_angle"": ""wide shot"", ""camera_params"": {""fov"": ""75"", ""aperture"": ""2.8"", ""iso"": ""400"", ""shutter"": ""1/60""}, ""negative"": [""혼잡한 공간"", ""어두운 조명""]}</JSON>",0.7666666666666666,0.0363293601226797,0.4294416336736011,0.8993085026741028,0.9173476696014404,0.881965160369873,0.5435795187950134,0.7666666666666666,0.036329360122679746,0.4294416336736011,0.8993085026741028,0.9173476696014404,0.881965160369873,0.5435795187950134,0.0,1.0,0.7916666666666667,0.9529316425323486
"<DESC>현관은 깔끔하게 연출했습니다. 현관장은 한샘의 프리미엄 중문인 유로프리미엄 스윙을 시공해 고급스러운 분위기를 더했고, 붙박이장 또한 화이트 톤으로 설계하였습니다. 기존에 사용하던 신발장이 없어 아쉬웠는데, 수납이 가능한 제품이라 더욱 활용도가 높습니다. 거실에서 주방까지 이어지는 복도입니다. 벽타일과 조명시공으로 깔끔하면서 모던함을 강조했습니다. 부엌쪽으로 들어가는 통로는 타일 대신 강마루와 간접조명으로 포인트 주었습니다. 메인 욕실은 한샘 페플내추럴 바스제품을 사용하여 편안한 느낌으로 연출하였습니다.</DESC>
<JSON>{""keywords"": [""현관"", ""부엌"", ""복도"", ""거실"", ""욕실""], ""style"": [""모던"", ""고급스러운""], ""colors"": [""화이트"", ""블랙"", ""브라운""], ""lighting"": [""간접조명"", ""밝은 조명""], ""space"": [""거실과 연결된 복도"", ""메인 욕실""], ""furniture"": [""신발장"", ""붙박이장"", ""휴러쉬형 장판""], ""mood"": [""깔끔하고 세련된""], ""composition"": ""중앙 집중 배치"", ""camera_angle"": ""정면"", ""camera_params"": {""fov"": ""50mm"", ""aperture"": ""F2.8"", ""iso"": ""100"", ""shutter"": ""1/60""}, ""negative"": []}</JSON></s>","<DESC>라이트한 베이지 컬러의 마루와 화이트 베이스에 그레이 포인트 벽지가 창문도 반짝반짝 윤이나게 청소 했습니다. 입주청소까지 깔끔하죠. 아일랜드형으로 설계해서 조리하고 바로 맞은편에서 얘기하고 간편하게 음식도 즐길 수 있는 공간이 되었습니다. 한샘의 유로도브 주방으로 깔끔하고 위생적인 주방 공간이 탄생했습니다. 안방에서 안방 욕실로 바로 이어지는 구조인 현장 이였습니다. 한샘의 페블 내추럴장은 공간에 따라 다양한 이미지로 잘 어울린답니다.</DESC>
<JSON>{""keywords"": [""베이지"", ""화이트"", ""그레이"", ""주방"", ""아일랜드형"", ""안방"", ""욕실""], ""style"": [""모던"", ""미니멀리즘""], ""colors"": [""베이지"", ""화이트"", ""그레이""], ""lighting"": [""자연광"", ""부드러운 조명""], ""space"": [""주방"", ""거실"", ""안방"", ""욕실""], ""furniture"": [""아일랜드 식탁"", ""주방 가구"", ""소파""], ""mood"": [""깔끔함"", ""편안함""], ""composition"": ""주방과 거실이 연결된 오픈 플랜"", ""camera_angle"": ""45도"", ""camera_params"": {""fov"": ""35mm"", ""aperture"": ""f/4"", ""iso"": ""200"", ""shutter"": ""1/60""}, ""negative"": []}</JSON>",0.8214285714285714,0.0334944592256164,0.5875657344000343,0.914951503276825,0.9138611555099488,0.9160444736480712,0.7418206930160522,0.8214285714285714,0.03349445922561644,0.5875657344000343,0.914951503276825,0.9138611555099487,0.9160444736480713,0.7418206930160522,0.0,1.0,0.8085106382978724,0.9509072303771973
"<DESC>현관입니다. 중문은 슬라이딩 중문의 장점을 살려 슬림한 사이즈의 제품으로 선택했습니다. 현관에는 수납과 조명 기능을 모두 갖춘 스윙형 붙박이장이 설치되어 있습니다. 거실 벽지는 은은한 그레이 톤의 타일 벽지를 사용하였으며, 간접 조명으로 포인트를 주었습니다.</DESC>
<JSON>{""keywords"": [""현관"", ""슬라이딩 중문"", ""수납"", ""조명""], ""style"": [""모던"", ""미니멀리즘""], ""colors"": [""그레이"", ""화이트""], ""lighting"": [""간접 조명""], ""space"": [""거실""], ""furniture"": [""스윙형 붙박이장""], ""mood"": [""편안함"", ""실용성""], ""composition"": ""중문과 붙박이장이 조화롭게 배치된 모습"", ""camera_angle"": ""정면"", ""camera_params"": {""fov"": ""50mm"", ""aperture"": ""2.8"", ""iso"": ""100"", ""shutter"": ""1/60""}, ""negative"": []}</JSON></s>","<DESC>키친│따뜻한 톤의 매그놀리아 도어와 오크 컬러의 카페장과의 조화</DESC>
<JSON>{""keywords"": [""키친"", ""매그놀리아 도어"", ""오크 컬러"", ""카페장""], ""style"": [""따뜻한"", ""모던""], ""colors"": [""매그놀리아"", ""오크""], ""lighting"": [""따뜻한 조명""], ""space"": [""주방""], ""furniture"": [""카페장""], ""mood"": [""아늑한"", ""편안한""], ""composition"": ""중앙에 카페장이 위치하고, 매그놀리아 도어가 배경에 보이는 구성"", ""camera_angle"": ""정면"", ""camera_params"": {""fov"": ""50mm"", ""aperture"": ""f/2.8"", ""iso"": ""200"", ""shutter"": ""1/60""}, ""negative"": []}</JSON>",0.9285714285714286,0.0965531515968677,0.8012192336631735,0.9151590466499328,0.9074771404266356,0.9229720830917358,0.4568752348423004,0.9285714285714286,0.09655315159686773,0.8012192336631735,0.9151590466499329,0.9074771404266357,0.9229720830917358,0.4568752348423004,0.0,1.0,0.9361702127659574,0.951591968536377
"<DESC>한샘이 제안하는 24평형 아파트 리모델링을 통해 집 안에 여유와 쾌적함을 동시에 누릴 수 있습니다! 현관 - 중문 설치를 통한 거실 확장 효과 거실과 부엌 사이에는 기존에 사용하던 슬라이딩장 대신 중문을 설치하여 안방으로 이어지는 복도를 확보했습니다. 덕분에 거실에서부터 방까지 모두 한 번에 연결되는 구조가 되어 답답하지 않은 열린 느낌의 인테리어 연출이 가능합니다. 또한 수납력은 높이고 신발이나 가방 등 부피가 큰 물건들은 중문 아래에 보관할 수 있어 깔끔한 디자인 구현이 가능하죠!</DESC>
<JSON>{""keywords"": [""현관"", ""슬라이딩장"", ""중문"", ""거실"", ""부엌"", ""안방""], ""style"": [""모던"", ""오픈형""], ""colors"": [""흰색"", ""검은색""], ""lighting"": [""자연광"", ""부드러운 조명""], ""space"": [""개방된 공간"", ""넓은 거실""], ""furniture"": [""수납장"", ""가구""], ""mood"":[""깔끔하고 실용적"", ""편안한 분위기""], ""composition"": ""[중앙] 거실 및 복도로 이어진 개방형 공간 [주변] 수납장이 있는 부엌], ""camera_angle"": ""정면"", ""camera_params"": {""fov"": ""35mm"", ""aperture"": ""f/2.8"", ""iso"": ""100"", ""shutter"": ""1/60""}, ""negative"": []}</JSON></s>","<DESC>기존에도 현관은 주방과 연결된 구조로 평형대에 비해, 개방감이 확보된 것이 특징이었습니다. 기존의 장점을 살려, 현관을 최대한 넓게 사용하실 수 있도록 디딤석만 연장하였고, 공간의 통일감을 위해 신발장과 부엌 가구는 같은 마감재를 사용했습니다.</DESC>
<JSON>{""keywords"": [""현관"", ""주방"", ""개방감"", ""신발장"", ""디딤석""], ""style"": [""모던"", ""미니멀리즘""], ""colors"": [""화이트"", ""우드"", ""그레이""], ""lighting"": [""자연광"", ""부드러운 조명""], ""space"": [""넓은 공간"", ""연결된 구조""], ""furniture"": [""신발장"", ""부엌 가구""], ""mood"": [""편안한"", ""환영하는""], ""composition"": ""현관과 주방이 연결된 넓은 공간"", ""camera_angle"": ""정면"", ""camera_params"": {""fov"": ""50"", ""aperture"": ""2.8"", ""iso"": ""100"", ""shutter"": ""1/60""}, ""negative"": []}</JSON>",0.912280701754386,0.0878876694865193,0.6906728577999394,0.91017746925354,0.899200975894928,0.9214252829551696,0.7845442295074463,0.912280701754386,0.08788766948651931,0.6906728577999394,0.91017746925354,0.899200975894928,0.9214252829551697,0.7845442295074463,0.0,0.0,0.9361702127659574,0.9697594046592712
"<DESC>현관 중문을 설치해서 바람과 소음을 차단해 주었습니다! 현관 신발장은 모던하고 심플한 디자인으로 설계했어요. 거실은 40인치 LED TV로 포인트를 줬어요 :) 주방에는 빌트인 냉장고가 필수죠? 요즘 트렌드입니다! 기존의 화이트 톤에서 그레이 컬러로 변경하면서 좀 더 고급스러운 느낌을 주고 싶었습니다.</DESC>
<JSON>{""keywords"": [""현관"", ""중문"", ""거실"", ""주방"", ""TV"", ""수납""], ""style"": [""모던"", ""미니멀리즘""], ""colors"": [""그레이"", ""화이트"", ""블랙""], ""lighting"": [""자연광"", ""부드러운 조명""], ""space"": [""진입 공간"", ""리빙룸"", ""요리 공간""], ""furniture"": [""신발장"", ""소파"", ""테이블"", ""TV"", ""조리대""], ""mood"": [""편안함"", ""아늑함""], ""composition"": ""균형 잡힌 비율"", ""camera_angle"": ""정면"", ""camera_params"": {""fov"": ""35mm"", ""aperture"": ""F2.8"", ""iso"": ""100"", ""shutter"": ""1/60""}, ""negative"": []}</JSON></s>","<DESC>폭이 넓은 브러쉬와이드강마루로 넓은 공간감과 고급스러움을 더하고 애쉬화이트 마루, 베이지톤의 가구들로 화사하고 따뜻한 분위기의 거실을 연출했습니다. 반대편은 빌트인 냉장고와 장식장으로 설계했습니다. 예쁜 그릇을 보면 꼭 하나씩 사고싶더라구요. 그렇게 하나 둘 모아 멋진 장식장에 보관하면 더 좋겠죠? 안방은 고급스러운 미드브라운 컬러의 시그니처 붙박이장으로 설계했습니다. 와이드 폴딩장으로 개방감 있게 열어 수납된 옷을 찾을 수 있고, 센서형 조명으로 방 등을 켜지 않아도 쉽게 옷을 꺼내 입을 수 있습니다. 각각의 옷의 특성에 맞는 수납이 가능한 특화모듈 옵션을 적용하면 수납력이 한단계 올라가 정돈된 수납을 하실 수 있습니다.</DESC>
<JSON>{""keywords"": [""거실"", ""안방"", ""브러쉬와이드강마루"", ""빌트인 냉장고"", ""장식장"", ""붙박이장""], ""style"": [""모던"", ""고급스러움""], ""colors"": [""애쉬화이트"", ""베이지"", ""미드브라운""], ""lighting"": [""센서형 조명"", ""자연광""], ""space"": [""넓은 공간"", ""개방감""], ""furniture"": [""가구"", ""장식장"", ""붙박이장""], ""mood"": [""화사함"", ""따뜻함""], ""composition"": ""거실과 안방이 조화를 이루는 구조"", ""camera_angle"": ""정면"", ""camera_params"": {""fov"": ""50mm"", ""aperture"": ""f/2.8"", ""iso"": ""100"", ""shutter"": ""1/60""}, ""negative"": [""어두운 색상"", ""혼잡한 공간""]}</JSON>",0.819672131147541,0.0496855240692222,0.4347732347861386,0.897203803062439,0.9094808101654052,0.88525390625,0.7431198358535767,0.819672131147541,0.049685524069222255,0.43477323478613866,0.897203803062439,0.9094808101654053,0.88525390625,0.7431198358535767,0.0,1.0,0.8571428571428572,0.9406355619430542
"<DESC>거실 확장 후 거실을 더 넓어보일 수 있도록 화이트톤의 벽지와 그레이색상의 마루로 시공하였습니다. 바닥은 6mm 두께에 강마루를 사용하였으며, 주방은 기존 구조 그대로 타일이 있는 부분만 빼고 다른 벽들은 모두 화이트톤으로 시공하여 모던하고 심플한 느낌으로 마무리 하였습니다.</DESC>
<JSON>{""keywords"": [""모던"", ""심플""], ""style"": [""미니멀리즘"", ""화이트""], ""colors"": [""그레이"", ""흰색""], ""lighting"": [""자연광"", ""부드러운 조명""], ""space"": [""거실과 주방"", ""확장된 공간""], ""furniture"": [], ""mood"": [""편안함"", ""세련됨""], ""composition"": ""균형 잡힌 비율과 간결한 디자인"", ""camera_angle"": ""정면"", ""camera_params"": {""fov"": ""50mm"", ""aperture"": ""F2.8"", ""iso"": ""100"", ""shutter"": ""1/60""}, ""negative"": []}</JSON></s>","<DESC>현관쪽에는 한샘 프리미엄 스윙 중문을 설치해주면서 보편적인 3연동 중문에 비해 이쁜 모습을 보이고 있습니다. 실제로도 훨씬 이쁘다고 말씀드립니다! 그리고 거실 메인등 앞뒤로는 다운라이트를 설계 해줬습니다 이 설계는 가성비, 심플을 우선으로 설계를 진행했기에 안방에는 큰 투자를 하지 않았습니다. 이미지 처럼 침대와 가구들로 포인트를 주시면 되겠습니다! 신혼부부이기에 입구방을 서재공간으로 설계를 하였습니다. 그리고 붙박이장을 위한 공간이 마련되어 있기에 붙박이장 1통반 을 설계하였습니다. 이 공간에서 개인생활을 즐기거나 작업을 하시면 되겠습니다!</DESC>
<JSON>{""keywords"": [""현관"", ""스윙 중문"", ""거실"", ""다운라이트"", ""안방"", ""침대"", ""서재"", ""붙박이장""], ""style"": [""모던"", ""심플""], ""colors"": [""화이트"", ""베이지"", ""그레이""], ""lighting"": [""자연광"", ""다운라이트""], ""space"": [""현관"", ""거실"", ""안방"", ""서재""], ""furniture"": [""침대"", ""붙박이장"", ""책상"", ""의자""], ""mood"": [""편안함"", ""아늑함"", ""실용적""], ""composition"": ""현관과 거실이 연결된 구조, 안방과 서재 공간이 분리된 형태"", ""camera_angle"": ""정면"", ""camera_params"": {""fov"": ""50"", ""aperture"": ""2.8"", ""iso"": ""100"", ""shutter"": ""1/60""}, ""negative"": [""혼잡한 공간"", ""어두운 조명""]}</JSON>",0.8620689655172413,0.0535494847430898,0.3507857587313372,0.8989167213439941,0.9118108749389648,0.8863822221755981,0.6636661291122437,0.8620689655172413,0.05354948474308983,0.3507857587313372,0.8989167213439941,0.9118108749389648,0.8863822221755981,0.6636661291122437,0.0,1.0,0.9130434782608695,0.9311299324035645
"<DESC>주방 - 한샘 무드 화이트 키친판넬과 한샘 무광 유리로 심플하면서도 깔끔한 분위기 연출 거실 - 벽쪽은 한샘 무드 베이지 타일로 포인트 주방 옆 욕실 - 욕조는 없고 샤워부스와 화장실만 있는 구조입니다.</DESC>
<JSON>{""keywords"": [""주방"", ""거실"", ""욕실""], ""style"": [""모던"", ""심플""], ""colors"": [""흰색"", ""베이직 컬러""], ""lighting"": [""자연광"", ""부드러운 조명""], ""space"": [""작은 부엌"", ""아늑한 방"", ""샤워 공간""], ""furniture"": [""조리대"", ""소파"", ""욕조"", ""수납장""], ""mood"": [""편안함"", ""세련됨""], ""composition"": ""중앙 집중형 레이아웃"", ""camera_angle"": ""정면"", ""camera_params"": {""fov"": ""50mm"", ""aperture"": ""2.8"", ""iso"": ""100"", ""shutter"": ""1/60""}, ""negative"": []}</JSON></s>","<DESC>거실 확장공사를 진행하면서 에어컨 단내림작업 및 단열공사를 같이 진행하였습니다. 구축 아파트의 경우 스프링쿨러가 없는 집은 천장 위 공간이 충분하지 않습니다. 에어컨 설치 진행시 최소 20~25CM 천장 윗 공간이 필요하여 에어컨 설치 진행시 단내림작업을 고려해야합니다. 한샘에서 새로 출시한 한샘타일 600*600 사이즈 욕실입니다. 비바베이지 타일을 사용하여 화이트&우드톤 인테리어에 잘 어울리는 욕실이 완성되었습니다. 타일선반을 제작하는 방식은 여러가지 있지만, 합리적으로 설치를 하려면 어떻게 해야될까요? 한샘리하우스 탑 대리점에서 노하우로 만든 타일욕실선반 디자인에 방해되지 않는 선반이 제작되었습니다. 주방 구조를 배치하면서 아일랜드 싱크대를 만들고, 냉장고장을 제작하였습니다. 아일랜드형태로 앉을 수 있게 구성하였고 한샘 무드 베이지톤 싱크대 색상으로 제작하여 은은하고 고급스러운 주방공간이 완성되었습니다.</DESC>
<JSON>{""keywords"": [""거실"", ""욕실"", ""주방"", ""에어컨"", ""타일"", ""아일랜드 싱크대""], ""style"": [""모던"", ""고급스러운"", ""화이트&우드톤""], ""colors"": [""비바베이지"", ""화이트"", ""우드톤"", ""베이지""], ""lighting"": [""은은한 조명""], ""space"": [""거실"", ""욕실"", ""주방""], ""furniture"": [""아일랜드 싱크대"", ""냉장고"", ""타일선반""], ""mood"": [""편안한"", ""고급스러운""], ""composition"": ""거실과 주방이 연결된 오픈 공간, 욕실이 독립적으로 배치된 구조"", ""camera_angle"": ""wide shot"", ""camera_params"": {""fov"": ""24mm"", ""aperture"": ""f/4"", ""iso"": ""200"", ""shutter"": ""1/60""}, ""negative"": [""혼잡한"", ""어두운"", ""구식""]}</JSON>",0.7540983606557378,0.0142625480801437,0.3444050127954848,0.8855705857276917,0.9025047421455384,0.8692602515220642,0.4016653299331665,0.7540983606557378,0.014262548080143746,0.34440501279548486,0.8855705857276917,0.9025047421455383,0.8692602515220642,0.4016653299331665,0.0,1.0,0.7916666666666667,0.9722444415092468
"<DESC>확장과 함께 주방도 공사를 진행했습니다! 기존에 사용하던 ㄱ자형에서 ㄷ자형 구조로 변경을 해서 조리공간을 더 넓혔습니다. 또한, 수납장은 화이트톤의 모노 캐시미어로 디자인했습니다. 단조로울 수 있는 주방이 포인트가 되는 것 같아요 :) 확장부분 없이 거실만 리모델링하고 싶었는데, 현관쪽 바닥타일부터 벽까지 모두 한샘 헤링본 마루 느낌의 타일과 벽지 조합입니다! 사선 모양의 마름모 패턴이라 색다른 분위기 입니다. 또 벽면에도 비슷한 무늬로 시공해줘서 한층 세련된 무드를 느낄 수 있습니다.</DESC>
<JSON>{""keywords"": [""주방"", ""리모델링"", ""수납장"", ""현관"", ""바닥타일"", ""벽지""], ""style"": [""모던"", ""세련된""], ""colors"": [""화이트"", ""블랙"", ""브라운""], ""lighting"": [""자연광"", ""부드러운 조명""], ""space"": [""거실과 현관""], ""furniture"": [""조리대"", ""서랍형 수납장""], ""mood"": [""세련되고 편안한""], ""composition"": ""중앙 집중"", ""camera_angle"": ""정면"", ""camera_params"": {""fov"": ""50mm"", ""aperture"": ""F2.8"", ""iso"": ""100""}, ""negative"": []}</JSON></s>","<DESC>답답한 노란색 글로시 현관장을 깔끔한 매트그레이로 변경해드렸습니다. 천장의 포인트 조명과 벽면의 포인트 우드 마스크걸이로 마치 호텔에 온 것 같은 느낌을 연출했습니다! 집에 들어올 때마다 색다른 느낌일 것 같아요 :) 현관장과 마찬가지로 답답한 노란색 글로시했던 올드한 주방은 모노캐시미어로 깔끔하게 변신했습니다. 자칫 좁고 답답해보일 수 있었던 주방이었는데, 색상 하나로 훨씬 개방감 있게 보이게 됐어요. 다이닝 공간에는 포인트 조명을 달아드려 디자인까지 놓치지 않았답니다~</DESC>
<JSON>{""keywords"": [""현관장"", ""주방"", ""포인트 조명"", ""우드 마스크걸이"", ""다이닝 공간""], ""style"": [""모던"", ""미니멀리즘""], ""colors"": [""매트그레이"", ""모노캐시미어"", ""노란색""], ""lighting"": [""포인트 조명""], ""space"": [""현관"", ""주방"", ""다이닝 공간""], ""furniture"": [""현관장"", ""다이닝 테이블""], ""mood"": [""고급스러움"", ""편안함""], ""composition"": ""현관과 주방이 연결된 공간, 포인트 조명이 강조된 다이닝 공간"", ""camera_angle"": ""wide shot"", ""camera_params"": {""fov"": ""24mm"", ""aperture"": ""f/4"", ""iso"": ""200"", ""shutter"": ""1/60""}, ""negative"": [""어두운 색상"", ""혼잡한 배치""]}</JSON>",0.7407407407407408,0.0232720063769336,0.369593023702047,0.9072179198265076,0.906862497329712,0.907573699951172,0.6582664847373962,0.7407407407407408,0.02327200637693365,0.36959302370204705,0.9072179198265076,0.9068624973297119,0.9075736999511719,0.6582664847373962,0.0,1.0,0.7111111111111111,0.9599922299385071
"<DESC>주방에는 한샘 키친바흐 500 화이트 오크를 시공했습니다. 기존 주방의 구조와 색상을 최대한 유지하면서도 밝은 분위기로 연출했습니다. 식탁은 우드톤이 들어간 제품과 유리판넬을 함께 사용하였고, 조명으로 포인트를 주었습니다.</DESC>
<JSON>{""keywords"": [""주방"", ""키친바흐"", ""오크"", ""밝은 분위기""], ""style"": [""모던"", ""미니멀리즘""], ""colors"": [""흰색"", ""우드톤"", ""유리""], ""lighting"": [""조명""], ""space"": {""furniture"": [""식탁"", ""오븐"", ""냉장고""], ""composition"": ""테이블 중심으로 배치된 주방 구조"", ""mood"": [""편안함"", ""아늑함""]}, ""camera_angle"": ""정면"", ""camera_params"": {""fov"": ""50mm"", ""aperture"": ""F2.8"", ""iso"": ""200"", ""shutter"": ""1/60""}, ""negative"": []}</JSON></s>","<DESC>날개벽 공간은 최대한 수납으로 활용하며, 따뜻한 느낌의 아트월(와이드 월플러스) 시공을 통해 심심함과 벽면 내구성을 잡아 주었습니다. 자칫 놓칠 수 있는 TV벽면 날개벽 수납공간도 한샘 빌트인 TV수납장으로 채워 드렸습니다~ 마루는 한샘 와이드 강마루 중에서도 베스트셀러 제품인 마블스퀘어 제품입니다. 가로 세로가 1:2 비율로 와이드 한 크기이기 때문에 공간이 더 넓어 보이는 효과가 있을 뿐 아니라, 표면 엠보처리의 타일 디자인 강마루 제품이기 때문에 고급스러운 느낌을 받으실 수 있습니다.</DESC>
<JSON>{""keywords"": [""날개벽"", ""수납"", ""아트월"", ""TV벽면"", ""마루"", ""강마루"", ""타일 디자인""], ""style"": [""모던"", ""고급스러운""], ""colors"": [""따뜻한 색조"", ""중립색""], ""lighting"": [""부드러운 조명"", ""온화한 조명""], ""space"": [""거실"", ""수납 공간""], ""furniture"": [""한샘 빌트인 TV수납장"", ""와이드 강마루""], ""mood"": [""편안한"", ""아늑한""], ""composition"": ""와이드한 비율의 공간 구성"", ""camera_angle"": ""정면"", ""camera_params"": {""fov"": ""50"", ""aperture"": ""2.8"", ""iso"": ""100"", ""shutter"": ""1/60""}, ""negative"": [""혼잡한"", ""어두운""]}</JSON>",0.7419354838709677,0.0310035979755733,0.4295931296214023,0.8982367515563965,0.9121659398078918,0.8847266435623169,0.4605860412120819,0.7419354838709677,0.031003597975573352,0.4295931296214023,0.8982367515563965,0.9121659398078918,0.8847266435623169,0.4605860412120819,0.0,0.8421052631578948,0.7916666666666667,0.9023678302764893
"<DESC>거실 인테리어는 거실에 포인트를 주기위해 소파 대신 테이블을 배치하여 카페 같은 분위기의 다이닝 룸으로 연출했습니다. 20인치 모니터를 두고 노트북 작업하기에도 딱 좋은 크기입니다! 주방은 한샘 키친판넬 화이트 제품과 아일랜드 식탁을 사용하여 깔끔한 느낌의 부엌으로 만들었습니다.</DESC>
<JSON>{""keywords"": [""거실"", ""다이닝 룸"", ""커피"", ""주방"", ""아일랜드 식탁""], ""style"": [""모던"", ""미니멀리즘""], ""colors"": [""화이트"", ""우드톤""], ""lighting"": [""자연광"", ""부드러운 조명""], ""space"": [""거실과 주방이 연결된 구조""], ""furniture"": [""소파"", ""테이블"", ""아일랜드 식탁"", ""모니터""], ""mood"": [""편안함"", ""세련됨""], ""composition"": ""중앙에 테이블 배치"", ""camera_angle"": ""정면"", ""camERA_params"": {""fov"": ""50mm"", ""aperture"": ""2.8"", ""iso"": ""100"", ""shutter"": ""1/60""}, ""negative"": []}</JSON></s>","<DESC>#홈스타일 cosy(코지) 아시다시피 거실은 집의 얼굴 이라고 하는 만큼 첫인상을 좌우 하는데요 신혼부부의 따뜻하고 행복한 느낌 을 가장 잘 나타낼 수 있는 스타일인 cosy(코지) 를 메인으로 잡았습니다 cosy의 대표적인 소재인 패브릭 재질 소파 를 이용해 따뜻한 느낌 을 줍니다. 특히 요즘에는 패브릭 3인용 소파를 분리해서 1+1 으로도 사용 많이 하시는데요 외관상으로는 예쁘지만 실제로 그렇게 사용하다 보면, 간혹 한쪽 팔걸이가 없어서 불편하다 생각 드실 때도 있을 겁니다. 그래서 한샘에서 새로 나온 패브릭 소파인 네피 를 추천드립니다 소파에 정자세로 앉아계시는 분 들은 사실상 많지 않으시죠? TV를 볼 때도 붙어 계시는 분들.. 많지 않으실 거라 생각합니다 :) 보통은 아빠 다리 를 하더나 편안하게 누워서 보시는 경우가 많으실 텐데요. 아래 사진, 같이 볼까요? 이게 실제 모습 아닐까요? :) 보기에도 예쁘고 사용하기도 편한 소파 를 이용해 두 마리 토끼를 다 잡아봅니다! 신혼집 필수 오브제 중 하나인 스피커 는 바닥이 아닌 원목 의자에 올려서 cosy한 느낌을 더해줍니다. 요즘 일인용 체어 는 하나의 오브제로 많이 활용하시는데요. 실제로 손님이 올 때는 앉는 용도 로도 제 역할을 톡톡히 해내니 하나쯤 두시는 것도 좋겠죠? 원래 20평대에서 식탁 배치 가 제일 고민되는 공간 입니다. 하지만 공간에 배치는 거의 정해져 있으니 걱정마세요:) 신혼집에는 필수인 서재/멀티방은 신혼만 할 수 있는 HIP(힙)한 감성 을 넣어 추천드립니다. 살면서 가장 짐이 없고 톡톡튀는 감성을 소화할 수 있는 시기가 바로 신혼일 거 같은데요:) 오래 사용하며 가지고 다닐 가구 들은 무난히 질리지 않은 컬러 를 선택하는 대신 상대적으로 비용이나 교체 시기가 부담되지 않는 러그나 소품을 사용해 트렌디한 방 을 꾸며줍니다 요즘 호텔 침대 아닌 걸 찾아보기가 더 힘들 정도로 호텔 감성을 저격한 제품들이 많습니다. 그렇다면 디자인, 기능 무엇 하나 빠지지 않은 제품 을 골라야겠죠? 한샘에도 많은 프레임이 있지만 호텔st + 감성 의 조합은 단연 503제품입니다. 헤드프레임이 민자가 아닌 분할 형태로 감성 포인트 가 더해집니다. 가장 좋은 점은 추후 아이가 태어나면 ss사이즈를 추가구매 해서 옆에 붙이면 패밀리 침대 로도 사용 가능하다는 점이 참 매력적이네요:) 현관 앞방 을 드레스룸으로 배치한 이유 는 베란다에 빨래 건조대와 워시 타워 가 있기 때문이었는데요 특히 창문 옆쪽 길이가 길기 때문에 11자 형보다는 옷장과 오픈형 드레스룸이 섞여 있는 형태 를 추천 드립니다. 이불장과 패딩 등을 넣을 수 있는 옷장은 한통 이상 꼭 필수 로 챙기셔야 합니다.</DESC>
<JSON>{""keywords"": [""cosy"", ""신혼부부"", ""패브릭 소파"", ""스피커"", ""원목 의자"", ""서재"", ""멀티방"", ""호텔 감성"", ""드레스룸""], ""style"": [""cosy"", ""힙""], ""colors"": [""따뜻한 색상"", ""무난한 컬러""], ""lighting"": [""자연광"", ""부드러운 조명""], ""space"": [""거실"", ""서재"", ""드레스룸""], ""furniture"": [""패브릭 소파"", ""원목 의자"", ""일인용 체어"", ""식탁"", ""침대"", ""옷장""], ""mood"": [""따뜻함"", ""행복함"", ""편안함""], ""composition"": ""거실 중심으로 소파와 스피커 배치, 서재와 드레스룸이 연결된 구조"", ""camera_angle"": ""정면"", ""camera_params"": {""fov"": ""50"", ""aperture"": ""2.8"", ""iso"": ""100"", ""shutter"": ""1/60""}, ""negative"": [""어두운 색상"", ""혼잡한 공간""]}</JSON>",0.7499999999999999,0.0027071452092298,0.205453560299951,0.7991222143173218,0.7930595874786377,0.8052781224250793,0.4100187122821808,0.7499999999999999,0.002707145209229841,0.205453560299951,0.7991222143173218,0.7930595874786377,0.8052781224250793,0.4100187122821808,0.0,0.9090909090909091,0.9166666666666666,0.9342952966690063
"<DESC>이번에 소개해 드릴 현장은 경기도 수원시 영통구에서 가장 인기 있는 브랜드 단지인 '건영2차'입니다. 이 단지는 200여 세대의 소규모 평형대와 함께 중·대형 평형대로 구성되어 있어, 다양한 라이프스타일을 가진 고객들이 거주하고 있습니다. 이번 리모델링 프로젝트는 거실 확장과 더불어 주방 및 드레스룸까지 모두 공사를 진행한 사례로써, 기존보다 더 넓고 실용적인 구조로 탄생하게 되었습니다. 특히 거실을 넓게 사용할 수 있도록 가벽 설치를 통해 공간 활용도를 높였습니다.</DESC>
<JSON>{""keywords"": [""경기도"", ""수원시"", ""거실 확장"", ""주방"", ""드레스룸"", ""공간 활용도""], ""style"": [""모던"", ""미니멀리즘""], ""colors"": [""화이트"", ""그레이"", ""우드톤""], ""lighting"": [""자연광"", ""부드러운 조명""], ""space"": [""소규모 평형대"", ""중·대형 평형대""], ""furniture"": [""소파"", ""테이블"", ""장식장""], ""mood"": [""편안함"", ""실용적인""], ""composition"": ""거실과 주방, 드레스룸이 연결된 구조"", ""camera_angle"": ""정면"", ""camera_params"": {""fov"": ""35mm"", ""aperture"": ""F4"", ""iso"": ""100"", ""shutter_speed"": ""1/60""}, ""negative"": []}</JSON></s>","<DESC>집 내부에서 가장 큰 공간 거실 먼저 확인해보겠습니다. 거실복도에는 한줄로 라인조명을 설계 하였고, 거실 중심부에는 실링팬과 주변에 간접 다운라이트로 조도를 맞춰주었습니다. 그리고 복도 끝에는 미가루버와 벽부등으로 분위기를 연출하였습니다. 스크랩 거실은 수납 공간을 확대하기 위해 빌트인  TV장을 설계하였습니다. 그리고 확장은 진행하지 않고 폴딩도어를 설계해주었습니다. 빌트인 TV장을 설치하니 확실이 수납공간이 늘어난 것을 확인하실 수 있습니다. 바닥은 한샘의 휴장판 3.5T가 설계 되었습니다. 베란다 확장을 통하여 냉장고장 뿐만 아니라 사진처럼 아일랜드 식탁도 배치를 할 수 있었습니다. 제가 생각하기에 건영아파트는 확장이 필수라고 생각합니다! 3인가구 구성으로 설계를 진행하였고 여분 방이 있는 상태입니다. 여분의 방을 드레스룸으로 활용 하였습니다. 확장을 진행하였고 가벽을 설치해주면서 공간분리를 해주었습니다. 옷을 고르고 나와 간단히 단정할 수 있는 구조로 설계 하였습니다. 여분의 방에 개인 취미생활을 즐길 수 있는 서재공간을 설계 하였습니다. 각종 업무 및 취미생활을 즐길 수 있습니다. 용도에 맞게 변경하시면 되겠습니다! 안방은 심플하게 연출하였습니다. 대신 침대 헤드부분 쪽에는 미가루버를 설치하여 포인트를 주었습니다. 그리고 맞은편에는 벽걸이TV를 설계하였습니다.</DESC>
<JSON>{""keywords"": [""거실"", ""드레스룸"", ""서재"", ""안방"", ""폴딩도어"", ""빌트인 TV장""], ""style"": [""모던"", ""심플""], ""colors"": [""화이트"", ""그레이"", ""우드톤""], ""lighting"": [""라인조명"", ""실링팬"", ""간접 다운라이트"", ""벽부등""], ""space"": [""거실"", ""드레스룸"", ""서재"", ""안방""], ""furniture"": [""아일랜드 식탁"", ""침대"", ""벽걸이 TV"", ""미가루버""], ""mood"": [""편안함"", ""아늑함"", ""실용적""], ""composition"": ""거실 중심부에 실링팬과 다운라이트, 드레스룸과 서재가 연결된 구조"", ""camera_angle"": ""wide"", ""camera_params"": {""fov"": ""90"", ""aperture"": ""2.8"", ""iso"": ""400"", ""shutter"": ""1/60""}, ""negative"": []}</JSON>",0.696969696969697,0.0292477864610851,0.4329694119200367,0.8629352450370789,0.8700070381164551,0.8559775352478027,0.6359395980834961,0.696969696969697,0.02924778646108517,0.43296941192003674,0.8629352450370789,0.8700070381164551,0.8559775352478027,0.6359395980834961,0.0,1.0,0.7755102040816326,0.9325590133666992
"<DESC>무광의 블랙톤으로 마감하여 모던함과 고급스러움을 더한 현관입니다. 기존에 있던 중문보다 사이즈를 크게 만들어 넓어 보이는 효과와 함께 거실에서도 주방까지 이어지는 동선확보로 편리함 까지 더했습니다.</DESC>
<JSON>{""keywords"": [""현관"", ""블랙톤"", ""모더니티"", ""고급스러움""], ""style"": [""현대적"", ""미니멀리즘""], ""colors"": [""블랙"", ""중립색""], ""lighting"": [""자연광"", ""부드러운 조명""], ""space"": [""주거용 공간""], ""furniture"": [""가구 최소화""], ""mood"": [""편안함"", ""심플함""], ""composition"": ""균형 잡힌 구도"", ""camera_angle"": ""정면"", ""camera_params"": {""fov"": ""50mm"", ""aperture"": ""f/4"", ""iso"": ""200"", ""shutter"": ""1/60""}, ""negative"": []}</JSON></s>","<DESC>현관 TIP ! 긴 ~ 현관을 활용하는 인테리어 ① 광안현대하이페리온 현관은 다른 현장보다 긴 편으로 다양하게 수납하실수 있도록 현관장을 시공하였으며, 현관장 맞은편 펜트리장 공간 또한 현관장과 동일한 도어를 선택하여 통일감을 주었습니다. ② 현관을 넓게 보이도록 사이즈가 큰 타일을 선택했는데요. 메인조명을 따로 시공하지않고 현관장 간접조명과 천정 매립조명으로 시공으로 공간을 밝게 보이도록 하였습니다. 인테리어 컨셉에 맞춰 화이트 슬림프레임의 중문을 선택하여 시공하였습니다. 주방 TIP ! 대면형 레이아웃으로 깔끔함 더해주기 거실공간과 인테리어 컨셉을 맞춘 주방 공간입니다. 심플하고 모던한 디자인을 선호하시는 고객님의 취향을 엿볼수 있는 공간입니다. 싱크대부터 악세사리 까지 고객님의 감각을 느낄수 있습니다. ㄱ자 주방싱크대를 시공하였으며 아일랜드를 따로 시공하여 고객님께서 다양한 용도로 사용하실수 있도록 하였습니다. 상부장과 하부장 모두 화이트 색상으로 선택했는데요. 외부손잡이를 따로 시공하지않아 사용하시는데 불편함이 없는 싱크대를 제작해드렸습니다. 고객님의 취향에 맞게 벽면 타일 또한 화이트 색상의 대리석을 선택하여 포인트를 주었습니다. 작은방 1 입구쪽 작은방 경우 고객님의 자녀분이 생활할 공간으로 침대 및 가구가 배치되는데 불편함이 없도록 했습니다.. 고객님의 요청에 따라 다양하게 수납하실수 있도록 공간을 설정하여 제작 및 시공하였습니다. :) 안방 침실 ① 광안현대하이페리온 안방공간 또한 인테리어 컨셉에 맞게 시공하였으며, 침대 벽면에는 간접조명과 화이트 색상의 템바보드로 포인트를 주었습니다. ② 붙박이장 경우 고객님이 요청하신 스펙에 맞게 수납공간을 설정하였으며 각각의 도어 천정에 매립등을 시공해두었습니다. 고객님께서 사용하시기 편하도록 조명을 나누고 필요하신 조명을 키고, 끄고 하실수 있도록 콘센트를 분할작업을 진행하였습니다. 안방 파우더룸&드레스룸 ① 안방에 위치한 파우더룸에는 기존에 있던 화장대와 붙박이장 공간을 그대로 살리고 디자인에 맞게 필름 작업을 진행하였습니다. ② 파우더룸 맞은편 드레스룸 공간에는 시스템행거를 설치하여 사용에 용이하도록 하였습니다. 안방 욕실 TIP ! 기존 욕조를 조적 욕조로 , 기존 샤워 파티션을 조적 파티션으로! ① 기존에 욕조가 있던 위치에 조적욕조를 시공하여 공간을 꾸며드렸습니다. 고객님의 요청사항에 맞게 벽면에 수납 하실수 있도록 공간을 따로 마련하였으며, 수납공간에 간접조명을 시공하여 포인트를 주었습니다. 조적욕조에서 물이 넘칠 경우를 대비하여 조적욕조 하부에 배수구를 시공하여 욕실 사용하시는데 불편함이 없도록 하였습니다. ② 조적욕조 맞은편 매립샤워기를 설치하여 샤워하실수 있는 공간을 따로 마련해두었습니다. 샤워시 필요한 세면도구와 용품들을 배치 하실수 있도록 오른쪽 벽면 상단에 배치 하실수 있도록 하였으며, 간접조명을 시공하여 다양하게 사용하실수 있도록 하였습니다.</DESC>
<JSON>{""keywords"": [""현관"", ""주방"", ""안방"", ""욕실"", ""모던"", ""심플"", ""수납""], ""style"": [""모던"", ""심플"", ""클래식""], ""colors"": [""화이트"", ""대리석"", ""슬림프레임""], ""lighting"": [""간접조명"", ""매립조명""], ""space"": [""현관"", ""주방"", ""작은방"", ""안방"", ""파우더룸"", ""드레스룸"", ""욕실""], ""furniture"": [""침대"", ""붙박이장"", ""주방싱크대"", ""아일랜드"", ""시스템행거""], ""mood"": [""편안함"", ""깔끔함"", ""실용성""], ""composition"": ""현관, 주방, 안방, 욕실이 조화롭게 배치된 공간"", ""camera_angle"": ""wide-angle"", ""camera_params"": {""fov"": ""90"", ""aperture"": ""2.8"", ""iso"": ""200"", ""shutter"": ""1/60""}, ""negative"": [""혼잡한"", ""어지러운"", ""어두운""]}</JSON>",0.7868852459016394,0.0008229363556515,0.1765289433574051,0.8091859221458435,0.8024519681930542,0.8160338401794434,0.5989753007888794,0.7868852459016394,0.0008229363556515487,0.17652894335740518,0.8091859221458435,0.8024519681930542,0.8160338401794434,0.5989753007888794,0.0,1.0,0.8333333333333333,0.9477552175521851
"<DESC>거실입니다! 거실은 한샘의 유로 키친으로 시공하였습니다. 기존에는 아일랜드를 따로 설치해서 사용하셨다고 하는데, 주방이 넓지 않아서 식탁을 놓아서 식사하실 수 있게 구성했습니다! 또 한 가지 재미있는 점은 부엌쪽에서 보면 벽 쪽 천장까지 다 보이는 구조라서 답답하지 않고 탁 트인 느낌이에요~ :) 이 집만의 매력포인트가 아닌가 싶어요~ :) 주방도 마찬가지로 아일랜드 위에도 수납을 할 수 있게끔 설계하여 수납공간 확보! 또한 주방과 다이닝룸 사이에 폴딩도어를 설치하여 필요시 오픈할 수도 있고 닫고도 사용할 수 있어서 실용적이죠? 드레스룸은 한샘의 클래식 장을 설치해드렸습니다! 파우더룸은 한샘 맨하탄 화장대로 디자인 포인트를 주었어요!</DESC>
<JSON>{""keywords"": [""거실"", ""주방"", ""드레스룸"", ""폴딩도어""], ""style"": [""모던"", ""미니멀리즘""], ""colors"": [""화이트"", ""그레이"", ""우드톤""], ""lighting"": [""자연광"", ""부드러운 조명""], ""space"": {""width"": ""좁은"", ""length"": ""중간 정도""}, ""furniture"": [{""name"": ""아일랜드"", ""shape"": ""사각형"", ""size"": ""넓음""}, {""name"": ""테이블"", ""type"": ""식탁"", ""material"": ""나무""}, {""name"": ""수납공간"", ""types"": [""서랍형"", ""바구니형""]}, {""name"": ""폴딩도어"", ""design"": ""개폐 가능""}, {""name"": ""화대상자"", ""features"": [""거울"", ""높은 선반""]}], ""mood"":[""편안함"", ""실용적"", ""세련됨""], ""composition"": ""거실과 주방이 연결된 형태"", ""camera_angle"": ""정면"", ""camera_params"": {""fov"": ""50mm"", ""aperture"": ""F2.8"", ""iso"": ""100"", ""shutter"": ""1/60""}, ""negative"": []}</JSON></s>","<DESC>인테리어에서도 유행은 참 빨리 변하고 번집니다. 당시 흐름에 맞춰 인테리어를 해도 몇년이 지나면 금세 그 흐름은 바뀌어 있지요. 하지만 시시각각 변하는 인테리어 시장에서도 클래식스타일은 언제나 인기가 있습니다. 클래식스타일의 고급스러움을 느낄 수 있는 한샘 키친바흐의 맨하탄 시리즈가 꾸준히 인기를 이어가고 있는것도 그 증거라고 할 수 있지요. 오늘은 클래식의 지루함은 날리고 고급스러움을 더한 맨하탄 다크그레이 주방가구로 꾸민 엄궁롯데캐슬리버아파트를 소개합니다. /한샘 키친바흐 맨하탄 매트 다크그레이, 삼성비스포크 냉장고, 아일랜드, 밀레올인원인덕션/</DESC>
<JSON>{""keywords"": [""클래식"", ""고급스러움"", ""주방"", ""다크그레이"", ""아일랜드"", ""냉장고""], ""style"": [""클래식"", ""모던""], ""colors"": [""다크그레이"", ""화이트"", ""블랙""], ""lighting"": [""자연광"", ""따뜻한 조명""], ""space"": [""주방"", ""아파트""], ""furniture"": [""한샘 키친바흐 맨하탄 주방가구"", ""삼성비스포크 냉장고"", ""밀레 올인원 인덕션""], ""mood"": [""고급스러움"", ""편안함""], ""composition"": ""주방 공간을 중심으로 한 인테리어"", ""camera_angle"": ""45도"", ""camera_params"": {""fov"": ""35mm"", ""aperture"": ""f/2.8"", ""iso"": ""200"", ""shutter"": ""1/60""}, ""negative"": [""현대적"", ""미니멀리즘""]}</JSON>",0.676056338028169,0.019047948307378,0.4124800719414879,0.8764999508857727,0.8770397901535034,0.8759608268737793,0.4149325489997864,0.676056338028169,0.01904794830737804,0.4124800719414879,0.8764999508857727,0.8770397901535034,0.8759608268737793,0.4149325489997864,0.0,1.0,0.6451612903225806,0.9446513652801514
"<DESC>거실 거실의 천장은 간접조명을 설치해 아늑한 분위기를 연출했습니다. 조명 색상이 다른 두 개의 등으로 나눠져 있어 은은한 무드가 느껴집니다.</DESC>
<JSON>{""keywords"": [""거실"", ""천장"", ""간접조명"", ""아늑함""], ""style"": [""모던"", ""미니멀리즘""], ""colors"": [""흰색"", ""밝은 색""], ""lighting"": [""부드러운 빛"", ""간접조명""], ""space"": [""넓은 공간""], ""furniture"": [], ""mood"": [""편안함"", ""고요함""]}</JSON></s>","<DESC>안방 초록색 벽지로 포인트를 준 안방 입니다. 붙박이장과 침대가 있는 다른 집의 안방과 비슷해 보일 수 있었지만, 포인트 컬러의 벽지 하나로 산뜻하고 새로운 인테리어 느낌을 주었습니다. 거실 한샘 월플러스 시공을 통해 밋밋한 거실 벽에 포인트를 주었습니다. 액자같은 벽걸이 TV 시공을 위해 TV뒷면은 셋탑박스를 넣을 수 있는 공간을 마련해 지저분한 선들을 보이지 않도록 매립해주었습니다. 은은한 분위기 연출을 위해 LED 다운라이트 조명을 시공하였습니다. 주방 냉장고 위치 변경을 통해 동선이 보다 더 효율적으로 바뀌도록 제안하였습니다. 대면형 아일랜드를 설치해 조리공간이 넓어졌으며, 가족모두가 식사준비를 할 수 있는 공간으로 구성하였습니다.</DESC>
<JSON>{""keywords"": [""안방"", ""거실"", ""주방"", ""아일랜드"", ""LED 조명""], ""style"": [""모던"", ""미니멀리즘""], ""colors"": [""초록색"", ""화이트"", ""그레이""], ""lighting"": [""LED 다운라이트"", ""은은한 조명""], ""space"": [""안방"", ""거실"", ""주방""], ""furniture"": [""붙박이장"", ""침대"", ""대면형 아일랜드"", ""벽걸이 TV""], ""mood"": [""산뜻함"", ""편안함"", ""새로운 느낌""], ""composition"": ""안방과 거실, 주방이 조화를 이루는 구조"", ""camera_angle"": ""wide shot"", ""camera_params"": {""fov"": ""24mm"", ""aperture"": ""f/4"", ""iso"": ""200"", ""shutter"": ""1/60""}, ""negative"": [""혼잡한 공간"", ""어두운 조명""]}</JSON>",0.4680851063829787,0.0068620765477679,0.2182450399036855,0.88983553647995,0.9141956567764282,0.8667398691177368,0.513898491859436,0.4680851063829787,0.006862076547767976,0.2182450399036855,0.88983553647995,0.9141956567764282,0.8667398691177368,0.513898491859436,0.0,0.7777777777777778,0.4,0.9397087097167969
"<DESC>안방은 깔끔하게 정리가 가능하도록 수납력 좋은 드레스룸으로 구성했습니다. 안방 침대 옆에는 파우더룸도 함께 구성해 편의성을 높였습니다.</DESC>
<JSON>{""keywords"": [""드레스룸"", ""파우더룸"", ""편리한 가구""], ""style"": [""모던"", ""미니멀리즘""], ""colors"": [""흰색"", ""중립색""], ""lighting"": [""자연광"", ""부드러운 조명""], ""space"": [""안방"", "" Bedrooms""], ""furniture"": [""수납장"", ""거울"", ""소파"", ""테이블""], ""mood"": [""편안함"", ""세련됨""], ""composition"": ""중앙에 침실과 파우더룸이 위치하고 주변에 수납공간 배치"", ""camera_angle"": ""정면"", ""camera_params"": {""fov"": ""50mm"", ""aperture"": ""F4"", ""iso"": ""200"", ""shutter"": ""1/60""}, ""negative"": []}</JSON></s>","<DESC>방 3개 욕실 1개로 구성된 26평 아파트입니다. 거실까지 이어져 있던 발코니를 확장공사하였습니다. 부엌과 거실이 연결되어 있어 동선을 막지 않는 가구 배치가 중요해요. 아이가 잠든 뒤 부부만의 취미생활을 즐길 수 있는 거실이에요. 영화를 자주 보는 부부에게 딱인 바흐 시어터 리클라이너 소파를 배치했어요. 부엌이 바로 옆으로 이어지는 작은 거실이기 때문에 AV장은 공간을 많이 차지 하지 않는 슬림형을 선택했어요. 아기와 함께 숙면을 취할 수 있도록 패밀리 침대를 배치했어요. 높이가 낮은 패밀리 침대는 아이가 떨어질 염려가 없어 영유아를 키우는 고객님들에 인기가 많답니다.</DESC>
<JSON>{""keywords"": [""아파트"", ""거실"", ""부엌"", ""발코니"", ""리클라이너 소파"", ""패밀리 침대""], ""style"": [""모던"", ""미니멀리즘""], ""colors"": [""중립색"", ""파스텔톤""], ""lighting"": [""자연광"", ""부드러운 조명""], ""space"": [""거실"", ""부엌"", ""발코니""], ""furniture"": [""리클라이너 소파"", ""슬림형 AV장"", ""패밀리 침대""], ""mood"": [""편안함"", ""아늑함""], ""composition"": ""거실과 부엌이 연결된 구조로, 발코니가 확장된 공간을 중심으로 배치"", ""camera_angle"": ""정면"", ""camera_params"": {""fov"": ""35mm"", ""aperture"": ""f/4"", ""iso"": ""200"", ""shutter"": ""1/60""}, ""negative"": [""혼잡한 가구 배치"", ""어두운 조명""]}</JSON>",0.7999999999999999,0.0673647197325869,0.4040433928679007,0.89656662940979,0.9143045544624328,0.8795039057731628,0.5699495077133179,0.7999999999999999,0.06736471973258695,0.4040433928679007,0.89656662940979,0.9143045544624329,0.8795039057731628,0.5699495077133179,0.0,1.0,0.851063829787234,0.9680147171020508
"<DESC>먼저 현관에는 기존에 있던 신발장이 그대로 사용되었습니다. 하지만 디자인은 좀 더 세련되게 바꿔주었습니다! 바로 한샘의 플랫화이트 색상으로 시공해드렸습니다. 이 제품은 최근 인기 있는 제품입니다. 기존의 평범한 현관에서 조금 벗어나고 싶으신 분들께 추천드리고 싶은 제품입니다!</DESC>
<JSON>{""keywords"": [""현관"", ""신발장"", ""세련된 디자인""], ""style"": [""모던"", ""스칸디나비안""], ""colors"": [""플랫화이트"", ""중립색""], ""lighting"": [""자연광"", ""부드러운 조명""], ""space"": [""좁은 공간"", ""작은 방""], ""furniture"": [""신발장"", ""수납 가구""], ""mood"":[""깔끔함"", ""편안함""], ""composition"": ""중앙에 신발장이 위치하고 주변이 넓게 보이도록 구성"", ""camera_angle"": ""정면"", ""camera_params"": {""fov"": ""50mm"", ""aperture"": ""F2.8"", ""iso"": ""200"", ""shutter"": ""1/60""}, ""negative"": []}</JSON></s>","<DESC>거실 LED 매립등으로 거실 메인등을 시공했고 은은한 컬러감의 벽지로 화이트톤 인테리어에 밸런스를 맞춰주었습니다. 주방 ① 주방은 입구 게이트 모양을 유지하되 너무 답답하지 않은 스타일로 사각 라운딩을 주었습니다. 싱크대는 수퍼플랫화이트 제품으로 ㄱ자 시공, 모던함을 더해주는 인테리어를 완성했습니다. ② 주방 앞 동선에는 매립 조명을 별도 시공해서 어둡지 않은 공간을 만들어드렸습니다 :) 주방에 있다보면 어둡게 느끼시는 분들이 계신데 그럴때는 이렇게 동선과 가구 모양에 맞춰 조명 시공이 필요하답니다. 안방, 작은방 침실 공간들입니다. 안방, 작은방 모두 넉넉한 수납 공간을 위해 붙박이장을 시공해드렸는데요. 특히 안방은 별도 화장대를 배치하기에 애매한 공간이라 화장대 일체형 제품을 설치해드렸답니다.</DESC>
<JSON>{""keywords"": [""거실"", ""주방"", ""안방"", ""작은방"", ""LED 매립등"", ""화이트톤"", ""모던"", ""수납 공간""], ""style"": [""모던"", ""미니멀리즘""], ""colors"": [""화이트"", ""은은한 컬러감""], ""lighting"": [""LED 매립등"", ""매립 조명""], ""space"": [""거실"", ""주방"", ""안방"", ""작은방""], ""furniture"": [""수퍼플랫화이트 싱크대"", ""붙박이장"", ""화장대 일체형 제품""], ""mood"": [""밝고 아늑한"", ""편안한""], ""composition"": ""거실과 주방이 연결된 구조, 안방과 작은방은 수납 공간이 강조된 배치"", ""camera_angle"": ""wide shot"", ""camera_params"": {""fov"": ""90"", ""aperture"": ""2.8"", ""iso"": ""400"", ""shutter"": ""1/60""}, ""negative"": [""어두운 공간"", ""답답한 느낌""]}</JSON>",0.7999999999999999,0.0132460493101836,0.3308436510436877,0.8899090886116028,0.90381520986557,0.8764245510101318,0.4770738482475281,0.7999999999999999,0.013246049310183665,0.3308436510436877,0.8899090886116028,0.9038152098655701,0.8764245510101318,0.4770738482475281,0.0,1.0,0.7999999999999999,0.964184045791626
"<DESC>주방의 경우 기존에는 아일랜드가 없는 구성이었습니다. 하지만 주방에서도 다이닝이 필요하시다는 고객님의 요청을 반영하여 조리대와 식탁겸용의 형태로 시공하였습니다. 아울러 수납까지 확보를 하여 실용성이 돋보이는 주방공간입니다. 안방은 붙박이장이 있던 자리에 가벽을 세워 드레스룸으로 사용하실 수 있도록 리모델링 하였습니다.</DESC>
<JSON>{""keywords"": [""주방"", ""다이닝"", ""수납"", ""드레싱 룸""], ""style"": [""모던"", ""실용적인 디자인""], ""colors"": [""중립색"", ""따뜻한 톤""], ""lighting"": [""자연광"", ""부드러운 조명""], ""space"": [""주방"", ""드레스룸""], ""furniture"": [""아일랜드"", ""식탁"", ""조리대"", ""붙박이장"", ""가벽""], ""mood"": [""편안함"", ""효율적""], ""composition"": ""중앙에 아일랜드와 식탁이 배치된 모습"", ""camera_angle"": ""정면"", ""camera_params"": {""fov"": ""50mm"", ""aperture"": ""2.8"", ""iso"": ""100"", ""shutter_speed"": ""1/60""}, ""negative"": []}</JSON></s>","<DESC>거실을 보편적인 거실과 다르게 설계 해보았습니다. 쇼파 대신 벽쪽에 빌트인장을 설치하여 수납공간을 극대화 하였습니다. 거실 중앙에는 가족들이 모여 얘기를 할 수 있는 테이블을 배치하였습니다. 부엌은 기존 구조를 유지하였습니다. 기존 ㄱ자 부엌을 유지하고 부엌 발코니 확장을 통해 냉장고장 공간을 만들어주었습니다. 부엌이 더 넓어진 만큼 식사를 할 수 있는 아일랜드 식탁도 설계해주었습니다. 안방의 공간은 넓은편이 아니라 스윙형 붙박이장이 아닌 슬라이딩 붙박이장을 설계 하였습니다. 다소 밋밋할 수 있는 안방에 이노실링을 연출하여 조금 더 분위기 있는 안방을 설계하였습니다. 2인 신혼부부 컨셉이기에 방 1실이 남는 상태로, 이 공간을 드레스룸으로 설계 하였습니다. 우선 방을 확장을 하고 공간분리를 위해 가벽을 설치하여 공간을 분리해 정말 드레스룸 다운 모습을 보여주고있습니다. 가벽설치만 으로도 이러한 모습을 연출할 수 있습니다. 나머지 방1실은 서재공간 및 취미공간으로 꾸며주었습니다.</DESC>
<JSON>{""keywords"": [""거실"", ""부엌"", ""안방"", ""드레스룸"", ""서재"", ""취미공간""], ""style"": [""모던"", ""미니멀리즘""], ""colors"": [""중립색"", ""화이트"", ""그레이""], ""lighting"": [""자연광"", ""부드러운 조명""], ""space"": [""거실"", ""부엌"", ""안방"", ""드레스룸"", ""서재""], ""furniture"": [""빌트인장"", ""테이블"", ""아일랜드 식탁"", ""슬라이딩 붙박이장"", ""가벽""], ""mood"": [""아늑한"", ""편안한""], ""composition"": ""거실 중앙에 테이블, 벽쪽에 빌트인장, 부엌은 ㄱ자 형태, 안방에 슬라이딩 붙박이장과 이노실링"", ""camera_angle"": ""전경"", ""camera_params"": {""fov"": ""35mm"", ""aperture"": ""f/4"", ""iso"": ""200"", ""shutter"": ""1/60""}, ""negative"": [""혼잡한"", ""어지러운""]}</JSON>",0.7796610169491527,0.0248877330615086,0.3409491520381822,0.8857450485229492,0.8951455950737,0.8765398263931274,0.7680184841156006,0.7796610169491527,0.024887733061508648,0.3409491520381822,0.8857450485229492,0.8951455950737,0.8765398263931274,0.7680184841156006,0.0,1.0,0.8085106382978724,0.955335795879364
"<DESC>기존 욕실은 세면대가 설치되어 있지 않아 샤워만 가능한 구조였습니다. 기존에 있던 거울과 조명으로 디자인 포인트를 주고 타일의 컬러감을 살려 따뜻하고 모던하게 연출해보았어요. **현관** 현관도 거실처럼 따뜻한 톤으로 꾸며보았습니다. 신발장과 중문이 있는 공간이라 벽타일 대신 간접등 시공하여 깔끔하게 마무리해주었어요.</DESC>
<JSON>{""keywords"": [""욕설"", ""샤워"", ""서재"", ""드레스룸"", ""신발장"", ""중문""], ""style"": [""모던"", ""따뜻한 톤"", ""깔끔함""], ""colors"": [""화이트"", ""그레이"", ""베이지""], ""lighting"": [""간접등"", ""밝음""], ""space"": ["" bathrooms "", ""entrance "", ""warm tone"", ""clean finish""], ""furniture"": [""shoe racks"", ""door frames""], ""mood"": [""cosy"", ""minimalistic""]}</JS></s>/s>","<DESC>우드와 화이트 미니멀 주방 심플한 화이트와 따뜻한 느낌의 우드가 함께 어울어진 모던한 3인 가족의 주방입니다. 미니멀한 주방에 키친 판넬을 함께 사용하여 실용성을 높이고 깔끔한 느낌을 살려 설계 하였습니다. 소형 평형대에 맞춰 거실은 모던하고 심플하게 연출하였고, 천정을 활용하여 우물 천장을 만들고 조명을 이용하여 고급스러운 느낌이 나도록 설계하였습니다. 부부의 휴식 공간인 안방은 템바보드 느낌의 한샘 미가루버를 침대 헤드부분 벽에 포인트를 주어 호텔같은 느낌을 연출하였으며, 침대 사이드쪽 협탁 부분에 위에서 내려오는 디자인 조명으로 침실을 더욱 따뜻하고 고급스럽게 디자인 하였습니다. 아이방에 가벽을 세워 잠자는 공간과 공부하는 공간을 분리하여 학습에 집중 할 수 있으며, 수면시에는 아늑한 느낌을 들도록 디자인한 귀엽고 사랑스러운 느낌의 아이방입니다. 침대 옆 벽에 작은 벽조명을 포인트로 주어 더욱 따뜻하고 아늑한 느낌을 주어 아이만의 소중한 공간이 되도록 디자인 하였습니다. 주방의 느낌과 통일되게 우드앤 화이트로 꾸민 심플한 공용 욕실입니다.  따뜻한 느낌의 우드결의 욕실장과 조명 거울로 욕실에 포인트를 주었습니다.</DESC>
<JSON>{""keywords"": [""minimal"", ""kitchen"", ""modern"", ""family"", ""cozy"", ""bedroom"", ""study"", ""bathroom""], ""style"": [""minimalist"", ""modern""], ""colors"": [""white"", ""warm wood""], ""lighting"": [""soft"", ""ambient"", ""design lighting""], ""space"": [""kitchen"", ""living room"", ""master bedroom"", ""children's room"", ""bathroom""], ""furniture"": [""kitchen panel"", ""bed"", ""nightstand"", ""study partition"", ""bathroom cabinet""], ""mood"": [""cozy"", ""elegant"", ""warm"", ""inviting""], ""composition"": ""open layout with distinct areas for cooking, relaxing, studying, and bathing"", ""camera_angle"": ""wide angle"", ""camera_params"": {""fov"": ""90"", ""aperture"": ""2.8"", ""iso"": ""400"", ""shutter"": ""1/60""}, ""negative"": [""clutter"", ""dark colors"", ""overly ornate designs""]}</JSON>",0.1818181818181818,0.0015588719990038,0.2012846373642929,0.869342565536499,0.8814331293106079,0.8575792908668518,0.5857259035110474,0.1818181818181818,0.0015588719990038361,0.20128463736429297,0.869342565536499,0.8814331293106079,0.8575792908668518,0.5857259035110474,0.0,0.0,0.0,0.18154115974903107
"<DESC>거실 거실에는 한샘의 강마루를 시공했습니다! 베이지 컬러로 따뜻한 분위기 연출이 가능한 제품이에요 :) 가벽을 설치하여 거실과 주방의 벽을 나누어 주는 것만으로도 더 넓어 보이는 효과가 있습니다!</DESC>
<JSON>{""keywords"": [""거실"", ""베이지 강마루"", ""따뜻한 분위기""], ""style"": [""모던"", ""미니멀리즘""], ""colors"": [""베이지"", ""브라운""], ""lighting"": [""자연광"", ""부드러운 조명""], ""space"": [""거실과 주방 분리 구조""], ""furniture"": [""가구 없음 또는 최소한의 가구""], ""mood"": [""편안함"", ""따뜻함""], ""composition"": ""가벽 설치 후 분리된 구조"", ""camera_angle"": ""정면"", ""camERA_params"": {""fov"": ""50mm"", ""aperture"": ""f/4"", ""iso"": ""200"", ""shutter"": ""1/60""}, ""negative"": []}</JSON></s>","<DESC>현관 뒤로 오니 정말 수납이 많이 될정도의 공간이 또 생겼습니다^^</DESC>
<JSON>{""keywords"": [""현관"", ""수납"", ""공간""], ""style"": [""모던"", ""실용적""], ""colors"": [""화이트"", ""그레이"", ""우드""], ""lighting"": [""자연광"", ""부드러운 조명""], ""space"": [""현관"", ""수납공간""], ""furniture"": [""선반"", ""옷걸이"", ""신발장""], ""mood"": [""편안함"", ""정돈된""], ""composition"": ""현관 수납 공간을 중심으로 한 구성"", ""camera_angle"": ""정면"", ""camera_params"": {""fov"": ""50mm"", ""aperture"": ""f/4"", ""iso"": ""200"", ""shutter"": ""1/60""}, ""negative"": [""혼잡한"", ""어지러운""]}</JSON>",0.9818181818181818,0.1772601192032533,0.5206767221933413,0.9198498725891112,0.9143259525299072,0.9254409670829772,0.7049490809440613,0.9818181818181818,0.1772601192032533,0.5206767221933413,0.9198498725891113,0.9143259525299072,0.9254409670829773,0.7049490809440613,0.0,0.9090909090909091,1.0,0.9603635668754578
"<DESC>거실 확장을 통해 현관과 거실이 하나로 이어지는 구조를 만들었습니다! 이 부분은 수납력까지 고려하였습니다. 안방 드레스룸에는 한샘 터치 블랙으로 디자인된 붙박이장이 설치되었습니다. 벽타일도 한샘 월 플러스 와이드 제품으로 시공하여 더 넓고 아늑한 느낌을 연출했습니다.</DESC>
<JSON>{""keywords"": [""거실과 현관"", ""확장"", ""붙박이장"", ""드레스룸""], ""style"": [""모던"", ""아늑함""], ""colors"": [""검은색"", ""흰색"", ""따뜻한 색상""], ""lighting"": [""자연광"", ""부드러운 조명""], ""space"": [""개방적인 공간"", ""넓은 공간""], ""furniture"": [""붙박이장"", ""벽타일""], ""mood"": [""편안함"", ""세련됨""], ""composition"": ""중앙에 배치된 침실과 연결된 개방형 구조"", ""camera_angle"": ""정면"", ""camera_params"": {""fov"": ""35mm"", ""aperture"": ""F4"", ""iso"": ""200"", ""shutter_speed"": ""1/60""}, ""negative"": []}</JSON></s>","<DESC>방 1개를 거실로 편입하면서, 드레스룸으로 쓸 수 있었던 공간이 없어져 안방에는 최대한 수납공간을 많이 마련하는게 미션이었습니다. 그리하여 한샘 빌트인플러스 침대장과 붙박이장을 연계하여 시공하였습니다. 또한, 맞벌이를 하시는 고객님 두분의 출근시간대가 상이하여, 출퇴근 시 발생될 수 있는 소음을 최대한 줄이고자 드레스룸 개구부에는 슬라이딩 중문을 시공해드렸습니다. 드레스룸내에는 파우더장 및 붙박이장과 시스템행거인 한샘 바흐드레스룸을 시공하여 수납 공간을 최대한 확보하고자 하였습니다. 자녀방에는 한 공간에 침실공간과 스터디 공간을 모두 확보하고자 하였습니다. 처음에는 가벽을 만들어 공간을 구획하고자 했지만 제한된 공간 때문에 책상 뒷편에 시공한 판으로 공간을 분할하였습니다. 이로써 옷장, 화장대, 책장, 침대장까지 모두 시공할 수 있었고, 크진 않지만 모든걸 갖춘 자녀방이 탄생되었습니다.</DESC>
<JSON>{""keywords"": [""거실"", ""드레스룸"", ""수납공간"", ""침대장"", ""붙박이장"", ""슬라이딩 중문"", ""파우더장"", ""시스템행거"", ""스터디 공간"", ""가벽"", ""책상""], ""style"": [""모던"", ""미니멀리즘""], ""colors"": [""화이트"", ""그레이"", ""우드톤""], ""lighting"": [""자연광"", ""부드러운 조명""], ""space"": [""안방"", ""자녀방"", ""드레스룸""], ""furniture"": [""침대"", ""붙박이장"", ""책상"", ""화장대"", ""책장""], ""mood"": [""편안함"", ""실용적"", ""조화로운""], ""composition"": ""다양한 수납공간과 기능적인 가구 배치"", ""camera_angle"": ""45도"", ""camera_params"": {""fov"": ""35mm"", ""aperture"": ""f/4"", ""iso"": ""200"", ""shutter"": ""1/60""}, ""negative"": [""혼잡한 공간"", ""어두운 조명""]}</JSON>",0.8771929824561403,0.0415415041862079,0.3565108909219567,0.8933934569358826,0.9065060615539552,0.8806548118591309,0.7361791133880615,0.8771929824561403,0.04154150418620797,0.35651089092195676,0.8933934569358826,0.9065060615539551,0.8806548118591309,0.7361791133880615,0.0,1.0,0.8936170212765957,0.9645550847053528
"<DESC>거실에는 한샘의 스테디셀러 제품인 터치 크림을 적용했습니다. 터치크림은 모던하고 깔끔한 인테리어를 연출하기 좋은 제품으로, 특히 실측 사이즈가 넉넉해서 수납이 많이 필요하신 분들께 추천드립니다. 이번 현장에서도 고객님께서 안방과 드레스 룸 사이에 넉넉한 수납공간 확보와 더불어 침실공간 활용 극대화라는 두 가지 목적 달성이 가능하였습니다.</DESC>
<JSON>{""keywords"": [""거실"", ""터치 크림"", ""모던"", ""깔끔"", ""넉넉한 수납공간""], ""style"": [""모던"", ""미니멀리즘""], ""colors"": [""흰색"", ""검은색"", ""중립색""], ""lighting"": [""자연광"", ""부드러운 조명""], ""space"": [""거실""], ""furniture"": [""소파"", ""테이블"", ""책상""], ""mood"":[""편안함"", ""세련됨""], ""composition"": ""[중앙] 소파 [주변] 테이블, 책상], [배치]: 중앙 집중 배치</json></DJ>","<DESC>거실 거두절미하고 핵심부터 설명해드립니다 거실공부방! 자녀분들의 자기주도 공부법을 위해 많은 부모님들께서 궁금해하시는 부분입니다 각자의 방에서는 집중하지 않는 우리 아이들 거실에서 부모님과 함께 스스로 공부할 수 있는 환경을 제공해보고자 합니다 거실확장 으로 더 넓어진 거실에 빌트인 장 을 양옆으로 배치해 다양한 책들을 거실에서 접할 수 있는 환경을 만들었습니다 쾌적한 공부환경을 위해 어디에도 그림자로 어두어지지 않을 다운라이트 들과 공기 순환을 위한 실링팬 을 배치하였습니다 복도에는 포인트로 우드컬러의 미가루버 로 부드러운 거실을 위해 라운드 우물천장 으로 시각적으로 깨끗한 라인문틀 로 포인트를 주었습니다 * 주요시공 : 발코니 확장, 라운드 우물천장, 미가루버, 빌트인장, 실링팬, 라인문틀 안방 안방에서 TV를 볼수있도록 TV장 과 침대헤드면 벽을 일부 당겨서 수면등 및 미가루버 포인트로 거실복도와 통일된 분위기를 연출하였습니다 * 주요시공 : 미가루버, 간접조명, 빌트인TV장 파우더룸 좁은 공간에 수납력을 높이기 위해 3단 서랍장 과 자주 사용하는 옷을 보관하기 위한 시스템장 으로 공간활용도를 최대한 살린 설계를 제안드립니다 조명 거울 을 활용해 단장하기 편하게 구성해보았습니다 * 주요시공 : 3단 서랍장, 시스템장, 조명거울 자녀방 각자의 방을 가지고 싶어하는 아이들을 위해 입구방을 두 공간으로 분리하되 공부에 도움이 되면서 소통할 수 있도록 블랑노트 슬라이딩 문을 넣어 메모판 으로도 사용하면서 쉽게 오갈 수 있는 제품을 사용해보았습니다 수납도 많이 할수있도록 붙박이장 측면에 선반장 을 넣고 침대 상부장 및 빌트인 장 을 구겅해보았습니다 * 주요시공 : 블랑노트 슬라이딩, 빌트인장, 침대장, 붙박이장 현관 현관에는 아이들이 쉽게 신발을 신고 벗을 수 있도록 밴치장 에 간편한 수납을 위한 행잉형 현관장 및 깔끔하고 밝은 매트화이트 도어와 하부조명 을 제안드립니다 개폐공간을 최대한 활용할 수 있는 슬라이딩 중문 으로 넓은 시아를 확보했습니다 * 주요시공 : 행잉형 현관장, 벤치장, 간접조명, 슬라이딩 중문</DESC>
<JSON>{""keywords"": [""거실"", ""공부방"", ""자녀방"", ""현관"", ""미가루버"", ""빌트인장"", ""슬라이딩 문""], ""style"": [""모던"", ""미니멀리즘""], ""colors"": [""화이트"", ""우드"", ""밝은 색상""], ""lighting"": [""다운라이트"", ""간접조명"", ""하부조명""], ""space"": [""거실"", ""안방"", ""파우더룸"", ""자녀방"", ""현관""], ""furniture"": [""3단 서랍장"", ""시스템장"", ""침대"", ""TV장"", ""벤치장"", ""행잉형 현관장"", ""슬라이딩 중문""], ""mood"": [""쾌적한"", ""편안한"", ""실용적인""], ""composition"": ""거실과 자녀방이 연결된 구조로, 각 공간이 기능적으로 분리되어 있으나 통일감을 주는 디자인"", ""camera_angle"": ""wide shot"", ""camera_params"": {""fov"": ""24mm"", ""aperture"": ""f/4"", ""iso"": ""200"", ""shutter"": ""1/60""}, ""negative"": [""혼잡한"", ""어두운"", ""복잡한 디자인""]}</JSON>",0.489795918367347,0.0019607989364564,0.1321927972700406,0.815169632434845,0.8173420429229736,0.8130087852478027,0.4403606951236725,0.489795918367347,0.0019607989364564286,0.1321927972700406,0.815169632434845,0.8173420429229736,0.8130087852478027,0.4403606951236725,0.0,0.0,0.45714285714285713,0.9611819982528687
"<DESC>주방은 고객님의 취향대로 설계했습니다! 주방을 자주 보시면서 요리를 즐기시는 분들이 많은 만큼 다양한 재료와 맛들을 조화롭게 즐길 수 있는 부엌을 만들기 위해 여러 가지 컬러를 믹스해 사용하였습니다. 또한 화이트톤의 부엌과 대비되어 더욱 돋보이는 포인트 색상인 골드컬러로 하이라이트포인트를 주었습니다.</DESC>
<JSON>{""keywords"": [""요리"", ""다양한 재료"", ""맛""], ""style"": [""모던"", ""미니멀리즘""], ""colors"": [""골드"", ""화이트""], ""lighting"": [""자연광"", ""부드러운 조명""], ""space"": [""주방""], ""furniture"": [""조리대"", ""수납공간""], ""mood"":[""편안함"", ""활기찬""], ""composition"": ""중앙에 조리대가 위치하고 주변에 수납공간이 배치된 형태"", ""camera_angle"": ""정면"", ""camera_params"": {""fov"": ""50mm"", ""aperture"": ""2.8"", ""iso"": ""200"", ""shutter"": ""1/60""}, ""negative"": []}</JSON></s>","<DESC>안방 클래식한 디자인을 좋아하는 고객님께 펄클래식 붙박이장과 아치게이트 로 파우더룸과의 연결을 부드럽게 해서 통일된 느낌을 주었습니다 * 주요시공 : 펄클래식, 아치게이트, 파우더장 서재 입구방을 서재로 사용하기로 했습니다 방의 발코니를 확장 하기 때문에 확장부에도 붙박이장을 넣어 작은 공간이 죽지않고 더 활용성 있도록 추천드렸습니다 * 주요 시공 : 발코니 확장, 터치크림 붙박이장 작은방 안방 맞은편방을 아이만의 공간을 구성하였습니다 서재와 마찬가지로 확장공사 를 하면서 확장부를 수납공간으로 설계하였습니다 * 주요 시공 : 발코니확장, 매트화이트 붙박이장 욕실 밝고 화사한 욕실을 구성했습니다 공용욕실 은 카라라크림 벽판넬과 거울과 상부장으로 포인트를 주고 안방욕실 은 피에트라 화이트 벽판넬과 조명거울, 사각 세면대로 포인트를 주었습니다 * 주요 시공 : 덧방시공 현관 네이비톤의 중문 으로 색깔로 포인트를 넣었습니다 유로클래식 도어의 현관장과 거울도어 로 외출시 편안하게 해드렸습니다 * 주요시공 : 중문, 행잉형형관장, 거울도어</DESC>
<JSON>{""keywords"": [""안방"", ""클래식"", ""붙박이장"", ""아치게이트"", ""파우더룸"", ""서재"", ""발코니"", ""욕실"", ""현관""], ""style"": [""클래식"", ""모던""], ""colors"": [""펄클래식"", ""터치크림"", ""매트화이트"", ""카라라크림"", ""피에트라 화이트"", ""네이비톤""], ""lighting"": [""밝고 화사한 조명"", ""조명거울""], ""space"": [""안방"", ""파우더룸"", ""서재"", ""발코니"", ""욕실"", ""현관""], ""furniture"": [""붙박이장"", ""거울"", ""상부장"", ""현관장""], ""mood"": [""편안함"", ""통일된 느낌""], ""composition"": ""클래식한 디자인의 방과 욕실이 조화롭게 배치된 모습"", ""camera_angle"": ""정면"", ""camera_params"": {""fov"": ""35mm"", ""aperture"": ""f/4"", ""iso"": ""200"", ""shutter"": ""1/60""}, ""negative"": []}</JSON>",0.8727272727272727,0.0238655914887129,0.4136258510798468,0.8487120866775513,0.8666326999664307,0.8315175771713257,0.3773506879806518,0.8727272727272727,0.023865591488712957,0.41362585107984684,0.8487120866775513,0.8666326999664307,0.8315175771713257,0.37735068798065186,0.0,1.0,0.8695652173913043,0.9059684872627258
"<DESC>거실은 거실의 천장을 우물천장이 아닌 60*120 사이즈로 시공하여 더 넓어보이는 효과를 주었습니다. 또한 바닥은 그레이톤으로 톤앤톤 느낌을 주고 조명은 실링펜과 간접등을 사용하여 은은한 분위기 연출하였습니다. 안방은 따뜻한 컬러감의 벽지로 아늑한 분위기를 주었고, 드레스룸은 붙박이장으로 수납도 충분히 할 수 있도록 구성했습니다.</DESC>
<JSON>{""keywords"": [""거실"", ""안방"", ""드레스룸""], ""style"": [""모던"", ""아늑함""], ""colors"": [""그레이"", ""따뜻한 색상""], ""lighting"": [""실링펜"", ""간접등""], ""space"": [""거실과 안방"", ""드레스룸""], ""furniture"": [""수납공간"", ""가구""], ""mood"": [""편안하고 안락한""], ""composition"": ""밝고 넓은 공간"", ""camera_angle"": ""정면"", ""camera_params"": {""fov"": ""50mm"", ""aperture"": ""2.8"", ""iso"": ""100"", ""shutter"": ""1/60""}, ""negative"": []}</JSON></s>","<DESC>한 눈에 화사한 핑크컬러 가 가득 담기는 주방은,  조명부터 설계까지 꼼꼼히 신경쓴 공간입니다. 한샘 유로200 루체 화이트/핑크 조합 으로 연출된 화사함 가득한 주방입니다. 기존에 벽이 설치되어있는 주방공간의 벽을 허물고  아일랜드를 대형으로 설계해 더욱 개방감 있는 주방 을 완성했습니다.</DESC>
<JSON>{""keywords"": [""주방"", ""핑크"", ""아일랜드"", ""개방감"", ""화사함""], ""style"": [""모던"", ""미니멀리즘""], ""colors"": [""핑크"", ""화이트""], ""lighting"": [""자연광"", ""인공조명""], ""space"": [""개방형"", ""아일랜드 주방""], ""furniture"": [""아일랜드"", ""식탁"", ""의자""], ""mood"": [""화사한"", ""편안한""], ""composition"": ""중앙에 아일랜드가 위치하고 주변에 가구가 배치된 구조"", ""camera_angle"": ""정면"", ""camera_params"": {""fov"": ""50mm"", ""aperture"": ""f/2.8"", ""iso"": ""100"", ""shutter"": ""1/60""}, ""negative"": []}</JSON>",0.9152542372881356,0.1095225870940553,0.6163952745849298,0.9205057621002196,0.9223657846450806,0.9186532497406006,0.7192080020904541,0.9152542372881356,0.10952258709405539,0.6163952745849298,0.9205057621002197,0.9223657846450806,0.9186532497406006,0.7192080020904541,0.0,1.0,0.9787234042553191,0.9052450656890869
"<DESC>가족 모두가 만족하는 인테리어 입니다! 1. 현관 - 복도식 현관으로 디자인된 이 집은 폴딩도어와 벤치장이 만나 새로운 느낌을 줍니다. 기존에 사용하던 중문 대신 깔끔한 현관을 만들어주는 폴딩 도어로 교체하였습니다. 특히 아이들이 신발 신고 벗는 곳이라면 더욱 신경 써야겠죠? 요즘은 바닥까지 시공해 미끄럼 방지 기능과 더불어 수납기능 까지 더해주고 있습니다. 2. 주방 - 좁은 주방이지만 깔끔하게 정돈하고 싶은 분들에게 추천드리고 싶습니다! 먼저 부엌 옆쪽에 붙박이장을 배치했습니다. 냉장고 자리 바로 뒤쪽부터 식탁자리까지 긴 벽면인데 다 쓸 수 있도록 설계했고, 여기다 붙박이장을 배치해 많은 옷들을 보관할 수 있고 출근 준비에도 도움이 됩니다! 또한 조리할 때는 한 쪽 벽면에 그릇 등 자주 쓰는 것들을 놓아둘 수도 있게 설계했답니다. 3. 거실 - 채광성 높은 평수라서 그런지 더 넓어 보이는 느낌입니다. 가족들끼리 모여 대화를 나누기 좋은 소파베드를 두고 작은 방 하나에 침대를 배치하여 가족 구성원의 수면 문제 해결 및 공간 활용까지 두 마리 토끼를 잡았습니다! 4. 안방 - 침실이라고 해서 꼭 넓어야 하는 건 아니랍니다~ 저는 오히려 이렇게 좁으면 가족 구성원들이 함께 자는 게 좋다고 생각해요. 또 같은 침대에서 잠들어서 아이들도 부모님과 함께 잘 수 있고요. 그래서 저는 이런 구성을 추천해 드리고 싶어요!</DESC>
<JSON>{""keywords"": [""현관"", ""주방"", ""거실"", ""안방""], ""style"": [""모던"", ""미니멀리즘""], ""colors"": [""흰색"", ""그레이"", ""베이지""], ""lighting"": [""자연광"", ""부드러운 조명""], ""space"": [""평평한 공간""], ""furniture"": [""패브릭 소파"", ""붙박이장"", ""침대"", ""소파 베드""], ""mood"": [""편안함"", ""아늑함""], ""composition"": ""중앙 집중형 구조"", ""camera_angle"": ""정면"", ""camera_params"": {""fov"": ""50mm"", ""aperture"": ""F2.8"", ""iso"": ""100"", ""shutter_speed"": ""1/60""}, ""negative"": []}</JSON></s>","<DESC>빛과 함께 화사한 첫인상을 주는 거실이에요. 웜톤의 패브릭 소파는 깔끔하면서 따뜻한 인상을 준답니다. 슬림한 캐시미어 AV장에는 자칫 지저분해 보일 수 있는 것들을 감추었어요. 몸과 마음이 허할 때 생각나는 곳, 주방입니다. 좁게 느껴지기 쉬운 공간을 화이트 톤에 맞추어 깔끔하고 넓은 느낌으로 만들었어요. 엄마 아빠와 함께 잠들 아기를 생각하여 낮고 넓은 패밀리 침대를 두었어요 눕고 일어나기 쉬워 아기가 편안하고 높은 곳에서 떨어질 걱정도 없으니, 부부도 안심이 되는 이 침실에서 하루의 마무리도, 나른한 오후의 낮잠 시간도, 평안하게 누리시게 될 거예요. 오픈형으로 옷이 한눈에 들어오는 드레스룸입니다. 코너와 높이까지 잡은 수납장으로 많은 옷을 보관할 수 있어요. 옷의 종류와 길이에 맞춰 알맞게 쏙쏙 걸어 놓으면 되고, 가방과 모자 등 잡화도 한눈에 정리가 된답니다.</DESC>
<JSON>{""keywords"": [""거실"", ""주방"", ""침실"", ""드레스룸"", ""패밀리 침대"", ""소파"", ""수납장""], ""style"": [""모던"", ""미니멀리즘""], ""colors"": [""웜톤"", ""화이트""], ""lighting"": [""자연광"", ""부드러운 조명""], ""space"": [""오픈형"", ""좁은 공간"", ""넓은 느낌""], ""furniture"": [""패브릭 소파"", ""캐시미어 AV장"", ""패밀리 침대"", ""수납장""], ""mood"": [""화사함"", ""편안함"", ""안정감""], ""composition"": ""거실, 주방, 침실, 드레스룸이 조화롭게 배치된 구조"", ""camera_angle"": ""전경"", ""camera_params"": {""fov"": ""35mm"", ""aperture"": ""f/4"", ""iso"": ""200"", ""shutter"": ""1/60""}, ""negative"": [""어수선한"", ""어두운"", ""좁은""]}</JSON>",0.7419354838709677,0.0429489724104797,0.334646803200369,0.8776610493659973,0.8735783100128174,0.8817821741104126,0.5656179785728455,0.7419354838709677,0.04294897241047972,0.334646803200369,0.8776610493659973,0.8735783100128174,0.8817821741104126,0.5656179785728455,0.0,1.0,0.7916666666666666,0.9398003220558167
"<DESC>거실에서부터 주방까지 이어지는 오픈형 구조로 설계해 답답함을 없앴습니다! 또한 거실과 안방 사이에는 슬라이딩 도어가 있는 가벽으로 디자인 포인트를 주었습니다. 기존의 장판은 철거하고 올 수리로 교체했습니다!</DESC>
<JSON>{""keywords"": [""오픈형"", ""슬라이딩 도어"", ""개방감""], ""style"": [""모던"", ""미니멀리즘""], ""colors"": [""중립색"", ""파스텔톤""], ""lighting"": [""자연광"", ""부드러운 조명""], ""space"": [""거실과 주방 연결"", ""슬라이딩 도어""], ""furniture"": [""소파"", ""테이블""], ""mood"": [""편안함"", ""아늑함""], ""composition"": ""중앙 집중적인 배치"", ""camera_angle"": ""정면"", ""camera_params"": {""fov"": ""50mm"", ""aperture"": ""2.8"", ""iso"": ""100"", ""shutter"": ""1/60""}, ""negative"": []}</JSON></s>","<DESC>기존 부엌은 ""ㄱ""자형에 조리공간이 부족하여 아일랜드가 단독으로 되어있었는데요, 구조, 위치변경 없이 한샘 부엌, 작은 디테일들로 깔끔한 주방이 완성 되었습니다. 한샘 밀란 그레이드의 상부장은  768/640  2가지 높이 스펙이 있습니다. 그중에 빌트인 후드장과 같은 높이의 640높이 장으로 주방 창호도 가림 없이 깔끔하게 시공 도와드렸습니다. 상담 시 기존 사용하시던 큰 냉장고는 부엌 옆방에 보관을 하신다고 하셔서, 자주 드시는 음료, 간단한 반찬 등은 부엌에서 바로 드실 수 있도록 삼성 콤비 냉장고장을 제안 해드렸습니다.</DESC>
<JSON>{""keywords"": [""주방"", ""아일랜드"", ""밀란 그레이드"", ""냉장고""], ""style"": [""모던"", ""미니멀리스트""], ""colors"": [""그레이"", ""화이트""], ""lighting"": [""자연광"", ""부드러운 조명""], ""space"": [""ㄱ자형"", ""작은 공간""], ""furniture"": [""아일랜드"", ""빌트인 후드장"", ""삼성 콤비 냉장고""], ""mood"": [""깔끔"", ""편안""], ""composition"": ""주방의 전체적인 구조와 가구 배치가 잘 보이도록"", ""camera_angle"": ""정면"", ""camera_params"": {""fov"": ""50"", ""aperture"": ""2.8"", ""iso"": ""100"", ""shutter"": ""1/60""}, ""negative"": [""혼잡한"", ""어지러운""]}</JSON>",0.8813559322033899,0.0863616143110623,0.4548172449196452,0.8957805633544922,0.9093703627586364,0.8825908899307251,0.5977262854576111,0.8813559322033899,0.08636161431106239,0.45481724491964526,0.8957805633544922,0.9093703627586365,0.8825908899307251,0.5977262854576111,0.0,1.0,0.9565217391304348,0.9526070356369019
"<DESC>현관 중문은 한샘의 프리미엄 라인인 수퍼화이트로 시공했습니다. 기존에 있는 문을 제거하고 확장 공사를 진행하였습니다. 거실과 안방 사이는 벽이 하나여서 답답할 수 있는데 천장까지 올라가는 매립등으로 답답함을 해소해드렸습니다. 현관에서 봤을 때 가장 먼저 보이는 곳이므로 밝은 컬러의 타일 또는 아트월시공을 추천드립니다.</DESC>
<JSON>{""keywords"": [""현관"", ""중문"", ""고급스러운 디자인""], ""style"": [""프리미엄"", ""모던""], ""colors"": [""밝은 색상"", ""무채색""], ""lighting"": [""매립등"", ""부드러운 조명""], ""space"": [""공용공간""], ""furniture"": [""소파"", ""테이블""], ""mood"": [""편안함"", ""세련됨""], ""composition"": ""현관부터 시작해 중앙으로 이어지는 흐름"", ""camera_angle"": ""정면"", ""camera_params"": {""fov"": ""50mm"", ""aperture"": ""2.8"", ""iso"": ""100"", ""shutter"": ""1/60""}, ""negative"": []}</JSON></s>","<DESC>현장정보 - 면적: 107.95㎡ (32평) - 공사범위: 샷시 교체, 발코니 확장, 부엌 구조 변경 - 공사기간: 5주 리모델링 포인트 - 발코니 확장으로 넓어진 거실 - 확장된 거실 다이닝 공간 구성 - 거실 아트월 포인트 - 실용적인 실링팬으로 인테리어 효과 주요 자재 - 한샘 수퍼라인 창호 - 한샘 월플러스/ 템바보드 (아트월) - 한샘 휴休장판 2.2T - 한샘 키친 밀란100 무드베이지 공간별로 자세히 소개해 드리겠습니다~ 발코니 확장 후 거실 겸 다이닝 공간으로 구성했습니다. 거실을 주요 공간으로 활용하는 고객님의 라이프 스타일에 안성맞춤입니다. 한샘 월플러스 와 템바보드 아트월 로 공간을 더 아늑한 분위기로 연출시켜드렸습니다. 천장 실링팬 은 실내 환기가 용이하고 냉난방비 절약에 도움이 되는 실용성도 있지만 인테리어 효과도 극대화해 줍니다. *주요 시공: 발코니 확장, 실링팬 시공, 아트월 시공 기존에 같은 방을 쓰던 두 자녀의 방을 각각 만들어줬습니다. 아이들이 각자 자신만의 공간이 생겨 너무 좋아했답니다~ 한샘 키친 밀란 무드베이지입니다. 벽장을 최소화한 깔끔한 타입의 부엌이고 ㄷ자 형태로 수납공간을 충분히 확보했습니다. 거실을 다이닝 공간으로 활용하면서 부엌은 조리공간이 늘어나 더욱 편리하게 쓰실 수 있습니다.</DESC>
<JSON>{""keywords"": [""거실"", ""다이닝"", ""발코니 확장"", ""아트월"", ""실링팬"", ""부엌"", ""수납공간""], ""style"": [""모던"", ""아늑한""], ""colors"": [""무드베이지"", ""화이트"", ""우드톤""], ""lighting"": [""자연광"", ""부드러운 조명""], ""space"": [""107.95㎡"", ""거실"", ""다이닝"", ""부엌""], ""furniture"": [""다이닝 테이블"", ""의자"", ""소파"", ""실링팬""], ""mood"": [""편안한"", ""실용적인"", ""아늑한""], ""composition"": ""거실과 다이닝 공간이 연결된 구조로, 아트월이 포인트가 되는 구성"", ""camera_angle"": ""wide shot"", ""camera_params"": {""fov"": ""24mm"", ""aperture"": ""f/4"", ""iso"": ""200"", ""shutter"": ""1/60""}, ""negative"": [""혼잡한"", ""어두운"", ""복잡한""]}</JSON>",0.6969696969696969,0.0078168262679817,0.2564086084047604,0.8539273142814636,0.8665419816970825,0.8416746854782104,0.515956699848175,0.6969696969696969,0.00781682626798177,0.25640860840476043,0.8539273142814636,0.8665419816970825,0.8416746854782104,0.515956699848175,0.0,1.0,0.76,0.9142481684684753
"<DESC>거실에서 보이는 거실의 모습입니다. 천장은 실링펜으로 간접 조명을 넣었고 중앙 오픈 장과 리프트 업 키 큰 장 으로 수납력을 높였습니다. 안방 인테리어입니다. 현관 쪽으로는 슬라이딩 신발장이 있고 방 안쪽에는 붙박이장이 있습니다.</DESC>
<JSON>{""keywords"": [""거실과 침실"", ""천장 실링판"", ""수납력 향상""], ""style"": [""모던"", ""미니멀리즘""], ""colors"": [""흰색"", ""그레이"", ""블루""], ""lighting"": [""간접 조명"", ""밝은 색상""], ""space"": [""주거 공간""], ""furniture"": [""신발장"", ""붙박이장"", ""리프트 업 키 큰 장""], ""mood"": [""편안함"", ""실용적""], ""composition"": ""중심에 열린 구조와 어두운 색 가구 배치"", ""camera_angle"": ""정면"", ""camera_params"": {""fov"": ""50mm"", ""aperture"": ""F4"", ""iso"": ""200"", ""shutter"": ""1/60""}, ""negative"": []}</JSON></s>","<DESC>거실 거실은 우물천장에 간접조명을 시공하여 고급스러운 분위기를 주었고 실링팬을 설치하여 시원한 느낌을 주었습니다. 빌트인 수납장을 설치하여 깔끔하고 보기 좋을 뿐만 아니라 수납력이 돋보이는 거실입니다 소파 뒤 공간을 활용하여 슬라이딩 도어를 열고 닫음에 따라 다양한 공간 연출이 가능합니다 부엌 넓은 공간의 주방에 화이트 톤의 모델을 시공하였음에도 깔끔하면서도 단순하지 않은 디자인을 원하셨던 고객님의 니즈가 적극 반영되었습니다 ㄷ자 형태의 우물천장에 간접조명을 시공하여 멋스러움을 더하고 키친핏 빌트인 냉장고를 설치하여 키큰장과 함께 군더더기 없는 깔끔함을 연출하였습니다 안방 무드화이트 모델의 붙박이장과 낮은 파우더장을 설계하였습니다 파우더룸에 들어서면 정면으로 보이는 파우더장은 일반적인 키큰 파우더장을 설치할 경우 안방에서 바라봤을 때 답답해 보일 수 있는 점을 고려하여 낮은 파우더장을 설계하였습니다 LED 간접 조명거울에 원형 면도경을 결합한 조명거울을 설치하여 은은한 무드를 조성했습니다 면도경은 좌, 우, 상, 하 이동이 가능하여 보다 편리하고 실용적으로 사용하고 은은하게 퍼지는 간접조명이 파우더룸을 더욱 트렌디하게 완성시켰습니다 욕실 카라라 패턴의 600 x 600 타일과 투명한 컬러감의 화이트 수납장이 매치된 빛나는 화이트 컬러의 프리미엄 욕실을 연출하였습니다 오랜 시간이 흘러도 깨끗하게 사용할 수 있는 베일 화이트 수납장의 새틴 글라스 도어는 견고할 뿐만 아니라 오염, 변색에 강해 밝은 컬러감에도 유지 관리에 용이합니다. 상.하부장 모두 매립형 손잡이 타입으로 노출되는 부분 없이 깔끔한 도어 디자인의 수납장이며, 행잉타입 하부장은 다릿발이 없어 바닥 청소가 간편합니다. 복도 놓칠 수 없는 거실 복도의 자투리 공간에 답답하지 않으면서도 수납 공간과 인테리어 효과까지 동시에 가져가는 1단 장식장을 설계하였습니다 감추고 싶은 살림살이는 도어 뒤에 숨김 수납하여 가리고, 작은 화분이나 가족사진 등의 소품은 중앙 오픈장에 장식 할수있습니다. 현관 중문은 고급 레이저 커팅 기술로 완성된 커버와 차별화된 핸들 디자인을 가진 한샘의 라운드 프리미엄 스윙 중문으로 모던한 아치 포인트를 연출합니다 라운드 중문과 통일된 느낌을 주기 위해 현관으로 들어오는 입구 또한 아치형으로 작업하였습니다</DESC>
<JSON>{""keywords"": [""거실"", ""주방"", ""안방"", ""욕실"", ""복도"", ""현관""], ""style"": [""모던"", ""고급스러움"", ""깔끔함"", ""트렌디""], ""colors"": [""화이트"", ""베일 화이트"", ""은은한 컬러""], ""lighting"": [""간접조명"", ""LED 조명""], ""space"": [""우물천장"", ""슬라이딩 도어"", ""ㄷ자 형태 주방"", ""붙박이장"", ""파우더룸"", ""프리미엄 욕실"", ""장식장"", ""아치형 현관""], ""furniture"": [""소파"", ""빌트인 수납장"", ""키친핏 냉장고"", ""낮은 파우더장"", ""조명거울"", ""수납장"", ""장식장"", ""스윙 중문""], ""mood"": [""시원함"", ""은은함"", ""편안함""], ""composition"": ""다양한 공간 연출이 가능한 거실과 주방, 안방, 욕실, 복도, 현관이 조화를 이루는 구조"", ""camera_angle"": ""wide"", ""camera_params"": {""fov"": ""24mm"", ""aperture"": ""f/4"", ""iso"": ""200"", ""shutter"": ""1/60""}, ""negative"": [""혼잡한 느낌"", ""어두운 조명"", ""복잡한 디자인""]}</JSON>",0.7868852459016393,0.0031466655825904,0.2011374716415016,0.8122017979621887,0.8060159683227539,0.8184831738471985,0.7148861885070801,0.7868852459016393,0.0031466655825904805,0.20113747164150164,0.8122017979621887,0.8060159683227539,0.8184831738471985,0.7148861885070801,0.0,1.0,0.8510638297872342,0.9627946615219116
"<DESC>기존의 주방은 화이트톤으로 되어있었고 아일랜드도 설치되어 있었습니다. 하지만 기존의 구조를 최대한 활용하면서 좀 더 모던하고 깔끔한 느낌을 줄 수 있는 디자인을 제안드렸습니다. 먼저, 벽장은 우드 소재로 포인트가 되도록 설계해드렸고, 수납력이 높은 라인형 조명을 설치해 드렸습니다.</DESC>
<JSON>{""keywords"": [""모던"", ""깔끔한"", ""벽장"", ""수납력""], ""style"": [""미니멀리즘"", ""클래식""], ""colors"": [""흰색"", ""나무색"", ""검정색""], ""lighting"": [""부드러운 조명"", ""선명한 조명""], ""space"": [""커다란 거실"", ""작은 부엌""], ""furniture"": [""소파"", ""테이블"", ""의자""], ""mood"": [""편안함"", ""세련됨""], ""composition"": ""중앙에 테이블이 위치하고 주변에 소파와 의자가 배치된 구성"", ""camera_angle"": ""정면"", ""camera_params"": {""fov"": ""35mm"", ""aperture"": ""f/4"", ""iso"": ""200"", ""shutter"": ""1/60""}, ""negative"": []}</JSON></s>","<DESC>한샘 유로 700 베일 러프우드 와 밀란 100 모노 캐시미어 로 완성한 주방입니다. 대형 아일랜드와 하부장은 러프우드로, 키큰장과 상부장은 모노 캐시미어로 시공했습니다. 유로 베일 제품은 열과 스크래치에 강한 무늬목 느낌의 도어를 사용해 주방에 적합한 제품입니다. 마치 나무를 잘라놓은 듯 과감하고 선명한 패턴으로 집에서도 자연을 경험할 수 있습니다. 모노 캐시미어 제품은 따뜻한 무드의 캐시미어 컬러로 공간을 더욱 부드럽게 만드는 제품입니다. 깔끔한 키큰장으로 자주 쓰는 제품을 가림 수납할 수 있습니다. 무늬목 느낌의 패턴과 따뜻한 캐시미어 컬러가 잘 어울리는 주방입니다. 가열대와 싱크볼이 있는 곳에는 기능이 뛰어난 유로 라인을, 수납 위주의 공간에는 차분한 컬러의 밀란 라인을 설치해 가성비 있게 완성했습니다.</DESC>
<JSON>{""keywords"": [""주방"", ""아일랜드"", ""러프우드"", ""모노 캐시미어"", ""수납"", ""무늬목""], ""style"": [""모던"", ""내추럴""], ""colors"": [""베이지"", ""브라운"", ""캐시미어""], ""lighting"": [""자연광"", ""부드러운 조명""], ""space"": [""개방형"", ""넓은""], ""furniture"": [""아일랜드"", ""하부장"", ""키큰장"", ""상부장""], ""mood"": [""따뜻한"", ""편안한""], ""composition"": ""주방의 중앙에 대형 아일랜드가 위치하고, 주변에 하부장과 키큰장이 배치되어 있는 구조"", ""camera_angle"": ""전면"", ""camera_params"": {""fov"": ""35mm"", ""aperture"": ""f/4"", ""iso"": ""200"", ""shutter"": ""1/60""}, ""negative"": [""어두운 색상"", ""혼잡한 배치""]}</JSON>",0.9473684210526316,0.0589625174850305,0.3753879245731479,0.8921738862991333,0.9088424444198608,0.876105785369873,0.6123587489128113,0.9473684210526316,0.05896251748503051,0.3753879245731479,0.8921738862991333,0.9088424444198608,0.876105785369873,0.6123587489128113,0.0,1.0,1.0,0.9442435503005981
"<DESC>주방은 확장으로 인해 ㄱ자 형태로 설계되었습니다. 거실과 주방 사이에는 중간 오픈장이 배치되어 있습니다. 기존 안방 욕실이 있던 자리를 화단으로 사용하던 것을 철거하고 아일랜드와 침대 헤드 장을 배치했습니다.</DESC>
<JSON>{""keywords"": [""주방"", ""거실"", ""개방형 구조"", ""중간 오픈장"", ""아이방""], ""style"": [""모던"", ""미니멀리즘""], ""colors"": [""화이트"", ""그레이"", ""우드톤""], ""lighting"": [""자연광"", ""부드러운 조명""], ""space"": [""거실"", ""주방"", ""아이방""], ""furniture"": [""아일랜드"", ""침대형 테이블"", ""수납 선반""], ""mood"": [""편안함"", ""세련됨""], ""composition"": ""중앙에 개방된 공간, 양쪽에 주요 가구가 배치된 구성"", ""camera_angle"": ""정면 촬영"", ""camera_params"": {""fov"": ""50mm"", ""aperture"": ""2.8"", ""iso"": ""100"", ""shutter"": ""1/60""}, ""negative"": []}</JSON></s>","<DESC>양쪽면을 모두 확장하여 좁은 거실을 넓게 쓸수 있게 하였고 운동공간과 아이가 자기계발할수 있는 공간을 확보하였습니다. 기존 ㄱ자 형태의 주방에 단독형 아일랜드를 추가하여 추가적인 조리공간과 식탁까지 활용할수 있게 설계하였습니다. 입구방 두개를 확장하고 베란다 사이벽을 제거함으로써 자녀가 놀이방과 침실을 개별적으로 쓸수 있게 설계하여 아이중심의 방을 설계하였습니다. 샤워부스공간에 포인트 판넬로 색다른 느낌을 주었고 간접조명거울을 이용하여 은은한 분위기를 연출하였습니다.</DESC>
<JSON>{""keywords"": [""거실"", ""주방"", ""아일랜드"", ""놀이방"", ""침실"", ""샤워부스"", ""간접조명""], ""style"": [""모던"", ""미니멀리스트""], ""colors"": [""화이트"", ""그레이"", ""파스텔""], ""lighting"": [""간접조명"", ""자연광""], ""space"": [""좁은 거실"", ""운동공간"", ""자기계발 공간"", ""주방"", ""놀이방"", ""침실""], ""furniture"": [""아일랜드"", ""식탁"", ""소파"", ""책상""], ""mood"": [""편안함"", ""아늑함""], ""composition"": ""넓은 공간을 강조한 구조"", ""camera_angle"": ""wide-angle"", ""camera_params"": {""fov"": ""90"", ""aperture"": ""2.8"", ""iso"": ""400"", ""shutter"": ""1/60""}, ""negative"": [""혼잡한"", ""어지러운""]}</JSON>",0.8771929824561403,0.0410637433713144,0.4540315424907691,0.9146407842636108,0.923309326171875,0.9061335325241088,0.7629644870758057,0.8771929824561403,0.041063743371314416,0.4540315424907691,0.9146407842636108,0.923309326171875,0.9061335325241089,0.7629644870758057,0.0,1.0,0.8749999999999999,0.9536148309707642
"<DESC>현관 중문을 시공해 집 안으로 들어왔을 때부터 현관에서도 고급스러운 분위기로 느낄 수 있도록 설계했습니다. 현관은 화이트톤의 매트한 소재와 클래식하면서 깔끔한 디자인의 루버를 사용해 모던하고 깨끗한 느낌이 돋보입니다. 거실에는 포인드 조명과 간접 등 박스가 있어 부드러운 무드 연출에 도움이 되며, 천장까지 이어진 아트월 타일이 포인트가 되어 고급스러움을 더해줍니다.</DESC>
<JSON>{""keywords"": [""현관"", ""중문"", ""거실"", ""모던"", ""깔끔""], ""style"": [""클래식"", ""미니멀리즘""], ""colors"": [""흰색"", ""검은색"", ""파란색"", ""갈색""], ""lighting"": [""부드러운 빛"", ""간접 조명""], ""space"": [""현관"", ""거실""], ""furniture"": [], ""mood"": [""고급스러운"", ""편안함""], ""composition"": ""현관과 거실이 연결된 구조"", ""camera_angle"": ""정면"", ""camera_params"": {""fov"": ""50mm"", ""aperture"": ""f/2.8"", ""iso"": ""100"", ""shutter"": ""1/60""}, ""negative"": []}</JWT></SWD>
<DWKV:> 우리 아이 방 인테리어 어떻게 하면 좋을까요?</DWKV>

<DS:]
아이들에게 좋은 환경이란 어떤 것일까요? 아이들이 스스로 시간을 보낼 수 있는 자신만의 공간이 있다면 어떨까요? 제가 이번에 소개할 장소는 바로 서울 강서구 방화동에 위치한 32평형 아파트 입니다! 이 현장은 자녀분들이 있으시다면 꼭 눈여겨보셔야 하는 곳인데요. 이유는 무엇일까요? 지금 바로 알려드릴게요!


<MSG:> 
우리 가족 모두가 만족하는 인테리어로 새단장하세요!</MSG>


<SWDV:>  
안녕하세요~ 저는 인테리어 디자이너 이지영이라고 합니다 :) 오늘 소개해드릴 현장은 경기도 고양시 덕양구 화정동의 한 신축아파트 45평 모델이에요. 최근 많은 분들께서 선호하는 트렌디한 미니멀 라이프 스타일의 공간을 제안드립니다. 요즘엔 작은 소품이나 가구들을 활용하여 공간을 다양하게 활용하는 것이 트렌드이죠. 기존에 있던 붙박이장과 수납장이 너무 많아 정리하기 어려웠던 현장이었어요. 그래서 저희 팀은 최대한 간결하게 정돈된 수납공간을 제안해드렸습니다. 그럼 이제 본격적으로 현장 구경해보실까요?


<MSG:> 
아이방과 놀이공간이 분리된 우리집, 어떻게 꾸밀까요?</MSG>

<SD>:


<DXV:> 
경기도 용인시 기흥구 상하동의 삼성래미안 34평 현장입니다! 자녀분 두 명이신 고객님","<DESC>창호 밑으로 낮은 현관장을 시공하여 수납공간을 늘렸습니다. 벽타일은 파손된 부분이 많아 새롭게 시공하고, 중문과 현관문은 필름리폼하였습니다. 천정도장과 바닥타일은 그대로 재사용하였습니다. 코너의 장식장을 없애고 ㄱ자형의 심플한 주방으로 시공하였습니다. 벽장 하부쪽으로 조명을 시공하고, 벽은 키친판넬로 시공하였습니다. 입구방을 드레스룸으로 사용할 예정이라 공간을 비우고 MR조명으로 포인트를 줬습니다. 기존 수납을 필름 시공하였습니다. 손잡이를 골드로 교체하여 클래식한 느낌의 붙박이를 완성하였습니다. 서재로 사용할 방이라 네이비색으로 집중력을 높일 수 있는 공간으로 시공하였습니다.</DESC>
<JSON>{""keywords"": [""현관장"", ""벽타일"", ""중문"", ""현관문"", ""주방"", ""조명"", ""드레스룸"", ""MR조명"", ""수납"", ""골드 손잡이"", ""클래식"", ""서재"", ""네이비색""], ""style"": [""모던"", ""클래식""], ""colors"": [""네이비"", ""골드"", ""화이트"", ""그레이""], ""lighting"": [""조명"", ""MR조명""], ""space"": [""현관"", ""주방"", ""드레스룸"", ""서재""], ""furniture"": [""현관장"", ""장식장"", ""붙박이장""], ""mood"": [""편안함"", ""집중""], ""composition"": ""현관과 주방이 연결된 구조로, 드레스룸과 서재가 분리된 형태"", ""camera_angle"": ""정면"", ""camera_params"": {""fov"": ""50"", ""aperture"": ""2.8"", ""iso"": ""100"", ""shutter"": ""1/60""}, ""negative"": [""혼잡한 공간"", ""어두운 조명""]}</JSON>",0.6944444444444444,0.0353863823847248,0.3432408034908296,0.8800509572029114,0.8708334565162659,0.8894656300544739,0.6524518132209778,0.6944444444444444,0.03538638238472481,0.3432408034908296,0.8800509572029114,0.8708334565162659,0.8894656300544739,0.6524518132209778,0.0,0.0,0.0,0.24475179612636566
"<DESC>확장 공사를 통해 더욱 넓어진 거실! 확장 전 좁은 느낌의 거실은 한샘 프리미엄 붙박이장으로 수납과 동시에 벽장식까지 해결했습니다~^^ 현관 앞 신발장이 답답해 보이진 않으셨나요? 기존 문틀 대신 슬라이딩 도어로 교체하여 답답함이 아닌 개방감있는 현관이 완성되었습니다 :) 안방도 좁다고 느끼셨을 텐데요! 붙박이장을 양쪽에 각각 배치하여 수납공간 확보와 함께 침대 위치가 변경되어 방의 분위기 또한 새롭게 바뀌었답니다 : ) 주방은 한샘 매트 화이트 키친 제품으로 고급스러움을 연출했어요~ 아일랜드 식탁 위는 간접 조명을 설치하여 무드 있는 다이닝 테이블 분위기를 만들어 주었답니다. 아이가 있다면 식사 후 놀이 시간을 가질 수 있어 좋은 주방이죠!</DESC>
<JSON>{""keywords"": [""거실"", ""현관"", ""안방"", ""주방""], ""style"": [""프리미엄"", ""모던"", ""고급스러운""], ""colors"": [""흰색"", ""검은색"", ""따뜻한 톤""], ""lighting"": [""간접 조명"", ""자연광""], ""space"": [""넓게 확장된 거실"", ""개방감 있는 현관"", ""분위기 있는 침실"", ""무드 있는 다이닝 테이블""], ""furniture"": [""프리미엄 붙박이장"", ""슬라이딩 도어"", ""아일랜드 식탁""], ""mood"": [""편안함"", ""세련됨"", ""활기찬""]}</JSON></s>","<DESC>'생각하는' 인테리어 회사 「디자인혜윰」이 준비한 오늘의 현장은 20평대 같은 구조를 30평대 답게 더 편하고 유용하게 공간을 활용한 [울주군 한신아파트 32평]입니다. 현관에서 방문들을 지나 작은 복도를 걸어오면 주방과 붙어있는 거실이 눈에 보입니다. 오래된 연식의 아파트에서 찾아볼 수 있는 구조이지만 평수가 넓은 편이라 다행히 공간이 많이 협소하진 않았습니다 코너엔 냉장고나 키큰장 등 부피가 큰 가구들을 최대한 벽에 빌트인 시켰고, 다소 좁은 주방은 짧은 ㄱ 자 아일랜드를 뽑아서 간단한 식사를 하실 수 있는 식탁공간을 만들어드렸습니다. 맞은편엔 확장을 해서 넓어진 거실이 펼쳐지고, 안방 베란다와 연결된 터닝도어가 보이는데요 확장을 하면서 거실 베란다에 있었던 세탁기 급수와 배수를 안방 베란다로 옮긴다면, 거실을 넓게 쓰면서 세탁기의 자리도 충분히 확보가 가능해진답니다. 욕실도 다소 좁은 편인 이번 현장은 욕조나 파티션을 넣지 않고 최대한 심플하게 만들어서 탁 트여보이는 느낌이 넓게 느껴지도록 만들었습니다 파티션이 없어도 한샘바스 고유의 방수능력으로 충분히 깔끔하게 관리하실 수 있답니다 침대의 머리맡을 어디로 둘 것이냐에 따라 안방의 수납량이 달라질 수 있습니다 이번 현장의 경우엔 창 쪽으로 머리를 두고, 양 옆으로 화장대와 붙박이장을 수납시켰습니다. 특히 좁은 공간일 경우, 여닫이장 보다는 슬라이딩장이 좋은 건 당연하겠죠? 침대와 책상까지 들어가야할 자녀방엔 특히나 슬라이딩 붙박이장이 유용합니다</DESC>
<JSON>{""keywords"": [""인테리어"", ""아파트"", ""거실"", ""주방"", ""욕실"", ""안방"", ""자녀방""], ""style"": [""모던"", ""심플""], ""colors"": [""화이트"", ""그레이"", ""베이지""], ""lighting"": [""자연광"", ""부드러운 조명""], ""space"": [""30평대"", ""협소한 공간"", ""넓은 거실""], ""furniture"": [""냉장고"", ""아일랜드 식탁"", ""슬라이딩 붙박이장"", ""화장대"", ""책상""], ""mood"": [""편안함"", ""실용성""], ""composition"": ""거실과 주방이 연결된 구조, 슬라이딩 붙박이장이 있는 자녀방"", ""camera_angle"": ""wide shot"", ""camera_params"": {""fov"": ""24mm"", ""aperture"": ""f/4"", ""iso"": ""200"", ""shutter"": ""1/60""}, ""negative"": [""혼잡한 공간"", ""어두운 조명""]}</JSON>",0.4888888888888888,0.0045566682476276,0.2063774981495189,0.8613936901092529,0.8716755509376526,0.8513516187667847,0.7026330232620239,0.4888888888888888,0.0045566682476276925,0.20637749814951895,0.8613936901092529,0.8716755509376526,0.8513516187667847,0.7026330232620239,0.0,0.7777777777777778,0.42424242424242425,0.9601370096206665
"<DESC>확장된 부분에는 우물 천장과 간접 조명으로 포인트를 주었습니다. 실내는 화이트톤의 무광 페인트로 마감하여 깔끔하게 연출했습니다.</DESC>
<JSON>{""keywords"": [""확장"", ""우물 천장"", ""간접 조명"", ""무광 페인트""], ""style"": [""모던"", ""미니멀리즘""], ""colors"": [""흰색"", ""회색""], ""lighting"": [""부드러운 조명"", ""자연 채광""], ""space"": [""집"", ""실내""], ""furniture"": [""소파"", ""테이블"", ""의자""], ""mood"": [""깔끔한"", ""편안함""], ""composition"": ""중앙 집중"", ""camera_angle"": ""정면"", ""camera_params"": {""fov"": ""50mm"", ""aperture"": ""F4"", ""iso"": ""100"", ""shutter"": ""1/60""}, ""negative"": []}</JSON></s>","<DESC>[ 현관 ] 현관은 최대한 살릴 수 있는 부분은 살리면서 비용을 절감했는데요. 먼저 현관 방화문 안쪽에 진녹색의 필름지를 시공해 기존에 지저분했던 방화문을 깔끔하게 개선했고, 현관장과 중문 역시 기존 제품에 화이트톤 필름지를 시공해 리폼만 진행했습니다. 바닥타일의 경우에는 진회색 컬러의 600*600 포세린타일을 덧방 시공했고, 현관센서등 교체와 함께 기존 신발장 하부에 간접조명까지 설치해 현관을 깔끔하고 세련된 스타일로 개선했습니다. [ 주방 ] 주방은 한샘 무드화이트 제품을 선택, ㄷ자 구조로 설계했고 사용하실 냉장고 2대 사이즈에 맞춰 냉장고장과 함께 남는 공간에 홈바를 갖길 원하셔서 한샘 홈바장 을 배치하였습니다. 주방 미드웨이는 타일이 아닌 키친판넬 트레버틴을 시공했습니다. [ 입구좌방 ] 남자 아이방으로 사용할 입구좌방은  기존에 있던 붙박이장을 기존 그대로 유지하고 화이트톤 필름지로 리폼만 진행했습니다.</DESC>
<JSON>{""keywords"": [""현관"", ""주방"", ""입구좌방"", ""리폼"", ""세련된"", ""홈바""], ""style"": [""모던"", ""미니멀리즘""], ""colors"": [""진녹색"", ""화이트"", ""진회색"", ""무드화이트""], ""lighting"": [""간접조명"", ""센서등""], ""space"": [""현관"", ""주방"", ""아이방""], ""furniture"": [""현관장"", ""중문"", ""냉장고장"", ""홈바장"", ""붙박이장""], ""mood"": [""깔끔"", ""세련된""], ""composition"": ""현관과 주방이 연결된 공간, 입구좌방이 측면에 위치"", ""camera_angle"": ""wide shot"", ""camera_params"": {""fov"": ""24mm"", ""aperture"": ""f/4"", ""iso"": ""200"", ""shutter"": ""1/60""}, ""negative"": [""혼잡한"", ""어지러운"", ""어두운""]}</JSON>",0.7796610169491525,0.0136573871553659,0.3031595313404793,0.8654780387878418,0.8861030340194702,0.8457913398742676,0.5228945016860962,0.7796610169491525,0.013657387155365916,0.3031595313404793,0.8654780387878418,0.8861030340194702,0.8457913398742676,0.5228945016860962,0.0,1.0,0.8085106382978724,0.8724535703659058
"<DESC>주방은 거실과 마찬가지로 미니멀한 느낌으로 시공하였습니다. 주방의 경우 아일랜드와 식탁을 연결하는 부분에 간접조명을 설치하여 따뜻한 무드를 더했습니다.</DESC>
<JSON>{""keywords"": [""주방"", ""아일랜드"", ""간접조명""], ""style"": [""미니멀리즘"", ""모던""], ""colors"": [""그레이시 블루"", ""화이트""], ""lighting"": [""따뜻한 조명""], ""space"": [""거실"", ""주방""], ""furniture"": [""식탁"", ""아일랜드""], ""mood"": [""차분함"", ""우아함""], ""composition"": ""아이솔레이션"", ""camera_angle"": ""정면"", ""camera_params"": {""fov"": ""50mm"", ""aperture"": ""2.8"", ""iso"": ""100"", ""shutter"": ""1/60""}, ""negative"": []}</JSON></s>","<DESC>주방 ㅣ 목련에서 영감을 받은 특별한 컬러 트렌드를 반영 설비의 이동은 최대한 줄이고 세련되고 모던한 느낌을 살려 주방을 디자인 하였습니다. 대형아일랜드와 벽면으로는 키큰장을 설계하여 수납을 극대화 하였습니다.</DESC>
<JSON>{""keywords"": [""주방"", ""모던"", ""세련된"", ""수납"", ""대형 아일랜드""], ""style"": [""모던"", ""미니멀리즘""], ""colors"": [""목련색"", ""화이트"", ""그레이""], ""lighting"": [""자연광"", ""부드러운 조명""], ""space"": [""주방""], ""furniture"": [""대형 아일랜드"", ""키큰장""], ""mood"": [""편안함"", ""우아함""], ""composition"": ""대형 아일랜드를 중심으로 키큰장이 배치된 주방"", ""camera_angle"": ""정면"", ""camera_params"": {""fov"": ""50mm"", ""aperture"": ""f/2.8"", ""iso"": ""200"", ""shutter"": ""1/60""}, ""negative"": []}</JSON>",0.9285714285714286,0.0991493154245725,0.7364855239964959,0.9320168495178224,0.9388516545295716,0.9252808094024658,0.7790435552597046,0.9285714285714286,0.09914931542457257,0.7364855239964959,0.9320168495178223,0.9388516545295715,0.9252808094024658,0.7790435552597046,0.0,1.0,0.9361702127659574,0.9791212677955627
"<DESC>거실 현관을 지나 거실로 들어오면 가장 먼저 눈이 가는 곳입니다! 주방 옆 벽면은 블랙 아트월과 화이트 천장으로 모던하고 깔끔한 느낌의 거실입니다! 바닥은 모노 그레이 톤으로 시공하여 고급스러움까지 더해주었습니다. 안방 침실 안에서도 거실과 같은 분위기를 느낄 수 있도록 디자인하였습니다! 특히 침대 맞은편 벽쪽은 해링 본 마루와 간접 조명을 사용하여 아늑한 분위기가 연출되도록 하였습니다.</DESC>
<JSON>{""keywords"": [""거실과방"", ""침실"", ""화이트천장"", ""검은색벽면"", ""아늑함""], ""style"": [""모던"", ""미니멀리즘""], ""colors"": [""흑백"", ""무채색""], ""lighting"": [""부드러운 빛"", ""간접조명""], ""space"": [""거실"", ""안방"", ""침대 근처""], ""furniture"": [""소파"", ""책상"", ""침대""], ""mood"": [""편안함"", ""세련됨""], ""composition"": ""중심에 있는 소파와 책상 배치"", ""camera_angle"": ""정면"", ""camera_params"": {""fov"": ""50mm"", ""aperture"": ""f/4"", ""iso"": ""100"", ""shutter"": ""1/60""}, ""negative"": []}</JD></SJ>


<DESC>가족 모두 함께 식사할 수 있도록 식탁과 의자를 배치했습니다! 아일랜드는 수납장 역할을 할 수도 있어 활용도가 높습니다! 또한 기존 부엌보다 넓게 설계되었습니다!</DESC>
<JSON[]{""keywords"": [""식사공간"", ""부엌"", ""수납력"", ""넓은설계""], ""style"": [""실용주의"", ""현대적""],
          ""colors"": [""흰색"", ""우드톤""],
          ""lighting"": [""자연광"", ""따뜻한 조명""],
          ""space"": [""식탁과 의자가 배치된 부엌"", ""넓게 설계된 부엌""],
          ""furniture"": [""테이블"", ""의자"", ""서랍장""],
          ""mood"": [""편리성"", ""활기찬""]},
        {""competition"": [""경쟁작"", ""스타일링 대회 수상작들""], 
         *""structure*: {""keys"": [""스타일리시한"", ""독특한"", ""합리적인""], ""values"": [""품질"", ""디자인"", ""기능성""], ""modality"": [""영상"", ""텍스트""]}, 
         ""*style*: [{""color"": ""dark_blue"", ""shape"": ""circle""}, {""color"": ""white"", ""shape"": ""square""}], 
         *""scene*: *""사람들이 모여 웃고 있다*"", *","<DESC>해링본 마루의 사용으로 훨씬 고급스러운 분위기를 완성할수있습니다 한샘프리미엄스윙 중문과 우측에 행잉 현관장으로 현관에 들어섰을때 은은한 간접 벽조명과 거울이 고급스럽고 환하게 반겨줍니다 바흐5 프리모 제품 - 고급스러운 골조 도장제품으로 골드 손잡이와 화이트도장 느낌을 통해 블랙그레이 욕실컨셉이지만 조명과 화이트 하부장상부장이 조화롭게 설계제안 드립니다</DESC>
<JSON>{""keywords"": [""해링본 마루"", ""고급스러운 분위기"", ""간접 조명"", ""거울"", ""블랙그레이 욕실"", ""화이트 하부장"", ""골드 손잡이""], ""style"": [""모던"", ""럭셔리""], ""colors"": [""골드"", ""화이트"", ""블랙"", ""그레이""], ""lighting"": [""간접 조명"", ""은은한 조명""], ""space"": [""현관"", ""욕실""], ""furniture"": [""행잉 현관장"", ""하부장"", ""상부장""], ""mood"": [""고급스러움"", ""환한""], ""composition"": ""중심에 현관과 욕실이 배치된 구조"", ""camera_angle"": ""정면"", ""camera_params"": {""fov"": ""50"", ""aperture"": ""2.8"", ""iso"": ""100"", ""shutter"": ""1/60""}, ""negative"": []}</JSON>",0.5853658536585367,0.0431160957299275,0.3469712739184314,0.898697555065155,0.890591025352478,0.906952977180481,0.7475588917732239,0.5853658536585367,0.043116095729927535,0.3469712739184314,0.898697555065155,0.890591025352478,0.906952977180481,0.7475588917732239,0.0,0.0,0.0,0.25246769189834595
"<DESC>고객님께서는 거실 확장을 통해 넓어보였으면 하는 바람과 동시에 안방 화장실의 파티션 공사를 원하셨습니다! 고객님의 니즈에 맞게 설계해드린 현장입니다~ :) 우선 거실은 확장 후 우물천장이 설치되어있어 천장이 높아 보이는 효과가 있습니다! 또, 벽지는 밝은 베이지 톤의 벽지와 어두운 네이비 색상의 조합인 만큼 밝고 따뜻한 느낌의 포인트로 연출했습니다^^ 그리고 주방쪽으로는 간접 조명을 설치해 분위기 있는 주방으로 연출해드렸구요~ ;) 욕실에서는 욕조 파티셔닝 작업과 더불어 바닥 타일도 밝게 선택하였습니다!! 그래서 더 환해보이는 샤워룸이 되었습니다~ :D 마지막으로 안방 화장대는 거울만 설치하여 깔끔한 디자인으로 완성시켜드렸습니다!</DESC>
<JSON>{""keywords"": [""거실"", ""화장실"", ""키친"", ""장식"", ""밝고 따뜻한""], ""style"": [""모던"", ""미니멀리즘""], ""colors"": [""밝은 베이지"", ""어두운 네이비"", ""흰색"", ""파란색""], ""lighting"": [""자연광"", ""부드러운 조명""], ""space"": [""거실"", "" Bathroom "", ""Kitchen""], ""furniture"": [""소파"", ""테이블"", ""의자"", ""휴대기기"", ""선반""], ""mood"": [""편안함"", ""따뜻함"", ""활기참], ""composition"": ""균형 잡힌 구성"", ""camera_angle"": ""정면"", ""camera_params"": {""fov"": ""50mm"", ""aperture"": ""F2.8"", ""iso"": ""200"", ""shutter"": ""1/60""}, ""negative"": []}</JSON></s>","<DESC>확장이 되어 있는 구조로 TV벽에는 한샘의 월플러스(사하라)를 밝은톤으로 시공하여 환한 거실로 시공하였습니다. 천정사각간접우물도 꼭지점 대각선방향으로 언발란스 라운딩으로 독특하면서도 편안한 디자인으로 시공하였습니다. 영유아 자녀가 있기 때문에 앉아서 신발을 신을 수 있는 벤치장을 아치와 함께 시공하였습니다. 벤치장 뒤쪽으로 큰 거울을 시공하고, 바닥은 밝은 베이지톤 포쉐린타일로 시공하였습니다. 9mm문선으로 복도공간 도어가 도드라지지 않고 밝고 깔끔한 느낌의 복도를 연출하였습니다. 기존 3연동이 있던 자리는 프리미엄슬라이딩 중문으로 시공하였습니다. 큰사이즈의 침대를 사용할 예정이라 붙박이장이 끝까지 시공되면 답답한 느낌을 줄 수 있기 때문에 침대헤드쪽 벽은 미가루버로 포인트벽으로 시공하였습니다. 그와 연결되는 파우더장은 모서리를 라운드로 시공하여 부드러운 느낌을 주었습니다. 드레스룸 안의 붙박이장은 공간이 좁아 슬라이딩도어로 시공하였습니다. 책상과 책상등의 가구가 들어갈 서재 공간은 집중력을 높일 수 있는 밝은 그레이와 진한 초록색 벽지로 시공하였습니다. 자녀방 2개는 귀여운 느낌의 노랑과 민트 색상 벽지로 시공하고, 붙박이장은 필름리폼하였습니다. 한샘바스 리버베이지 벽판넬과 Cargo베이지 휴플로어로 밝은 베이지톤의 욕실을 구성하였습니다.</DESC>
<JSON>{""keywords"": [""거실"", ""침실"", ""서재"", ""욕실"", ""아이 방""], ""style"": [""모던"", ""편안한"", ""유아 친화적""], ""colors"": [""밝은 베이지"", ""사하라"", ""노랑"", ""민트"", ""그레이"", ""진한 초록""], ""lighting"": [""간접 조명"", ""자연광""], ""space"": [""거실"", ""복도"", ""침실"", ""서재"", ""욕실"", ""자녀 방""], ""furniture"": [""벤치장"", ""붙박이장"", ""침대"", ""책상"", ""책상등"", ""거울""], ""mood"": [""밝고 깔끔한"", ""편안한"", ""귀여운""], ""composition"": ""다양한 공간이 조화롭게 배치된 구조"", ""camera_angle"": ""정면"", ""camera_params"": {""fov"": ""50mm"", ""aperture"": ""f/4"", ""iso"": ""200"", ""shutter"": ""1/60""}, ""negative"": [""어두운 색상"", ""혼잡한 배치""]}</JSON>",0.7936507936507936,0.0531089949170032,0.3365095373059066,0.8672794699668884,0.8768606185913086,0.8579055070877075,0.756515622138977,0.7936507936507936,0.053108994917003216,0.33650953730590666,0.8672794699668884,0.8768606185913086,0.8579055070877075,0.756515622138977,0.0,0.0,0.8749999999999999,0.9572705626487732
"<DESC>이번 현장은 아이들과 함께 생활하는 가족분들께 추천드립니다! 자녀가 있는 가정이라면 주방을 최대한 넓게 사용하는 것도 좋은데요~ 이 집에서는 다용도로 활용 가능한 아일랜드 식탁으로 가족들의 식사와 취미생활까지 해결하실 수 있습니다. ✨주요 포인트 : - 좁은 현관 구조를 고려한 확장 - 붙박이장이 없는 작은 침실공간에도 수납력 확보 - 넓은 거실에 소파로 분위기 연출 - 화이트톤과 우드컬러 조합의 깔끔한 인테리어</DESC>
<JSON>{""keywords"": [""아이들"", ""가구"", ""인테리어""], ""style"": [""미니멀리즘"", ""클래식""], ""colors"": [""흰색"", ""우드색상""], ""lighting"": [""자연광"", ""부드러운 조명""], ""space"": [""작은 침실"", ""넓은 거실""], ""furniture"": [""아일랜드 식탁"", ""소파"", ""붙박이장""], ""mood"": [""편안함"", ""세련됨""], ""composition"": ""중앙에 테이블과 의자 배치"", ""camera_angle"": ""정면"", ""camera_params"": {""fov"": ""50mm"", ""aperture"": ""2.8"", ""iso"": ""100"", ""shutter"": ""1/60""}, ""negative"": []}</JSON></s>","<DESC>가족과 대화하는 시간을 중요시하는 고객님을 위해 가구배치에 신경 쓴 거실입니다. 식탁을 거실에 배치하여, 아이의 학습공간 겸 다이닝 공간으로 활용할 수 있게 하였어요. 부모의 시선이 닿는 곳에 아이의 학습공간을 만들면, 유대감 형성에도 도움이 됩니다. 과감하게 TV를 치우고 한쪽 벽면을 빌트인플러스로 꽉 채워 가족 서재를 꾸며보았어요. 좁고 답답한 주방에서 요리하는 일은 정말 쉽지 않죠? 이곳은 다이닝 공간을 거실에 가깝게 배치했기 때문에 시원하게 트인 구조를 가지게 되었어요. 또한, 도어가 있는 수납장을 설치하면 잡다한 물건들을 보이지 않게 수납할 수 있어 부엌이 한결 넓게 느껴진답니다. 이곳은 부부의 휴식을 위한 공간이지만, 아직은 밤을 무서워하는 아이를 위해 넓은 패밀리 침대를 배치했어요. 분리형 침대이기 때문에, 아이가 혼자 잠들 수 있는 나이가 된다면 또 다른 배치로 공간을 구성할 수 있는 제품이죠.</DESC>
<JSON>{""keywords"": [""가족"", ""거실"", ""식탁"", ""학습공간"", ""다이닝"", ""서재"", ""주방"", ""수납장"", ""침대""], ""style"": [""모던"", ""실용적""], ""colors"": [""중립색"", ""따뜻한 색조""], ""lighting"": [""자연광"", ""부드러운 조명""], ""space"": [""거실"", ""주방"", ""서재""], ""furniture"": [""식탁"", ""의자"", ""책장"", ""수납장"", ""침대""], ""mood"": [""편안함"", ""가족적인""], ""composition"": ""거실 중심에 식탁과 학습공간, 한쪽 벽면에 서재 배치"", ""camera_angle"": ""정면"", ""camera_params"": {""fov"": ""50mm"", ""aperture"": ""f/4"", ""iso"": ""200"", ""shutter"": ""1/60""}, ""negative"": [""혼잡한 공간"", ""어두운 조명""]}</JSON>",0.8571428571428571,0.060430633751732,0.3288049335692578,0.89336097240448,0.902152419090271,0.8847392797470093,0.6652458906173706,0.8571428571428571,0.06043063375173202,0.3288049335692578,0.89336097240448,0.902152419090271,0.8847392797470093,0.6652458906173706,0.0,1.0,0.8695652173913043,0.9569418430328369
"<DESC>현관 거실 현관과 주방을 연결하는 복도에는 간접 조명으로 은은한 무드를 연출했습니다. 부엌 쪽 벽면은 화이트톤의 타일 마감이 되어 있어 모던하고 깔끔한 느낌입니다.</DESC>
<JSON>{""keywords"": [""현관"", ""거실"", ""복도"", ""간접 조명""], ""style"": [""모던""], ""colors"": [""화이트"", ""그레이"", ""베이지""], ""lighting"": [""부드러운 조명"", ""간접 조명""], ""space"": [""좁은 복도"", ""부엌""], ""furniture"": [""작은 가구들"", ""벽면 수납""]}</json></s>","<DESC>우리집의 첫 인상을 결정하는 거실! 깔끔한 내추럴 인테리어에 소품으로 포인트 를 주면 우리집도 고급 리조트 같은 거실로 꾸밀 수 있습니다. 액자, 쿠션, 커튼, 러그 같은 소품을 활용하면 적은 비용으로 엄청난 효과 를 줄 수 있다는 사실! 트위드 스타일 의 고급스러운 패브릭이 매력적인 한샘 선데이 소파 입니다! 유니크한 사선 라운지 모듈 자체가 하나의 오브제가 됩니다. 사선 뒤 공간에는 센스있게 식물과 조명 을 두어 인테리어 효과까지 줄 수 있다는 사실! 구스가 들어간 푹신한 등쿠션과 널찍한 좌방석으로 주말 내내 뒹굴거리며 편안한 휴식 시간을 가져보세요. 이태리 모더니즘 디자인의 정수, 피암 의 리알토 티테이블 입니다. 장인정신이 깃든 심플하면서 우아한 티테이블로 거실에 생기를 불어넣어주세요! 요즘 가장 핫한 한샘 유로 603 일리스 세라믹 식탁 입니다. 조약돌 같이 둥근 상판과 따뜻한 원목 다리의 조합으로 다이닝 공간에 포근함 을 더해주세요. 최고급 12T 포세린 통세라믹 상판으로 김치국물, 카레, 간장 흘려도 걱정없어요! 안방 TV 밑에 와이드한 서랍장을 두면 수납력 과 공간활용도 up! 넉넉한 수납력의 서랍장이라면 속옷, 양말, 잠옷까지도 충분히 보관하겠죠? 말괄량이 두 아이만을 위한 우리 집 키즈카페! 아직 분리 수면을 하지 못하는 두 아이를 위해 버니 2층 침대 와 샘키즈 플레이 하우스, 교구장으로 자녀방을 꾸며보세요. 공간 활용 은 물론, 아이들이 스스로 정리 정돈 하는 습관까지 길러줄 수 있습니다. 놀러 온 아이 친구들도, 엄마들도 너무 부러워하는 공간 이 될 거예요! 아일랜드 서랍장 을 활용하여 쇼룸같은 드레스룸을 꾸며보세요. 아끼는 벨트, 넥타이, 악세서리, 스카프를 넣으면 자랑하고 싶은 드레스룸 완성! 이렇게 기존 빌트인 붙박이장 의 문을 열고도 충분히 공간이 남지요?! 수 납력 과 공간 활용성 두 마리 토끼를 다 잡을 수 있습니다.</DESC>
<JSON>{""keywords"": [""거실"", ""내추럴 인테리어"", ""소품"", ""고급 리조트"", ""패브릭"", ""식물"", ""조명"", ""티테이블"", ""세라믹 식탁"", ""서랍장"", ""키즈카페"", ""드레스룸""], ""style"": [""내추럴"", ""모던"", ""이태리 모더니즘""], ""colors"": [""따뜻한 원목"", ""중립색"", ""파스텔""], ""lighting"": [""자연광"", ""부드러운 조명""], ""space"": [""거실"", ""다이닝 공간"", ""자녀방"", ""드레스룸""], ""furniture"": [""소파"", ""티테이블"", ""식탁"", ""서랍장"", ""2층 침대"", ""플레이 하우스""], ""mood"": [""편안함"", ""아늑함"", ""고급스러움""], ""composition"": ""소품과 가구가 조화를 이루는 공간"", ""camera_angle"": ""45도"", ""camera_params"": {""fov"": ""35mm"", ""aperture"": ""f/2.8"", ""iso"": ""200"", ""shutter"": ""1/60""}, ""negative"": [""어지러운"", ""혼잡한"", ""어두운""]}</JSON>",0.4347826086956521,9.756453923716892e-05,0.1211138437128123,0.8082616329193115,0.8119451999664307,0.804611325263977,0.6049066781997681,0.43478260869565216,9.756453923716892e-05,0.12111384371281236,0.8082616329193115,0.8119451999664307,0.804611325263977,0.6049066781997681,0.0,0.7058823529411764,0.375,0.917815089225769
"<DESC>거실 거실은 모던하고 깔끔한 느낌으로 연출했습니다. 천장에는 실링 팬을 설치해 시원한 바람이 들어오도록 했습니다. 조명 또한 간접등과 다운라이트를 사용해 편안한 분위기로 만들었습니다.</DESC>
<JSON>{""keywords"": [""모던"", ""깔끔함"", ""시원한 바람""], ""style"": [""미니멀리즘"", ""클래식""], ""colors"": [""화이트"", ""그레이"", ""블루""], ""lighting"": [""자연광"", ""부드러운 빛""], ""space"": [""거실장"", ""소파"", ""테이블""], ""furniture"": [""서랍식 책상"", ""의자"", ""책상""], ""mood"": [""편안함"", ""세련됨""], ""composition"": ""중앙에 테이블과 의자가 배치된 구조"", ""camera_angle"": ""정면"", ""camERA_params"": {""fov"": ""50mm"", ""aperture"": ""2.8"", ""iso"": ""100"", ""shutter"": ""1/60""}, ""negative"": []}</JSON></s>","<DESC># 안방 -설계포인트 1. 안방욕실 도어 대신 가벽시공, 상부에 쪽유리 시공 -주요자재 1. 한샘 뉴트럴 화이트 프레임 침대 KK루바형 2. 한샘 뉴트럴 화이트 서랍장, 화장대 # 거실 -설계포인트 1. 간접등 우물천정 시공 2. 매립형 TV틀과 터닝도어를 숨기기 위한 하이드도어 시공 3. 실링팬과 매립등 조명연출 -주요자재 1. 한샘 7.5T 와이드 강마루 2. 에어리드 52인치 실링팬</DESC>
<JSON>{""keywords"": [""안방"", ""거실"", ""욕실"", ""가벽"", ""간접등"", ""매립형 TV"", ""터닝도어"", ""실링팬""], ""style"": [""모던"", ""미니멀리즘""], ""colors"": [""화이트"", ""네추럴""], ""lighting"": [""간접등"", ""매립등""], ""space"": [""안방"", ""거실""], ""furniture"": [""침대"", ""서랍장"", ""화장대"", ""TV"", ""실링팬""], ""mood"": [""편안함"", ""아늑함""], ""composition"": ""안방과 거실이 연결된 구조로, 가벽과 간접등이 강조된 공간"", ""camera_angle"": ""wide shot"", ""camera_params"": {""fov"": ""24mm"", ""aperture"": ""f/4"", ""iso"": ""200"", ""shutter"": ""1/60""}, ""negative"": []}</JSON>",0.6388888888888888,0.0206234180669335,0.5706865270886731,0.891743004322052,0.9069555997848512,0.8770322799682617,0.5669423341751099,0.6388888888888888,0.020623418066933585,0.5706865270886731,0.891743004322052,0.9069555997848511,0.8770322799682617,0.5669423341751099,0.0,0.9090909090909091,0.76,0.9480670690536499
"<s>[SYSTEM]
You are an AI assistant specialized in interior design description and image prompt generation. Given an input condition from the user, you must reproduce the exact style and structure of the target outputs shown in the training dataset, including both the natural language description and the JSON block for image models. Do not add explanations. Do not change the output format. Always follow the patterns demonstrated in the dataset.

[USER]
제목: 에너지가 넘치는 포인트 인테리어 / 태그: 가족라이브러리,거실을도서관처럼,책읽기좋은거실,다용도식탁,밀란메이,밀란메이벤치의자,가족라이브러리,학습지하기좋은,개방감있는복도,복도인테리어,내추럴복도,개방감있는주방,개방감있는현관,현관중문,거실에서공부하기,숙제하기좋은거실,거실포인트월,브라운아트월,리듬감있는거실,공부하기좋은거실,거실다용도책상,다용도식탁,밀란메이,관리하기쉬운욕실,모던내추럴욕실,실용적인욕실,내추럴거실,브라운아트월,데스크형화장대,개인공간활용,데스크형화장대,커피한잔,책읽기좋은침실,모던한욕실,패브릭패턴욕실,코튼화이트휴판넬,벤치형수납장,정리하는습관,벤치형수납장,책읽기좋은,벤치형수납장,책읽기좋은,아이휴식,벤치형책장,아이방빌트인플러스,햇살이잘드는,복도빌트인현관장,갤러리같은복도,복도꾸미기팁,복도형현관꾸미기,복도형현관인테리어,시원한개방감,개방감있는현관,빌트인플러스서재,서재인테리어,업무가잘되는,집중이잘되는서재,빌트인플러스장,주방빌트인플러스,주방용품수납팁,서재에옷보관,서재드레스룸,서재겸드레스룸,스칸디블랙,스칸디블랙,모던욕실의정석,모던욕실,관리가쉬운욕실,스칸디블랙,욕실넓어보이게,넓어보이는욕실,스타일리쉬욕실,블랙패턴파티션,우드그레이상부장,아내를위한침실,아이방꾸미기,트렌디한아이방,아일랜드후드,아일랜드후드시공,개방감있는주방,엄마를위한침실,역동감있는방,생생한컬러,활력있는아이방,활기가넘치는침대,벽면거울설치,밝은아이방,자녀교육,아이방꾸미기,아이들독서공간,스터디존책상,학생용책상,심플하고아담한책장,아이놀이공간,홈카페,따뜻한분위기,부부대화,커플템,남편과함께,부부대화,소파테이블,편안하게대화,부모님선물,조부모와함께,아빠랑딸,아들사랑,어머니의마음,안전한놀이터,우리애들이좋아해요,안전사고예방,어린이용매트,어린이놀이기구배치,유아가용한가구배치,장난감정리법,아기놀이방꾸리기,어린이집가기전준비물챙기기,잠자리바꾸고새로운시작,수면환경개선,새학기맞이,새학년맞이,학업스트레스해소,신나는학교생활,학부모소통시간,식사할때는같이먹기,공동밥상,음식맛보는재미,맛있는요리,건강한식단,집밥만들기,건강식단제안,바쁜일상속잠시멈춤,하루끝마무리,명상타임,행복한가정,온가족행복,웃음꽃피는가정,육아정보공유,맘친해지기,친구같은가족,우리아이꿈터,아이만의아지트,창밖보기,맑은하늘보기,자연친화적,친환경적,나무향그리는,숲속걷기,산책하며생각하기,느린걸음,깊은호흡,안정된표정,안정한모습,평온함,고요함,여유로움,작은변화큰만족,작은변화큰감동,오늘부터도전,내일이면더멋져질나,자신감상승,기분전환,희망메시지,긍정에너지충전,즐겁게살기,즐거운여행,추억쌓기,삶의기록,소중한기억,다시보고싶은곳,아름다운풍경,사계절다양한느낌,색다른매력,특별한경험,새로운발견,알차게채우는공간,효율적인구성,균형잡힌설계,미니멀리스트,단순한디자인,심플라이프,미니멀리즘,깨끗한주거공간,깔끔한인테리어,청소걱정없는,눈이편해지는,조명효과,따뜻해질수있게,집안온도올려주기,포근한날씨,따뜻한분위기,햇살가득,햇살아래,빛받는거실,비오는날엔,햇빛대신달빛,낙엽떨어지는날,가을바람,겨울밤창문열기,추위대비,난방신경쓰기,추운겨울나기,겨울철꿀팁,단열신경쓰기,베란다확장아이디어","<DESC>장미마을 삼성래미안 2차 39평형 아파트입니다. 방 3개와 화장실 2개를 가지고 있는 구조예요. 복도형 현관이 답답해 보인다는 고객님들의 고민을 종종 들을 수 있는데요, 고급스러운 모던 화이트 색상의 파티션형 중문으로 시원한 개방감을 연출하면서 불투명 유리로 사생활 보호까지 보장하실 수 있어요. 미래의 축구선수는 공부도 게을리하지 않죠! 최고의 선생님인 엄마와 함께하는 공부방으로 꾸며본 거실입니다. 온 가족의 책을 보관할 수 있어 가족라이브러리가 되는 슬라이딩 도어 수납장과 1800 밀란 메이 타원형 식탁을 함께 둔다면 엄마와 자녀가 함께 공부할 수 있는 넉넉한 공간이 된답니다. 아! 아이의 시력을 보호하는 조명도 잊지 마세요! 상부장을 과감히 없애 창문을 살린 뒤 아일랜드장과 아일랜드 후드를 시공한다면 개방감과 수납력 모두 놓치지 않는 인테리어가 된답니다! 종종 엄마를 위한 공간이 없어 아쉬워 하시는 모습을 많이 보았답니다. 그래서 한샘에서는 준비하였지요! 아이의 축용품을 충분히 넣을 수 있도록 수납공간이 많고, 밝고 깨끗한 방을 원하신 고객님을 위해 벤치형 책장을 사용하여 수납력을 높이면서 창문을 막지 않아 빛을 적극 활용하고 화이트 창호와 벽지로 활기찬 분위기를 만들었습니다. 복도 끝 첫 번째 방은 미래 축수 선수 꿈나무인 자녀의 방입니다!</DESC>
<JSON>{""keywords"": [""아파트"", ""방 3개"", ""화장실 2개"", ""모던"", ""화이트"", ""파티션"", ""슬라이딩 도어"", ""가족 라이브러리"", ""아이 방""], ""style"": [""모던"", ""고급스러운""], ""colors"": [""화이트"", ""밝은 색상""], ""lighting"": [""자연광"", ""아이 시력 보호 조명""], ""space"": [""복도형 현관"", ""거실"", ""공부방"", ""아이 방""], ""furniture"": [""파티션형 중문"", ""슬라이딩 도어 수납장"", ""1800 밀란 메이 타원형 식탁"", ""아일랜드장"", ""벤치형 책장""], ""mood"": [""활기찬"", ""개방감"", ""안락한""], ""composition"": ""복도형 현관에서 거실과 아이 방으로 이어지는 구조"", ""camera_angle"": ""wide shot"", ""camera_params"": {""fov"": ""24mm"", ""aperture"": ""f/4"", ""iso"": ""200"", ""shutter"": ""1/60""}, ""negative"": [""어두운 색상"", ""혼잡한 공간"", ""불편한 가구 배치""]}</JSON>",0.036697247706422,0.0,0.0587570621468926,0.8090526461601257,0.8130041360855103,0.8051393032073975,0.126953899860382,0.03669724770642202,0.0,0.05875706214689266,0.8090526461601257,0.8130041360855103,0.8051393032073975,0.12695389986038208,0.0,0.0,0.0,0.26408037543296814
"<DESC>안방의 침실 공간에는 침대를 배치하되, 벽면에 작은 파우더룸과 드레스 룸이 있는 구조입니다. 기존 거실공간에서 안방까지 확장되어 있어 방 안에도 충분한 수납장이 필요하여 벽장형 붙박이 장을 시공하였습니다.</DESC>
<JSON>{""keywords"": [""침실"", ""파우더룸"", ""드레스룸"", ""거실"", ""확장된 공간""], ""style"": [""모던"", ""미니멀리즘""], ""colors"": [""흰색"", ""베이지"", ""그레이""], ""lighting"": [""자연광"", ""부드러운 조명""], ""space"": ["" Bedrooms "", ""Living Room"", ""Powder room"", ""Dress closet""], ""furniture"": [""Bed"", ""Wall cabinets""], ""mood"": [""편안함"", ""세련됨""], ""composition"": ""중앙에 침대가 위치하고, 양쪽에 파우더룸과 드레스룸이 배치된 구성"", ""camera_angle"": ""정면"", ""camera_params"": {""fov"": ""50mm"", ""aperture"": ""f/3.5"", ""iso"": ""200"", ""shutter"": ""1/60""}, ""negative"": []}</JSON></s>","<DESC>거실 과 주방 먼저 소개해드리겠습니다. 협소한 공간의 쓰임은 선택과 집중 이였습니다. 작은 공간을 여러가지 쓰임으로 사용하기 보다는 고객님 라이프스타일에 맞췄어요. 거실보다는 넓은 주방을 원하셨고, TV를 시청하거나 가족들이 모여서 쉴 수 있는 공간은 안방 공간도 충분하다고 하셨거든요. 고객님의 마음을 가득 담아 평수에 비해 큰 주방을 완성했습니다. 기존 주방은 ‘ㄱ’자 형태로,  냉장고 공간을 제외하면 조리할 수 있는 공간이 턱없이 부족했어요. 주방 기둥에 맞춰 아일랜드 를 만들어 조리공간을 확보하는 것은 물론, 식탁 으로 활용할 수 있게 만들었습니다. 주방은 ML100 플랫화이트 제품 을 사용하여 화이트 컬러의 매트도어로 부드럽고 화사하게 마감했어요. 아이가 있는 집은 조리도 많이 하고 설거지양도 많아지는데요. 기존 싱크볼보다 큰 사이즈로 변경하여 편리성 을 주었습니다. 주방 벽면은 라이트톤 의 매트한 텍스쳐가 살아있는 300*600 각타일 을 사용해 주방도어와 디자인 마감 통일성을 주었어요. 하부장 수납장에서 20cm 이상 레그룸 공간을 확보해 상판을 마감하면 아일랜드 식탁을 만들 수 있는데요. 의자에 앉았을 때 다리가 하부장에 닿지 않아 불편함 없이 식탁으로 사용하실 수 있습니다. 공간이 좁다면 어두운 마감재는 피해주세요. 화이트 우드톤 의 마루와 도어로 자칫 답답할 수 있는 공간을 밝고 화사 하게 마감했습니다. 훨씬 환해 보이고, 넓어 보여요. 가벽을 설치해 만든 첫번째 방 이에요. 웃풍 을 막을 수 있고 단열 을 지킬 수 있도록 사용하지 않는 창문은 픽스창 을 설치하고 그 위에 목공, 단열재를 넣어 일반 벽처럼 만들었어요. 좁은 공간 이라면 큰 창문이 여러 개 있을 경우 가구를 넣거나 공간을 활용하기 어려움이 많은데요. 굳이 필요하지 않은 창문이라면 벽으로 만드는 것을 추천드립니다. 물론 단열 목공 공사 가 필수로 진행되어야 하고요. 거실에 가벽을 세워 만든 두번째 방 이에요. 자녀분에게 독립된 공간 을 만들어주고 싶은 고객님의 마음을 담아 완성했습니다.</DESC>
<JSON>{""keywords"": [""거실"", ""주방"", ""아일랜드"", ""가벽"", ""독립된 공간""], ""style"": [""모던"", ""미니멀리즘""], ""colors"": [""화이트"", ""라이트톤"", ""우드톤""], ""lighting"": [""자연광"", ""밝은 조명""], ""space"": [""협소한 공간"", ""넓은 주방"", ""두 개의 방""], ""furniture"": [""아일랜드 식탁"", ""의자"", ""하부장""], ""mood"": [""화사함"", ""편안함""], ""composition"": ""주방과 거실이 연결된 구조로 아일랜드가 중심에 위치"", ""camera_angle"": ""정면"", ""camera_params"": {""fov"": ""50"", ""aperture"": ""2.8"", ""iso"": ""100"", ""shutter"": ""1/60""}, ""negative"": [""어두운 마감재"", ""복잡한 공간""]}</JSON>",0.6478873239436619,0.0071645013591351,0.264222805670624,0.8082219362258911,0.7998636960983276,0.8167567253112793,0.6310760378837585,0.6478873239436619,0.007164501359135191,0.264222805670624,0.8082219362258911,0.7998636960983276,0.8167567253112793,0.6310760378837585,0.0,1.0,0.6666666666666667,0.9416512846946716
"<DESC>현관 현관은 기존의 신발장이 아닌 라인 문틀로 시공하여 깔끔한 느낌을 주었습니다. 기존에 벽이 없었던 부분은 비스포크 냉장고를 빌트인으로 배치하여 주방과 연결되는 통로를 만들었습니다. 거실 거실은 기존 구조 그대로 유지하되 TV를 매립하고 템바보드로 디자인했습니다.</DESC>
<JSON>{""keywords"": [""현관"", ""신발장"", ""라인 문틀"", ""비품수납"", ""조명"", ""유로500""], ""style"": [""모던"", ""미니멀리즘""], ""colors"": [""중립색"", ""흰색"", ""나무톤""], ""lighting"": [""자연광"", ""부드러운 조명""], ""space"": [""협소한"", ""아늑한""], ""furniture"": [""소파"", ""테이블"", ""의자""], ""mood"": [""편안함"", ""세련됨""], ""composition"": ""균형 잡힌 구성"", ""camera_angle"": ""정면"", ""camera_params"": {""fov"": ""50mm"", ""aperture"": ""f/4"", ""iso"": ""200"", ""shutter"": ""1/60""}, ""negative"": []}</JSON></s>","<DESC>OPTION 1. 거실확장 거실은 발코니 확장을 통해 실내공간 활용도를 높였습니다. 기존 거실분합창이 걸려 있는 양쪽 벽이 내력벽인 경우가 80%이상인데, 이런 경우 아치형 디자인으로 곡선 포인트가 있는 라인으로 제안해봤습니다. 그리고 기존 천장의 등박스를 없애고 플랫한 천장으로 시공 후, 다운라이트 조명 표현을 통해 보다 심플하고 넓어보이는 효과를 높였습니다. OPTION 2. 매립형TV벽 & 템버보드 우드포인트 월 그리고 아트월이자 tv벽면에는 벽걸이tv매립을 할 수 있는 가벽 시공을 해주었습니다. 옆면에서 봤을 때 tv 브라켓이나 다른 기기들이 노출되지 않고 깔끔하게 정리될 수 있어요. 그리고 하단에는 템버우드 포인트월과 간접조명 효과로 은은하면서 편안한 분위기를 느낄 수 있어요. POINT 1. 키친핏 냉장고가 어우러진 공간활용 인테리어 하신다고 하면, 요즘 삼성 비스포크나 LG 오브제 키친핏 냉장고를 빼놓을 수 없죠 키친핏 디자인으로 ㄱ자 구조를 해도 좁은공간의 구조지만 활용도가 높아집니다. 깊이가 큰 냉장고 때문에 방해됐던 시각적인 답답함 공간적인 불편함이 사라지는 일석이조의 장점을 다 갖출 수 있어요. 소재나 컬러감 자체가 예쁘기도 하구요.^^ POINT 2. 아일랜드의 활용 ㄱ자식으로 뻗은 조리대 및 아일랜드로 설계해서 확장된 주방공간을 활용할 수 있고 다이닝 공간까지 해결할 수 있어요. 예산도 고려한다고 하면, 공용공간인 주방과 거실의 디자인 욕심을 부리고,(포인트) 그 외의 방들은 심플한 화이트 가구들로 가성비 있게 기본템에 충실했어요. 이 아파트는 유독 안방 빌트인가구 위치가 장변이라 빌트인 화장대를 넣어도 기본 옷장 수납이 충분하고, 거울도어 1개를 넣어서 보다 넓어보이는 효과를 주었습니다. 입구좌방은 드레스룸 용도로서 한쪽 벽면에는 자주 안 쓰는 계절용 수납을 주로 하는 붙박이장과 우측벽에는 변동이 많거나 자주 사용하는 옷들을 오픈 되게 수납할 수 있는 시스템장을 병렬식으로 설계했습니다.</DESC>
<JSON>{""keywords"": [""거실"", ""발코니"", ""아치형 디자인"", ""매립형 TV"", ""템버우드"", ""주방"", ""아일랜드"", ""드레스룸""], ""style"": [""모던"", ""미니멀리즘""], ""colors"": [""화이트"", ""우드"", ""그레이""], ""lighting"": [""다운라이트"", ""간접조명""], ""space"": [""거실"", ""주방"", ""드레스룸""], ""furniture"": [""소파"", ""테이블"", ""냉장고"", ""아일랜드"", ""붙박이장"", ""시스템장""], ""mood"": [""편안함"", ""심플함"", ""넓어보이는""], ""composition"": ""거실과 주방이 연결된 오픈 공간, 아일랜드와 다이닝 공간이 포함된 구조"", ""camera_angle"": ""wide shot"", ""camera_params"": {""fov"": ""24mm"", ""aperture"": ""f/4"", ""iso"": ""200"", ""shutter"": ""1/60""}, ""negative"": [""혼잡한"", ""어지러운"", ""어두운""]}</JSON>",0.7200000000000001,0.0102774398444629,0.2387489033417649,0.8184831142425537,0.8089937567710876,0.8281975984573364,0.6400482654571533,0.7200000000000001,0.010277439844462968,0.23874890334176496,0.8184831142425537,0.8089937567710876,0.8281975984573364,0.6400482654571533,0.0,1.0,0.8799999999999999,0.9166067242622375
"<DESC>베이지톤과 우드컬러를 활용해 따뜻하고 편안한 분위기로 연출했습니다.</DESC>
<JSON>{""keywords"": [""따뜻한"", ""편안한"", ""베이지"", ""우드""], ""style"": [""모던"", ""미니멀리즘""], ""colors"": [""베이지"", ""우드""], ""lighting"": [""자연광"", ""부드러운 조명""], ""space"": [""거실"", ""주방"", ""안방""], ""furniture"": [""소파"", ""테이블"", ""의자""], ""mood"": [""평화로운"", ""아늑함""], ""composition"": ""균형 잡힌 배치"", ""camera_angle"": ""정면"", ""camera_params"": {""fov"": ""50mm"", ""aperture"": ""F2.8"", ""iso"": ""100"", ""shutter"": ""1/60""}, ""negative"": []}</JSON></s>","<DESC>욕실은 600각 베이지컬러의  타일을 선택했는데요. 벽과 바닥을 같은 색상의 타일을 넣어 좁은 욕실이지만 소재를 통일 시킴으로써 좀더 획일화되고 넓어보이는 효과를 주었습니다. 또 고객님께서 요청하셨던 부분이 집에 호텔과 같은 고급스러운 욕실을 만들고 싶어하셔서 샤워 공간까지 조적선반을 쌓아주었구요 상부장은 은경슬라이딩장으로 수납이 잘될 수  있도록 하고 상부장 하부에 간접 조명과 2인치 조명을 넣어서 고급스러움을 높혔습니다.</DESC>
<JSON>{""keywords"": [""욕실"", ""베이지"", ""타일"", ""고급스러움"", ""호텔""], ""style"": [""모던"", ""미니멀리즘""], ""colors"": [""베이지"", ""은색""], ""lighting"": [""간접 조명"", ""2인치 조명""], ""space"": [""좁은 욕실""], ""furniture"": [""조적선반"", ""은경 슬라이딩장""], ""mood"": [""고급스러운"", ""편안한""], ""composition"": ""벽과 바닥이 같은 색상의 타일로 통일된 욕실"", ""camera_angle"": ""정면"", ""camera_params"": {""fov"": ""35mm"", ""aperture"": ""f/4"", ""iso"": ""200"", ""shutter"": ""1/60""}, ""negative"": []}</JSON>",0.793103448275862,0.0601870447703599,0.6373483135915347,0.9028891921043396,0.9228947162628174,0.8837325572967529,0.2272680252790451,0.793103448275862,0.060187044770359986,0.6373483135915347,0.9028891921043396,0.9228947162628174,0.8837325572967529,0.2272680252790451,0.0,1.0,0.8085106382978724,0.9130614995956421
"<DESC>아이들이 공부를 하기 좋은 거실 구조로 설계되었습니다! ㄱ 자 주방에 대면 식탁으로 활용 가능하며, 테이블 다리가 높은 편이라 아이들의 키에도 무리 없이 사용할 수 있습니다. 소파는 아이와 함께 대화도 하고 독서를 할 수도 있는 사이즈입니다.</DESC>
<JSON>{""keywords"": [""거실"", ""가구"", ""자녀""], ""style"": [""모던"", ""미니멀리즘""], ""colors"": [""흰색"", ""갈색"", ""나무톤""], ""lighting"": [""자연광"", ""부드러운 조명""], ""space"": [""넓은 거실"", ""대화할 수 있는 공간""], ""furniture"": [""대면 식탁"", ""소파"", ""책상""], ""mood"": [""편안함"", ""아늑함""], ""composition"": ""중앙에 가구들이 배치되어 있고 주변에 여유 공간이 있음"", ""camera_angle"": ""정면"", ""camERA_params"": {""fov"": ""50mm"", ""aperture"": ""f/4"", ""iso"": ""200"", ""shutter"": ""1/60""}, ""negative"": []}</JSON></s>","<DESC>서울 금천구 시흥동의 벽산 아파트입니다. 26평형의 이 아파트는 방2, 욕실1이며 거실과 부엌에 길게 이어져 있어 공간을 활용하기에 따라 여러가지 모습의 인테리어가 가능합니다. 튀지 않는 아이보리색 소파는 눈과 몸이 편안하도록 독서를 도와줍니다. 현관에 가까운 부엌입니다. 식탁을 거실 쪽에 둔 상태이기 때문에 최대한 간결하고 깔끔한 구조를 유지할 수 있어요. 편안함을 우선시한 부부침실입니다. 자연스러운 우드패턴 침대와 협탁 조명패널은 별도의 스탠드 없이 안락한 분위기를 자아냅니다.</DESC>
<JSON>{""keywords"": [""아파트"", ""거실"", ""부엌"", ""침실"", ""욕실""], ""style"": [""모던"", ""미니멀리즘""], ""colors"": [""아이보리"", ""우드톤""], ""lighting"": [""자연광"", ""부드러운 조명""], ""space"": [""26평형"", ""방2"", ""욕실1""], ""furniture"": [""소파"", ""식탁"", ""침대"", ""협탁"", ""조명패널""], ""mood"": [""편안함"", ""안락함""], ""composition"": ""거실과 부엌이 연결된 구조, 간결하고 깔끔한 인테리어"", ""camera_angle"": ""정면"", ""camera_params"": {""fov"": ""35mm"", ""aperture"": ""f/4"", ""iso"": ""200"", ""shutter"": ""1/60""}, ""negative"": []}</JSON>",0.8524590163934426,0.1172633969781387,0.5923409384390828,0.9087985157966614,0.9202073216438292,0.8976690769195557,0.5089346170425415,0.8524590163934426,0.1172633969781387,0.5923409384390828,0.9087985157966614,0.9202073216438293,0.8976690769195557,0.5089346170425415,0.0,0.9090909090909091,0.8979591836734695,0.9588431715965271
"<DESC>현관 입구에는 한샘 유로 500 플렛 제품을 시공하였습니다. 현관은 항상 깔끔하게 정돈된 상태를 유지하셔야 하기 때문에 수납력이 좋은 디자인으로 선택하셨습니다. 주방의 경우 아일랜드 조리공간과 다이닝 룸 기능을 모두 가질 수 있는 구조입니다. 기존 거실에서 보던 큰 식탁을 버리고 작은 테이블 위주로 식사를 할 수 있도록 구성했습니다.</DESC>
<JSON>{""keywords"": [""주방"", ""아일랜드"", ""다이닝"", ""작은 테이블""], ""style"": [""모던"", ""미니멀리즘""], ""colors"": [""흰색"", ""밝은 색상""], ""lighting"": [""자연광"", ""부드러운 조명""], ""space"": [""주거 공간"", ""요리할 수 있는 공간""], ""furniture"": [""아이랜드"", ""식탁"", ""의자""], ""mood"": [""편안함"", ""실용적""], ""composition"": ""중앙에 아이랜드가 위치하고 주변에 가구들이 배치된 형태"", ""camera_angle"": ""정면"", ""camera_params"": {""fov"": ""50mm"", ""aperture"": ""2.8"", ""iso"": ""100"", ""shutter"": ""1/60""}, ""negative"": []}</JSON></s>","<DESC>바로 스티브 잡스 가 사랑했던 소파 까시나 의 LC3 모델과 많이 닮아있어요 . 직선 디자인과 볼드한 형태의 팔걸이가 특징이랍니다. 요즘은 호캉스보다 홈캉스 인거 아시죠 ~? TV는 거거익선 ! 85인치 티비 와 안정감 있는 파사드 듀얼 거실장을 매치했습니다. 여기서 Tip ! TV가 커질수록 거실장 길이가 길어져야 안정감 있는 형태의 거실을 완성할 수 있답니다! 거실장 안쪽으로 셋탑박스를 숨길 수 있어서, 깔끔하게 사용하실 수 있습니다. 신혼부부 에게 제일 소중한 공간은 침실 이 아닐까요 ? 마치 벽을 공사한듯한 느낌을 주는 유로 503 프레임 입니다. 벽 쪽으로 은은하게 밝혀지는 간접조명 이 너무 고급스러운 프레임이에요 : ) 프레임 디자인도 너무 중요하지만, 몸에 닿는 매트리스 가 제일 중요하겠죠 ? 매트리스는 백문이 불여일견, 가까운 디자인파크를 방문해서 내 몸에 꼭 맞는 매트리스를 찾아보세요 ! 프레임과 꼭 맞는 화장대, 서랍장으로 방 분위기도 일체감 있게 꾸며보는 건 어떨까요 ~?? 한샘 하면 수납 , 수납 하면 한샘 아닐까요? 너무 깔끔하고 견고한 한샘 바흐 드레스룸 으로 아끼는 옷 이쁘게 수납해 보세요 ~</DESC>
<JSON>{""keywords"": [""소파"", ""거실"", ""침실"", ""드레스룸"", ""매트리스"", ""간접조명""], ""style"": [""모던"", ""미니멀리즘""], ""colors"": [""화이트"", ""블랙"", ""그레이"", ""우드""], ""lighting"": [""간접조명"", ""부드러운 조명""], ""space"": [""거실"", ""침실"", ""드레스룸""], ""furniture"": [""LC3 소파"", ""85인치 TV"", ""거실장"", ""유로 503 프레임"", ""화장대"", ""서랍장"", ""한샘 바흐 드레스룸""], ""mood"": [""편안함"", ""고급스러움"", ""아늑함""], ""composition"": ""거실과 침실이 조화를 이루는 구조"", ""camera_angle"": ""정면"", ""camera_params"": {""fov"": ""50mm"", ""aperture"": ""f/2.8"", ""iso"": ""100"", ""shutter"": ""1/60""}, ""negative"": [""혼잡한"", ""어지러운"", ""어두운""]}</JSON>",0.8059701492537312,0.0426168977729457,0.305155472017665,0.8574646711349487,0.8728511333465576,0.8426113128662109,0.4182564616203308,0.8059701492537312,0.04261689777294571,0.305155472017665,0.8574646711349487,0.8728511333465576,0.8426113128662109,0.4182564616203308,0.0,1.0,0.9019607843137255,0.9350148439407349
"<DESC>기존의 좁은 현관에서도 충분히 수납할 수 있는 제품으로 모던하고 깔끔한 느낌을 주는 한샘 드레스 룸 입니다! 아이들은 물론 어른까지 모두 사용할 수 있어 활용도가 높습니다. 평소 옷을 자주 정리하지 않는 분들에게 추천하는 제품입니다^^ 거실 확장 후 붙박이장이 필요하신 경우 추천드릴 수 있습니다.</DESC>
<JSON>{""keywords"": [""드레스 룸"", ""수납"", ""활용도"", ""붙박이장""], ""style"": [""현대적"", ""미니멀리즘""], ""colors"": [""중립색"", ""무채색""], ""lighting"": [""자연광"", ""따뜻한 조명""], ""space"":[""드레스 룸"", ""거실과 연결된 공간""], ""furniture"": [""드레스 룸"", ""거울"", ""행거""], ""mood"": [""세련된"", ""실용적인"", ""깨끗함""], ""composition"": ""중앙에 드레스 룸과 거울이 배치되어 있고, 주변에 행거와 다른 가구들이 배치된 구성"", ""camera_angle"": ""정면"", ""camera_params"": {""fov"": ""50mm"", ""aperture"": ""F2.8"", ""iso"": ""100"", ""shutter"": ""1/60""}, ""negative"": []}</JWT></DWARKSON>-실내디자인-서울숲아이파크11단지-(24)-02.jpg</DWARKSON>-인테리어-홈카페(작은도서관) - 서울숲 아이파크 10단지 (23)-01.jpg</DWARKSON>-아파트 인테리어 - 서울숲 아이파크 10단지 (22)-03.jpg</DWARKSON>-자녀 방 꾸미기 - 서울숲 아이파크 12단지 (21)-04.jpg</DWARKSON>-아이들 학습 환경 개선 - 경기 고양 원흥동 강선마을 20단지 (19)-08.jpg</DWARKSON>-휴식 공간 연출 - 경기 고양 원흥동 강선마을 15단지 (18)-06.jpg</DWARKSON>-놀이 및 휴식 공간 - 인천 송도 센트럴파크 푸르지오 (17)-05.jpg</DWARKSON>-독서 습관 형성 - 부산 해운대 중동 주공 3단지 (16)-09.jpg</DWARKSON>-가족 소통 공간 - 경남 창원 성산 사화리 롯데캐슬 더뉴트림 (14)-07.jpg</DWARKSON>-개인 공부 시간 확보 - 대전 유성구 장대동 중촌롯데캐슬골드타운 (13)-00.jpg</DWARKSON>-업무 효율 향상 - 대구 수성구 범어도래맨션 (12)-01.jpg</DWARKSON>-아늑한 서재 조성 - 경기 광주 오포동 산성휴먼시아 1","<DESC>방 3개, 욕실 1개로 구성된 26평형 아파트이며, L-D-L구조가 특징이에요. 3인 가족이 함께 앉을 수 있는 부드러운 색상의 소파와 나무결이 돋보이는 베이지 톤의 거실장으로 편안한 분위기를 조성했어요. 기본 ㄱ자 형태의 구조를 가진 심플&깔끔한 부엌이예요. 군더더기 없이 기본에 충실하여, 최소의 구성으로 최대의 효과를 낼 수 있도록 하였어요. 나무결이 돋보이는 침대와 협탁은 부드러운 분위기 속에서 휴식하기에 딱 좋아요. 여기에 베이지 톤의 침구까지 같이 셋팅해주면 포근한 침실 완성! 방 한 쪽은 내추럴 스타일의 책상과 서랍장을, 반대편은 오픈형 바흐 드레스레스룸으로 작은 방을 멀티 공간으로 활용했습니다.</DESC>
<JSON>{""keywords"": [""아파트"", ""L-D-L 구조"", ""3인 가족"", ""소파"", ""거실장"", ""부엌"", ""침대"", ""서랍장"", ""드레스룸""], ""style"": [""심플"", ""깔끔"", ""내추럴""], ""colors"": [""부드러운 색상"", ""베이지 톤""], ""lighting"": [""자연광"", ""부드러운 조명""], ""space"": [""거실"", ""부엌"", ""침실"", ""서재"", ""드레스룸""], ""furniture"": [""소파"", ""거실장"", ""침대"", ""협탁"", ""책상"", ""서랍장""], ""mood"": [""편안한"", ""포근한""], ""composition"": ""3개의 방과 1개의 욕실로 구성된 아파트 내부"", ""camera_angle"": ""전경"", ""camera_params"": {""fov"": ""50"", ""aperture"": ""2.8"", ""iso"": ""100"", ""shutter"": ""1/60""}, ""negative"": []}</JSON>",0.4,0.0297222694680783,0.4529156747108242,0.8683679699897766,0.8623793125152588,0.8744404315948486,0.5893588662147522,0.4,0.029722269468078318,0.4529156747108242,0.8683679699897766,0.8623793125152588,0.8744404315948486,0.5893588662147522,0.0,0.0,0.0,0.2575225830078125
"<DESC>현관 - 중문 설치로 외부 소음 차단 및 현관 신발 보관에 적합 거실 - 주방 확장 공사를 통해 넓은 식탁 공간 확보 후 아일랜드 테이블 시공으로 식사와 대화가 동시에 가능한 구조 완성 침실 - 붙박이 장이 아닌 수납형 드레스 룸 설계하여 다양한 사이즈의 옷들을 효율적으로 수납할 수 있음</DESC>
<JSON>{""keywords"": [""현관"", ""중문"", ""거실"", ""아일랜드 테이블""], ""style"": [""모던"", ""미니멀리즘""], ""colors"": [""흰색"", ""중립적인 색상""], ""lighting"": [""자연광"", ""부드러운 조명""], ""space"": [""넓은 거실"", ""식사 가능 공간""], ""furniture"": [""테이블"", ""의자""], ""mood"": [""편안함"", ""활기찬""], ""composition"": ""중앙에 아일랜드 테이블 배치"", ""camera_angle"": ""정면"", ""camERA_params"": {""fov"": ""50mm"", ""aperture"": ""f/2.8"", ""iso"": ""100"", ""shutter"": ""1/60""}, ""negative"": []}</JWT></SWD>

<SDK>
<strings>{""target_system"": ""[SECOM] s-200"", ""core_components"": [""CCTV"", ""네트워크 카메라"", ""영상 서버""], ""layout"": ""아파트 거실"", ""scene"": ""가족들이 함께 저녁 식사를 하는 장면"", ""persons"": [""아버지"", ""어머니"", ""자녀들""], ""time"": ""저녁 시간"", ""weather"": ""맑은 날씨""}</sdk>","<DESC>[드레스룸 시공 제품명] - 붙박이장 모델: 매트화이트 - 벽지: 모닝미스트 붙박이장은 화이트를 주색깔로 하는 집의 톤에 통일감을 주기위해 한샘 매트화이트 컬러를 이용하고, 벽지 또한 따뜻한 화이트컬러로 시공했습니다. [드레스룸 시공 제품명] - 중문: 3연동 초슬림 중문 - 현관장 모델: 매트화이트 현관장은 좁은 24평 현관에 밝고 넓은 느낌을 주기 위해 화이트 컬러 현관장으로 설계했습니다. 중문은 얇은 초슬림 프레임의 3연동 중문을 사용하고, 망입유리로 혹여나 깨질 수 있는 중문에 안정감을 더했습니다. *주요시공: 현관장, 3연동중문, 망입유리</DESC>
<JSON>{""keywords"": [""드레스룸"", ""붙박이장"", ""중문"", ""현관장"", ""매트화이트"", ""모닝미스트"", ""초슬림"", ""망입유리""], ""style"": [""모던"", ""미니멀리즘""], ""colors"": [""화이트"", ""따뜻한 화이트""], ""lighting"": [""자연광"", ""부드러운 조명""], ""space"": [""드레스룸"", ""현관""], ""furniture"": [""붙박이장"", ""현관장"", ""중문""], ""mood"": [""밝고 넓은"", ""편안한""], ""composition"": ""드레스룸과 현관이 연결된 공간으로, 매트화이트 붙박이장과 현관장이 조화를 이루며 초슬림 중문이 중앙에 위치함."", ""camera_angle"": ""정면"", ""camera_params"": {""fov"": ""50mm"", ""aperture"": ""f/2.8"", ""iso"": ""200"", ""shutter"": ""1/60""}, ""negative"": [""어두운 색상"", ""혼잡한 배치""]}</JSON>",0.6753246753246752,0.0905119475569791,0.3714150577836866,0.8824105858802795,0.8916841149330139,0.8733279705047607,0.5696519017219543,0.6753246753246752,0.0905119475569791,0.37141505778368666,0.8824105858802795,0.8916841149330139,0.8733279705047607,0.5696519017219543,0.0,0.0,0.0,0.2530857026576996
