,goods_id,big_cat,small_cat,goods_name,price,image_url_path
0,742366,room_0001,fur_type0001,클린트 모던 높은 거실장 200cm 서랍형 수납장(80cm 일반형 +120cm 서랍형) (3종 택1),428000,https://image.hanssem.com/hsimg/gds/1050/742/742366_A1.jpg?v=20250113101141
1,1098826,room_0001,fur_type0002,테이즈 천연가죽 소파 3인(3종/택1),1299000,https://image.hanssem.com/hsimg/gds/1050/1098/1098826_A1.jpg?v=20250610141419
2,1031935,room_0001,fur_type0002,베이크 패브릭소파 3.5인,798000,https://image.hanssem.com/hsimg/gds/1050/1031/1031935_A1.jpg?v=20250804101313
3,993094,room_0001,fur_type0002,코타 천연가죽 소파 4인용,899000,https://image.hanssem.com/hsimg/gds/1050/993/993094_A1.jpg?v=20250804101312
4,822928,room_0001,fur_type0001,클린트 어반 매거진랙 수납장 80cm_서랍형,200000,https://image.hanssem.com/hsimg/gds/1050/822/822928_A1.jpg?v=20250113101141
5,1021360,room_0001,fur_type0002,네피 패브릭 소파 4인 포인트 에디션,2119000,https://image.hanssem.com/hsimg/gds/1050/1021/1021360_A1.jpg?v=20240509100911
6,916927,room_0001,fur_type0002,프리야 패브릭소파 3인용(2종/택1),1399000,https://image.hanssem.com/hsimg/gds/1050/916/916927_A1.jpg?v=20250804101312
7,995035,room_0001,fur_type0002,레이어드 패브릭 소파 코너형 커버 (3종/택1),220000,https://image.hanssem.com/hsimg/gds/1050/995/995035_A1.jpg?v=20250820155244
8,958513,room_0001,fur_type0002,MVME 트라움 라토 천연가죽 전동 리클라이너 소파 1인(2종/택1),949000,https://image.hanssem.com/hsimg/gds/1050/958/958513_A1.jpg?v=20250804101312
9,885924,room_0001,fur_type0001,클린트 어반 높이조절 리프트업 사이드테이블 60cm (3종 택1),165000,https://image.hanssem.com/hsimg/gds/1050/885/885924_A1.jpg?v=20250804101312
10,992748,room_0001,fur_type0001,유로 503 파사드 거실장 1450,537000,https://image.hanssem.com/hsimg/gds/1050/992/992748_A1.jpg?v=20250320133508
11,916186,room_0001,fur_type0001,[55딜]디어 오보에 거실장 세트 220cm (거실장 140cm + 보조수납장 83cm) (2종 택1),550000,https://image.hanssem.com/hsimg/gds/1050/916/916186_A1.jpg?v=20250804101312
12,1019500,room_0001,fur_type0002,선데이 패브릭소파 4인 라운지형 트위드 원단 (2종/택1),3695000,https://image.hanssem.com/hsimg/gds/1050/1019/1019500_A1.jpg?v=20250421160920
13,1049171,room_0001,fur_type0001,블랑 루버 거실장 2500,820000,https://image.hanssem.com/hsimg/gds/1050/1049/1049171_A1.jpg?v=20250918173218
14,994737,room_0001,fur_type0002,레이어드 패브릭 소파 컴팩트 3인오픈(암리스)_부클 원단 (4종/택1),1170000,https://image.hanssem.com/hsimg/gds/1050/994/994737_A1.jpg?v=20250804101312
15,742354,room_0001,fur_type0001,클린트 모던 높은 거실장 160cm 서랍형 수납장(80cm 서랍형 +80cm 서랍형) (3종 택1),398000,https://image.hanssem.com/hsimg/gds/1050/742/742354_A1.jpg?v=20250113101140
16,822930,room_0001,fur_type0001,클린트 어반 매거진랙 수납장 120cm_서랍형,250000,https://image.hanssem.com/hsimg/gds/1050/822/822930_A1.jpg?v=20250113101141
17,904011,room_0001,fur_type0002,보네르 모듈형 패브릭소파 2인용(3종/택1),649000,https://image.hanssem.com/hsimg/gds/1050/904/904011_A1.jpg?v=20250918164231
18,821209,room_0001,fur_type0001,클린트 어반 180cm 거실장 다릿발형 (3종/택1),329000,https://image.hanssem.com/hsimg/gds/1050/821/821209_A1.jpg?v=20250804101312
19,992501,room_0001,fur_type0001,밀란 디오 소파테이블 500,148000,https://image.hanssem.com/hsimg/gds/1050/992/992501_A1.jpg?v=20240222183153
20,822938,room_0001,fur_type0001,클린트 어반 매거진랙 수납장 200cm (수납장80cm+매거진랙 수납장120cm 서랍형),400000,https://image.hanssem.com/hsimg/gds/1050/822/822938_A1.jpg?v=20250113101141
21,821211,room_0001,fur_type0001,클린트 어반 180cm 콘솔 높은 거실장_도어형 (2종 택1),269000,https://image.hanssem.com/hsimg/gds/1050/821/821211_A1.jpg?v=20250113101140
22,716394,room_0001,fur_type0001,클린트 프렌치 거실장 180cm 오픈형(2종 택1),235000,https://image.hanssem.com/hsimg/gds/1050/716/716394_A1.jpg?v=20250113101140
23,1075317,room_0001,fur_type0001,아카이브 80cm 유리수납장 (2종 택1),515000,https://image.hanssem.com/hsimg/gds/1050/1075/1075317_A1.jpg?v=20250804101314
24,1070289,room_0001,fur_type0002,플랩 천연가죽 소파 3인용 (화이트),1865000,https://image.hanssem.com/hsimg/gds/1050/1070/1070289_A1.jpg?v=20240828141208
25,822917,room_0001,fur_type0001,클린트 어반 리프트업 소파테이블 플랩도어형105cm (2종 택1),335000,https://image.hanssem.com/hsimg/gds/1050/822/822917_A1.jpg?v=20250804101312
26,992533,room_0001,fur_type0001,유로 미스티 소파테이블 원형,273000,https://image.hanssem.com/hsimg/gds/1050/992/992533_A1.jpg?v=20240222183306
27,993413,room_0001,fur_type0001,유로 파사드 디럭스 사이드테이블(2종/택1),203000,https://image.hanssem.com/hsimg/gds/1050/993/993413_A1.jpg?v=20240712152418
28,1078555,room_0001,fur_type0002,MVME 리프 천연가죽 리클라이너 3인(2종/택1),2290000,https://image.hanssem.com/hsimg/gds/1050/1078/1078555_A1.jpg?v=20250604111948
29,1023275,room_0001,fur_type0002,MVME 프라임 리츠 천연가죽 리클라이너 소파 3인 그레이 에디션,1399000,https://image.hanssem.com/hsimg/gds/1050/1023/1023275_A1.jpg?v=20250804101313
30,1098810,room_0001,fur_type0001,[웰컴딜 전용]재크 라운드 테이블 매트 400,23000,https://image.hanssem.com/hsimg/gds/550/1098/1098810_A1.jpg?v=20250310172049
31,737701,room_0001,fur_type0001,클린트 모던 높은 거실장 120cm 일반형 수납장 (3종 택1),229000,https://image.hanssem.com/hsimg/gds/1050/737/737701_A1.jpg?v=20250805110815
32,1058864,room_0001,fur_type0002,MVME 어폰 천연가죽 리클라이너 소파 4인,1459000,https://image.hanssem.com/hsimg/gds/1050/1058/1058864_A1.jpg?v=20250804101314
33,1098835,room_0001,fur_type0002,(아울렛)레이어드 패브릭 소파 3인오픈(스툴) 에페원단,782000,https://image.hanssem.com/hsimg/gds/550/1098/1098835_A1.jpg?v=20250908160710
34,992980,room_0001,fur_type0001,밀란 304 블랑 보조수납장 500(2종/택1),178000,https://image.hanssem.com/hsimg/gds/1050/992/992980_A1.jpg?v=20240826164635
35,994692,room_0001,fur_type0002,레이어드 패브릭 소파 암리스 (6종/택1),500000,https://image.hanssem.com/hsimg/gds/1050/994/994692_A1.jpg?v=20250820155639
36,1062608,room_0001,fur_type0001,플래지어 엘레판테 소파테이블(2종/택1),359000,https://image.hanssem.com/hsimg/gds/1050/1062/1062608_A1.jpg?v=20250804101314
37,993722,room_0001,fur_type0002,바흐 709 토브 소파 코너형(2종/택1),3171000,https://image.hanssem.com/hsimg/gds/1050/993/993722_A1.jpg?v=20240819092754
38,1114136,room_0001,fur_type0002,(아울렛)레이어드 패브릭 소파 암리스,380000,https://image.hanssem.com/hsimg/gds/550/1114/1114136_A1.jpg?v=20250908160712
39,1062156,room_0001,fur_type0002,럼피 패브릭 소파 3.5인용(2종/택1),1698000,https://image.hanssem.com/hsimg/gds/1050/1062/1062156_A1.jpg?v=20240829154308
40,1021362,room_0001,fur_type0002,네피 패브릭 소파 1.5인 포인트 에디션,1069000,https://image.hanssem.com/hsimg/gds/1050/1021/1021362_A1.jpg?v=20240510165303
41,302795,room_0001,fur_type0002,매그 라운지 가죽 소파 소파베드,569000,https://image.hanssem.com/hsimg/gds/1050/302/302795_A1.jpg?v=20250804101311
42,716395,room_0001,fur_type0001,클린트 프렌치 거실장 180cm 서랍형(2종 택1),245000,https://image.hanssem.com/hsimg/gds/1050/716/716395_A1.jpg?v=20250113101141
43,800783,room_0001,fur_type0002,모아 모듈형 패브릭소파 1인 코너형,256000,https://image.hanssem.com/hsimg/gds/1050/800/800783_A1.jpg?v=20250804101311
44,746541,room_0001,fur_type0002,MVME 프라임 리츠 천연가죽 리클라이너 소파 3인 화이트에디션,1599000,https://image.hanssem.com/hsimg/gds/1050/746/746541_A1.jpg?v=20250804101311
45,451861,room_0001,fur_type0002,휴 회전형 좌식 리클라이너 스마트패브릭(오트밀/그레이/노블그레이),126900,https://image.hanssem.com/hsimg/gds/1050/451/451861_A1.jpg?v=20250915132051
46,1058860,room_0001,fur_type0002,[특가~9/29]MVME 어폰 패브릭 리클라이너 소파 4인(3종/택1),1299000,https://image.hanssem.com/hsimg/gds/1050/1058/1058860_A1.jpg?v=20250804101314
47,993012,room_0001,fur_type0001,밀란 304 블랑 카페테이블,224000,https://image.hanssem.com/hsimg/gds/1050/993/993012_A1.jpg?v=20240222183153
48,992974,room_0001,fur_type0001,밀란 304 블랑 AV장 2000 낮은장,477000,https://image.hanssem.com/hsimg/gds/1050/992/992974_A1.jpg?v=20240826164321
49,810823,room_0001,fur_type0002,(아울렛)프라임 더홈 홈바형 전동 리클라이너 4인용 소파,879000,https://image.hanssem.com/hsimg/gds/550/810/810823_A1.jpg?v=20250908160712
50,786625,room_0001,fur_type0002,[특가~9/29]MVME 프라임 노블 홈바형 천연가죽 리클라이너 소파 4인,1459000,https://image.hanssem.com/hsimg/gds/1050/786/786625_A1.jpg?v=20250829154456
51,817733,room_0001,fur_type0002,아르떼 천연가죽 스툴(3종/택1),300000,https://image.hanssem.com/hsimg/gds/1050/817/817733_A1.jpg?v=20250113101138
52,993409,room_0001,fur_type0002,유로 603 리에 소파 4인용(2종/택1),2289000,https://image.hanssem.com/hsimg/gds/1050/993/993409_A1.jpg?v=20240628125542
53,1090258,room_0001,fur_type0001,아카이브+ 155cm 콘솔장 루버형,785000,https://image.hanssem.com/hsimg/gds/1050/1090/1090258_A1.jpg?v=20250804101314
54,999021,room_0001,fur_type0001,아카이브 80cm 멀티수납장 높은선반형 (2종 택1),490000,https://image.hanssem.com/hsimg/gds/1050/999/999021_A1.jpg?v=20250804101313
55,1069332,room_0001,fur_type0002,휴 회전형 좌식리클라이너 스마트패브릭 노블그레이,149900,https://image.hanssem.com/hsimg/gds/1050/1069/1069332_A1.jpg?v=20250915132051
56,1075315,room_0001,fur_type0001,아카이브 175cm 와이드서랍장 (2종 택1),890000,https://image.hanssem.com/hsimg/gds/1050/1075/1075315_A1.jpg?v=20250804101314
57,1076191,room_0001,fur_type0002,[특가~9/29]MVME 어폰 홈바형 패브릭 리클라이너 소파 4인,1399000,https://image.hanssem.com/hsimg/gds/1050/1076/1076191_A1.jpg?v=20250804101314
58,821213,room_0001,fur_type0001,클린트 어반 180cm 콘솔 높은 거실장 스틸도어형 (2종 택1),379000,https://image.hanssem.com/hsimg/gds/1050/821/821213_A1.jpg?v=20250113101140
59,740582,room_0001,fur_type0002,벤트 로우 스퀘어 암체어,64900,https://image.hanssem.com/hsimg/gds/550/740/740582_A1.jpg?v=20250915132053
60,1014307,room_0001,fur_type0002,선데이 패브릭소파 데이베드형(4종/택1),1655000,https://image.hanssem.com/hsimg/gds/1050/1014/1014307_A1.jpg?v=20250716103540
61,1099086,room_0001,fur_type0002,모디프 패브릭 스윙소파 4인,929000,https://image.hanssem.com/hsimg/gds/1050/1099/1099086_A1.jpg?v=20250804101314
62,1070293,room_0001,fur_type0002,플랩 천연가죽 소파 4인용 (화이트),2495000,https://image.hanssem.com/hsimg/gds/1050/1070/1070293_A1.jpg?v=20240828141208
63,992993,room_0001,fur_type0001,유로 503 파사드 거실장 유리상판 1450,122000,https://image.hanssem.com/hsimg/gds/1050/992/992993_A1.jpg?v=20231121084653
64,786840,room_0001,fur_type0002,모아 모듈형 패브릭소파 3인,602000,https://image.hanssem.com/hsimg/gds/1050/786/786840_A1.jpg?v=20250804101311
65,1078569,room_0001,fur_type0002,리프 천연가죽 소파 3인용 크림화이트,1490000,https://image.hanssem.com/hsimg/gds/1050/1078/1078569_A1.jpg?v=20250604111604
66,1019513,room_0001,fur_type0002,선데이  패브릭소파 4인용 트위드 원단,3695000,https://image.hanssem.com/hsimg/gds/1050/1019/1019513_A1.jpg?v=20250421161238
67,940024,room_0001,fur_type0002,노마딕 천연가죽 소파 4인 카우치(4종/택1),1955000,https://image.hanssem.com/hsimg/gds/1050/940/940024_A1.jpg?v=20250804101312
68,888244,room_0001,fur_type0002,[특가~9/29]보네르 모듈형 패브릭소파 4인용(2종/택1),988000,https://image.hanssem.com/hsimg/gds/1050/888/888244_A1.jpg?v=20250918164538
69,145701,room_0001,fur_type0001,클린트2 거실장 120cm 서랍형,149000,https://image.hanssem.com/hsimg/gds/1050/145/145701_A1.jpg?v=20250804101310
70,1089604,room_0001,fur_type0002,(아울렛)MVME 고다 패브릭 리클라이너 3인용 팝블루,1694000,https://image.hanssem.com/hsimg/gds/550/1089/1089604_A1.jpg?v=20250908160713
71,737687,room_0001,fur_type0002,브리오 이태리 천연가죽 3.5인용 소파 (3종/택1),1299000,https://image.hanssem.com/hsimg/gds/1050/737/737687_A1.jpg?v=20250804101311
72,1031937,room_0001,fur_type0002,마요 패브릭소파 3인,529000,https://image.hanssem.com/hsimg/gds/1050/1031/1031937_A1.jpg?v=20250804101314
73,1076836,room_0001,fur_type0002,뉴인피니 모드 크리모 패브릭 4인 소파(2종/택1),2205000,https://image.hanssem.com/hsimg/gds/1050/1076/1076836_A1.jpg?v=20250103142859
74,1017766,room_0001,fur_type0002,레이어드 패브릭 소파 4인 에페원단 (2종/택1),1840000,https://image.hanssem.com/hsimg/gds/1050/1017/1017766_A1.jpg?v=20250820154326
75,1075319,room_0001,fur_type0001,아카이브 80cm 멀티서랍장 (2종 택1),465000,https://image.hanssem.com/hsimg/gds/1050/1075/1075319_A1.jpg?v=20250804101314
76,992484,room_0001,fur_type0002,바흐 702 인피니 소파 3인용,1899000,https://image.hanssem.com/hsimg/gds/550/992/992484_A1.jpg?v=20250827144251
77,1076189,room_0001,fur_type0002,MVME 어폰 홈바형 천연가죽 리클라이너 소파 4인,1559000,https://image.hanssem.com/hsimg/gds/1050/1076/1076189_A1.jpg?v=20250804101314
78,746540,room_0001,fur_type0002,MVME 프라임 리츠 천연가죽 리클라이너 소파 4인 화이트에디션,1999000,https://image.hanssem.com/hsimg/gds/1050/746/746540_A1.jpg?v=20250804101311
79,1058866,room_0001,fur_type0002,MVME 어폰 천연가죽 리클라이너 소파 3인,1179000,https://image.hanssem.com/hsimg/gds/1050/1058/1058866_A1.jpg?v=20250804101314
80,992978,room_0001,fur_type0001,밀란 304 블랑 AV장 2000(2종/택1),523000,https://image.hanssem.com/hsimg/gds/1050/992/992978_A1.jpg?v=20250408150316
81,1081936,room_0001,fur_type0002,스위브 크리모 패브릭 스윙소파 3인용,1979000,https://image.hanssem.com/hsimg/gds/1050/1081/1081936_A1.jpg?v=20250909131330
82,1017274,room_0001,fur_type0002,포네플러스 패브릭소파 코너모듈,780000,https://image.hanssem.com/hsimg/gds/1050/1017/1017274_A1.jpg?v=20240321165150
83,992295,room_0001,fur_type0001,피코 리프트업 소파테이블,339000,https://image.hanssem.com/hsimg/gds/1050/992/992295_A1.jpg?v=20250804101312
84,993412,room_0001,fur_type0001,유로 코지 사이드테이블(5종/택1),150000,https://image.hanssem.com/hsimg/gds/1050/993/993412_A1.jpg?v=20250806135641
85,302794,room_0001,fur_type0002,매그 라운지 소파베드 스마트패브릭 오트밀,569000,https://image.hanssem.com/hsimg/gds/1050/302/302794_A1.jpg?v=20250812143736
86,992749,room_0001,fur_type0001,유로 503 파사드 거실장 2160,672000,https://image.hanssem.com/hsimg/gds/1050/992/992749_A1.jpg?v=20250116103944
87,1019509,room_0001,fur_type0002,(아울렛)레이어드 패브릭 소파 3인오픈(암리스) 에페원단,1109000,https://image.hanssem.com/hsimg/gds/550/1019/1019509_A1.jpg?v=20250908160712
88,786843,room_0001,fur_type0002,모아 모듈형 패브릭소파 와이드 4인,798000,https://image.hanssem.com/hsimg/gds/1050/786/786843_A1.jpg?v=20250804101311
89,1027088,room_0001,fur_type0002,뉴인피니 천연가죽소파 코너형,2699000,https://image.hanssem.com/hsimg/gds/1050/1027/1027088_A1.jpg?v=20250804101313
90,145702,room_0001,fur_type0001,클린트2 거실장 120cm 선반형,129000,https://image.hanssem.com/hsimg/gds/1050/145/145702_A1.jpg?v=20250804101311
91,1021357,room_0001,fur_type0002,네피 패브릭 소파 1.5인 린넨 에디션,1474000,https://image.hanssem.com/hsimg/gds/1050/1021/1021357_A1.jpg?v=20240509133142
92,1076832,room_0001,fur_type0002,뉴인피니 모드 에코크레아 패브릭 4인 소파(5종/택1),2350000,https://image.hanssem.com/hsimg/gds/1050/1076/1076832_A1.jpg?v=20250103142235
93,777039,room_0001,fur_type0002,밀로 패브릭소파 3인용(3종/택1),649000,https://image.hanssem.com/hsimg/gds/1050/777/777039_A1.jpg?v=20250804101311
94,999020,room_0001,fur_type0001,아카이브 160cm 멀티수납장 높은선반형 (2종 택1),815000,https://image.hanssem.com/hsimg/gds/1050/999/999020_A1.jpg?v=20250804101313
95,1118838,room_0001,fur_type0002,[550만원딜 특가]페타 리클라이너 4인/밀란 블랑 테이블+인칸토 식탁세트,5500000,https://image.hanssem.com/hsimg/gds/1050/1118/1118838_A1.jpg?v=20250908091539
96,1017281,room_0001,fur_type0002,포네플러스 패브릭소파 좌방석쿠션,190000,https://image.hanssem.com/hsimg/gds/1050/1017/1017281_A1.jpg?v=20250414144203
97,1065630,room_0001,fur_type0002,뉴플루드 천연가죽 소파 스툴(2종/택1),499000,https://image.hanssem.com/hsimg/gds/1050/1065/1065630_A1.jpg?v=20250103141907
98,1037702,room_0001,fur_type0002,MVME 페타 천연가죽 리클라이너 암리스,580000,https://image.hanssem.com/hsimg/gds/1050/1037/1037702_A1.jpg?v=20250804101314
99,948786,room_0001,fur_type0002,MVME 플로에 패브릭 리클라이너 소파 4인,2399000,https://image.hanssem.com/hsimg/gds/1050/948/948786_A1.jpg?v=20250904184353
100,993709,room_0001,fur_type0002,[최대52만원할인]MVME 고다 천연가죽 리클라이너 3인,3069000,https://image.hanssem.com/hsimg/gds/1050/993/993709_A1.jpg?v=20250901095236
101,799760,room_0001,fur_type0002,모아 모듈형 패브릭소파 팔걸이,105000,https://image.hanssem.com/hsimg/gds/1050/799/799760_A1.jpg?v=20250804101311
102,1021364,room_0001,fur_type0002,네피 패브릭 소파 스툴 포인트 에디션,485000,https://image.hanssem.com/hsimg/gds/1050/1021/1021364_A1.jpg?v=20250331155953
103,1090242,room_0001,fur_type0001,아카이브+ 233cm 거실장 손잡이형 (2종 택1),819000,https://image.hanssem.com/hsimg/gds/1050/1090/1090242_A1.jpg?v=20250804101314
104,994739,room_0001,fur_type0002,레이어드 패브릭 소파 4인 부클 원단 (4종/택1),1840000,https://image.hanssem.com/hsimg/gds/1050/994/994739_A1.jpg?v=20250804101313
105,992535,room_0001,fur_type0001,유로 큐브 사이드테이블,136000,https://image.hanssem.com/hsimg/gds/1050/992/992535_A1.jpg?v=20240712153853
106,1078532,room_0001,fur_type0002,MVME 리프 패브릭 리클라이너 3인(2종/택1),1990000,https://image.hanssem.com/hsimg/gds/1050/1078/1078532_A1.jpg?v=20250210104517
107,1091968,room_0001,fur_type0002,(아울렛)뉴인피니 모드 에코크레아 패브릭 4인 소파,1404000,https://image.hanssem.com/hsimg/gds/550/1091/1091968_A1.jpg?v=20250908160713
108,1065616,room_0001,fur_type0002,뉴플루드 천연가죽 소파 4인용(2종/택1),2599000,https://image.hanssem.com/hsimg/gds/1050/1065/1065616_A1.jpg?v=20250103141741
109,1005271,room_0001,fur_type0002,도무스 IMG 노르딕85 1인 리클라이너,1199000,https://image.hanssem.com/hsimg/gds/1050/1005/1005271_A1.jpg?v=20250822084218
110,993771,room_0001,fur_type0002,바흐 709 토브 소파 1인용 (에코 워터케어),718000,https://image.hanssem.com/hsimg/gds/1050/993/993771_A1.jpg?v=20250115092456
111,993067,room_0001,fur_type0001,밀란 304 블랑 사이드테이블_협탁형,130000,https://image.hanssem.com/hsimg/gds/1050/993/993067_A1.jpg?v=20240404142757
112,992296,room_0001,fur_type0001,피코 소파테이블 모던(2종/택1),419000,https://image.hanssem.com/hsimg/gds/1050/992/992296_A1.jpg?v=20250804101312
113,866512,room_0001,fur_type0002,모아 모듈형 패브릭소파 3인+스툴,715000,https://image.hanssem.com/hsimg/gds/1050/866/866512_A1.jpg?v=20250804101312
114,999023,room_0001,fur_type0001,아카이브 80cm 오픈수납장 (3종 택1),415000,https://image.hanssem.com/hsimg/gds/1050/999/999023_A1.jpg?v=20250804101313
115,948785,room_0001,fur_type0002,MVME 플로에 패브릭 리클라이너 소파 3인,1899000,https://image.hanssem.com/hsimg/gds/1050/948/948785_A1.jpg?v=20250904184431
116,1076838,room_0001,fur_type0002,뉴인피니 모드 크리모 패브릭 소파 스툴(2종/택1),450000,https://image.hanssem.com/hsimg/gds/1050/1076/1076838_A1.jpg?v=20250103143102
117,992534,room_0001,fur_type0001,유로 미스티 소파테이블 직사각형,427000,https://image.hanssem.com/hsimg/gds/1050/992/992534_A1.jpg?v=20240222183306
118,1049167,room_0001,fur_type0001,블랑 루버 거실장 2000,600000,https://image.hanssem.com/hsimg/gds/1050/1049/1049167_A1.jpg?v=20250210172342
119,817735,room_0001,fur_type0002,"아르떼 천연가죽 소파 3인(스툴포함, 2종/택1)",1399000,https://image.hanssem.com/hsimg/gds/1050/817/817735_A1.jpg?v=20250804101312
120,1059892,room_0001,fur_type0001,플리츠 플러스 거실장 210cm 코타오렌지,669000,https://image.hanssem.com/hsimg/gds/1050/1059/1059892_A1.jpg?v=20250804101314
121,1079239,room_0001,fur_type0001,재크 400 라운드 사이드테이블,29900,https://image.hanssem.com/hsimg/gds/1050/1079/1079239_A1.jpg?v=20250915132051
122,994733,room_0001,fur_type0002,레이어드 패브릭 소파 스툴 (6종/택1),320000,https://image.hanssem.com/hsimg/gds/1050/994/994733_A1.jpg?v=20250820155408
123,992536,room_0001,fur_type0001,유로 큐브 소파테이블,193000,https://image.hanssem.com/hsimg/gds/1050/992/992536_A1.jpg?v=20240315142522
124,1078558,room_0001,fur_type0002,MVME 리프 천연가죽 리클라이너 4인(2종/택1),2790000,https://image.hanssem.com/hsimg/gds/1050/1078/1078558_A1.jpg?v=20250604112025
125,992502,room_0001,fur_type0001,밀란 디오 소파테이블 800,171000,https://image.hanssem.com/hsimg/gds/1050/992/992502_A1.jpg?v=20240222183153
126,780391,room_0001,fur_type0002,[특가~9/29]휴 스테이 회전팔걸이형 리클라이너 (2종/택1),89900,https://image.hanssem.com/hsimg/gds/1050/780/780391_A1.jpg?v=20250915132052
127,1037694,room_0001,fur_type0002,MVME 페타 천연가죽 리클라이너 4인용,3299000,https://image.hanssem.com/hsimg/gds/1050/1037/1037694_A1.jpg?v=20250804101314
128,993770,room_0001,fur_type0002,패브릭 케어 키트,33000,https://image.hanssem.com/hsimg/gds/1050/993/993770_A1.jpg?v=20250211161857
129,1089700,room_0001,fur_type0002,(아울렛)뉴인피니 모드 크리모 패브릭 4인 소파,1130000,https://image.hanssem.com/hsimg/gds/550/1089/1089700_A1.jpg?v=20250908160713
130,1075321,room_0001,fur_type0001,아카이브 120cm 멀티서랍장 (2종 택1),510000,https://image.hanssem.com/hsimg/gds/1050/1075/1075321_A1.jpg?v=20250804101314
131,1068568,room_0001,fur_type0002,[특가~9/29]휴 조이 하이백 좌식의자 샌드베이지,55900,https://image.hanssem.com/hsimg/gds/1050/1068/1068568_A1.jpg?v=20250915132051
132,1021376,room_0001,fur_type0001,오브제 글라스 거실장 루나화이트/딥그린 2000,2150000,https://image.hanssem.com/hsimg/gds/1050/1021/1021376_A1.jpg?v=20250414145201
133,799220,room_0001,fur_type0002,엠마 컴포트 천연가죽 소파 4인(3종/택1),1049000,https://image.hanssem.com/hsimg/gds/1050/799/799220_A1.jpg?v=20250829154456
134,688056,room_0001,fur_type0001,클린트 모던 거실장 180cm 서랍형(3종/택1),245000,https://image.hanssem.com/hsimg/gds/1050/688/688056_A1.jpg?v=20250804101311
135,992487,room_0001,fur_type0002,MVME 시어터 천연가죽 리클라이너 3인,2499000,https://image.hanssem.com/hsimg/gds/1050/992/992487_A1.jpg?v=20250901095124
136,1099085,room_0001,fur_type0002,모디프 패브릭 스윙소파 3.5인,799000,https://image.hanssem.com/hsimg/gds/1050/1099/1099085_A1.jpg?v=20250804101314
137,746525,room_0001,fur_type0002,MVME 프라임 노블 천연가죽 리클라이너 소파 4인,1359000,https://image.hanssem.com/hsimg/gds/1050/746/746525_A1.jpg?v=20250829154456
138,1017276,room_0001,fur_type0002,포네플러스 패브릭소파 암리스모듈,640000,https://image.hanssem.com/hsimg/gds/1050/1017/1017276_A1.jpg?v=20250716111232
139,913330,room_0001,fur_type0001,디어 오보에 보조수납장  83cm (2종 택1),190000,https://image.hanssem.com/hsimg/gds/1050/913/913330_A1.jpg?v=20250113101140
140,1049183,room_0001,fur_type0001,블랑 루버 거실장 2500 낮은장,720000,https://image.hanssem.com/hsimg/gds/1050/1049/1049183_A1.jpg?v=20250210172021
141,1076833,room_0001,fur_type0002,뉴인피니 모드 에코크레아 패브릭 코너형 소파(5종/택1),2935000,https://image.hanssem.com/hsimg/gds/1050/1076/1076833_A1.jpg?v=20250103142334
142,799215,room_0001,fur_type0002,엠마 컴포트 천연가죽 소파 3인(3종/택1),829000,https://image.hanssem.com/hsimg/gds/1050/799/799215_A1.jpg?v=20250804101311
143,1014308,room_0001,fur_type0002,선데이 패브릭소파 스툴 SIC 원단 (2종/택1),815000,https://image.hanssem.com/hsimg/gds/1050/1014/1014308_A1.jpg?v=20250527162134
144,1017277,room_0001,fur_type0002,포네플러스 패브릭소파 스툴,500000,https://image.hanssem.com/hsimg/gds/1050/1017/1017277_A1.jpg?v=20240219184821
145,1031906,room_0001,fur_type0002,스노어 패브릭 소파 3인,550000,https://image.hanssem.com/hsimg/gds/1050/1031/1031906_A1.jpg?v=20250612130720
146,737700,room_0001,fur_type0001,클린트 모던 높은 거실장 160cm 서랍형 수납장 (3종 택1),315000,https://image.hanssem.com/hsimg/gds/1050/737/737700_A1.jpg?v=20250113101140
147,993710,room_0001,fur_type0002,[20만원 할인]MVME 고다 천연가죽 리클라이너 4인,3599000,https://image.hanssem.com/hsimg/gds/1050/993/993710_A1.jpg?v=20250804101312
148,1017762,room_0001,fur_type0002,레이어드 패브릭 소파 3인오픈(스툴) 에페원단 (2종/택1),990000,https://image.hanssem.com/hsimg/gds/1050/1017/1017762_A1.jpg?v=20250820154506
149,1075313,room_0001,fur_type0001,아카이브 250cm 거실장 (2종 택1),890000,https://image.hanssem.com/hsimg/gds/1050/1075/1075313_A1.jpg?v=20250804101314
150,1065629,room_0001,fur_type0002,뉴플루드 천연가죽 소파 코너형(2종/택1),3099000,https://image.hanssem.com/hsimg/gds/1050/1065/1065629_A1.jpg?v=20250103141825
151,940023,room_0001,fur_type0002,MVME 노마딕 천연가죽 리클라이너 소파 3인,2299000,https://image.hanssem.com/hsimg/gds/1050/940/940023_A1.jpg?v=20250828113239
152,1065837,room_0001,fur_type0002,[특가~9/29]휴 시티드핏 좌식의자,45900,https://image.hanssem.com/hsimg/gds/1050/1065/1065837_A1.jpg?v=20250915132052
153,1027053,room_0001,fur_type0002,뉴인피니 천연가죽 소파 4인,2099000,https://image.hanssem.com/hsimg/gds/1050/1027/1027053_A1.jpg?v=20250804101313
154,1075314,room_0001,fur_type0001,아카이브 300cm 거실장 (2종 택1),950000,https://image.hanssem.com/hsimg/gds/1050/1075/1075314_A1.jpg?v=20250804101314
155,992474,room_0001,fur_type0002,[30만원 할인]MVME 키안티 천연가죽 리클라이너 4인,2990000,https://image.hanssem.com/hsimg/gds/1050/992/992474_A1.jpg?v=20250904184101
156,799761,room_0001,fur_type0002,모아 모듈형 패브릭소파 1인 카우치,264000,https://image.hanssem.com/hsimg/gds/1050/799/799761_A1.jpg?v=20250804101311
157,1099110,room_0001,fur_type0002,스위브 에코크레아 패브릭 스윙소파 코너형(5종/택1),3199000,https://image.hanssem.com/hsimg/gds/1050/1099/1099110_A1.jpg?v=20250909132054
158,1078543,room_0001,fur_type0002,리프 패브릭 소파 3인용 아이보리,1190000,https://image.hanssem.com/hsimg/gds/1050/1078/1078543_A1.jpg?v=20250210104643
159,1010704,room_0001,fur_type0001,유로 506 플라타 마일드 거실장 월넛 콘솔장 1800,1275000,https://image.hanssem.com/hsimg/gds/1050/1010/1010704_A1.jpg?v=20240808153221
160,786842,room_0001,fur_type0002,모아 모듈형 패브릭소파 4인 오픈형,610000,https://image.hanssem.com/hsimg/gds/1050/786/786842_A1.jpg?v=20250804101311
161,1027050,room_0001,fur_type0002,뉴인피니 천연가죽 소파 3인,1599000,https://image.hanssem.com/hsimg/gds/1050/1027/1027050_A1.jpg?v=20250804101313
162,817734,room_0001,fur_type0002,"아르떼 천연가죽 소파 4인(스툴포함, 3종/택1)",1659000,https://image.hanssem.com/hsimg/gds/1050/817/817734_A1.jpg?v=20250804101312
163,944136,room_0001,fur_type0002,MVME 클레이 패브릭 리클라이너 소파 1인,449000,https://image.hanssem.com/hsimg/gds/1050/944/944136_A1.jpg?v=20250804101312
164,1078546,room_0001,fur_type0002,리프 패브릭 소파 4인용 아이보리,1490000,https://image.hanssem.com/hsimg/gds/1050/1078/1078546_A1.jpg?v=20250401113637
165,1027791,room_0001,fur_type0002,리도 천연가죽 소파 루즈핏쿠션,75000,https://image.hanssem.com/hsimg/gds/1050/1027/1027791_A1.jpg?v=20250113101138
166,993013,room_0001,fur_type0001,밀란 304 블랑 소파테이블,245000,https://image.hanssem.com/hsimg/gds/1050/993/993013_A1.jpg?v=20240404142757
167,992272,room_0001,fur_type0002,유로 403 스테이 천연가죽 소파 4인(3종/택1),1249000,https://image.hanssem.com/hsimg/gds/1050/992/992272_A1.jpg?v=20250826094348
168,897875,room_0001,fur_type0001,카인드 미니 리프트업 테이블 (2종/택1),249000,https://image.hanssem.com/hsimg/gds/1050/897/897875_A1.jpg?v=20250804101312
169,1049196,room_0001,fur_type0001,블랑 루버 보조수납장 500,220000,https://image.hanssem.com/hsimg/gds/1050/1049/1049196_A1.jpg?v=20250210172702
170,995041,room_0001,fur_type0002,레이어드 패브릭 소파 스툴 커버 (3종/택1),120000,https://image.hanssem.com/hsimg/gds/1050/995/995041_A1.jpg?v=20250820154948
171,1027790,room_0001,fur_type0002,리도 천연가죽 소파 스툴,328000,https://image.hanssem.com/hsimg/gds/1050/1027/1027790_A1.jpg?v=20250113101138
172,999004,room_0001,fur_type0001,[55딜]아카이브 160cm 멀티수납장 (2종 택1),550000,https://image.hanssem.com/hsimg/gds/1050/999/999004_A1.jpg?v=20250804101313
173,1068559,room_0001,fur_type0001,468라운드 사이드테이블,13900,https://image.hanssem.com/hsimg/gds/1050/1068/1068559_A1.jpg?v=20250915132051
174,1090267,room_0001,fur_type0001,아카이브+ 78cm 콘솔장 루버형,475000,https://image.hanssem.com/hsimg/gds/1050/1090/1090267_A1.jpg?v=20250804101314
175,1090251,room_0001,fur_type0001,아카이브+ 155cm 콘솔장 손잡이형,749000,https://image.hanssem.com/hsimg/gds/1050/1090/1090251_A1.jpg?v=20250804101314
176,1090275,room_0001,fur_type0001,아카이브+ 벽고정서비스,10000,https://image.hanssem.com/hsimg/gds/1050/1090/1090275_A1.jpg?v=20250124140905
177,1037701,room_0001,fur_type0002,MVME 페타 천연가죽 리클라이너 와이드 4인용,3879000,https://image.hanssem.com/hsimg/gds/1050/1037/1037701_A1.jpg?v=20250804101314
178,993876,room_0001,fur_type0001,유로 503 파사드 듀얼 보조수납장 1000,406000,https://image.hanssem.com/hsimg/gds/1050/993/993876_A1.jpg?v=20240404142757
179,1118177,room_0001,fur_type0002,(소진완료) MVME 프라임 노블 천연가죽 리클라이너 소파 4인 (페더화이트),1785000,https://image.hanssem.com/hsimg/gds/1050/1118/1118177_A1.jpg?v=20250916092439
180,876535,room_0001,fur_type0002,노르딕 패브릭소파 3인용_코튼베이지,699000,https://image.hanssem.com/hsimg/gds/1050/876/876535_A1.jpg?v=20250804101312
181,1081939,room_0001,fur_type0002,스위브 크리모 패브릭 스윙소파 스툴,289000,https://image.hanssem.com/hsimg/gds/1050/1081/1081939_A1.jpg?v=20250109174201
182,993719,room_0001,fur_type0002,바흐 709 토브 소파 1인용 (에코 크레아),993000,https://image.hanssem.com/hsimg/gds/1050/993/993719_A1.jpg?v=20240509101640
183,993408,room_0001,fur_type0002,유로 603 리에 소파 3.5인용(2종/택1),1952000,https://image.hanssem.com/hsimg/gds/1050/993/993408_A1.jpg?v=20240424111734
184,1017268,room_0001,fur_type0002,포네플러스 패브릭소파 4인용,2090000,https://image.hanssem.com/hsimg/gds/1050/1017/1017268_A1.jpg?v=20240718111212
185,1091149,room_0001,fur_type0001,재크 라운드 테이블 매트 400+700 SET,39900,https://image.hanssem.com/hsimg/gds/1050/1091/1091149_A1.jpg?v=20250915132052
186,1049201,room_0001,fur_type0001,블랑 루버 AV수납장 500 낮은장,185000,https://image.hanssem.com/hsimg/gds/1050/1049/1049201_A1.jpg?v=20250210172632
187,1090269,room_0001,fur_type0001,아카이브+ 78cm 콘솔장 타공형,495000,https://image.hanssem.com/hsimg/gds/1050/1090/1090269_A1.jpg?v=20250804101314
188,888247,room_0001,fur_type0002,보네르 모듈형 패브릭소파 스툴(2종/택1),220000,https://image.hanssem.com/hsimg/gds/1050/888/888247_A1.jpg?v=20250918164338
189,993694,room_0001,fur_type0002,MVME 루아 패브릭 리클라이너 3인,2119000,https://image.hanssem.com/hsimg/gds/1050/993/993694_A1.jpg?v=20240930100337
190,1090263,room_0001,fur_type0001,아카이브+ 78cm 콘솔장 손잡이형,459000,https://image.hanssem.com/hsimg/gds/1050/1090/1090263_A1.jpg?v=20250804101314
191,992488,room_0001,fur_type0002,MVME 시어터 천연가죽 리클라이너 4인,2999000,https://image.hanssem.com/hsimg/gds/1050/992/992488_A1.jpg?v=20250901095124
192,1078433,room_0001,fur_type0002,MVME 리프 패브릭 리클라이너 4인(2종/택1),2390000,https://image.hanssem.com/hsimg/gds/1050/1078/1078433_A1.jpg?v=20250210104350
193,392540,room_0001,fur_type0001,클린트 피코 리프트업 소파테이블 플랩도어형 105cm(4종/택1),319000,https://image.hanssem.com/hsimg/gds/1050/392/392540_A1.jpg?v=20250804101311
194,994734,room_0001,fur_type0002,레이어드 패브릭 소파 2인 부클 원단 (4종/택1),1000000,https://image.hanssem.com/hsimg/gds/1050/994/994734_A1.jpg?v=20250804101312
195,876536,room_0001,fur_type0002,노르딕 패브릭소파 3.5인용 코튼베이지,799000,https://image.hanssem.com/hsimg/gds/1050/876/876536_A1.jpg?v=20250804101312
196,992786,room_0001,fur_type0001,바흐 801 바론 수납장 900,863000,https://image.hanssem.com/hsimg/gds/1050/992/992786_A1.jpg?v=20240424110117
197,999022,room_0001,fur_type0001,아카이브 120cm 오픈수납장 (3종 택1),465000,https://image.hanssem.com/hsimg/gds/1050/999/999022_A1.jpg?v=20250804101313
198,993617,room_0001,fur_type0001,유로 506 플라타 소파테이블 880,378000,https://image.hanssem.com/hsimg/gds/1050/993/993617_A1.jpg?v=20240222183306
199,1074780,room_0001,fur_type0002,(아울렛)MVME 어폰 패브릭 리클라이너 소파 3인(3종/택1),873000,https://image.hanssem.com/hsimg/gds/550/1074/1074780_A1.jpg?v=20250908160713
200,916928,room_0001,fur_type0002,프리야 패브릭소파 스툴(2종/택1),269000,https://image.hanssem.com/hsimg/gds/1050/916/916928_A1.jpg?v=20250113101138
201,916185,room_0001,fur_type0001,디어 오보에 거실장 세트 260cm (거실장 180cm + 보조수납장 83cm) (2종 택1),599000,https://image.hanssem.com/hsimg/gds/1050/916/916185_A1.jpg?v=20250804101312
202,737702,room_0001,fur_type0001,클린트 모던 높은 거실장 120cm 서랍형 수납장 (3종 택1),259000,https://image.hanssem.com/hsimg/gds/1050/737/737702_A1.jpg?v=20250113101140
203,1081937,room_0001,fur_type0002,스위브 크리모 패브릭 스윙소파 4인용,2349000,https://image.hanssem.com/hsimg/gds/1050/1081/1081937_A1.jpg?v=20250909131410
204,992473,room_0001,fur_type0002,[20만원 할인]MVME 키안티 천연가죽 리클라이너 3인,2390000,https://image.hanssem.com/hsimg/gds/1050/992/992473_A1.jpg?v=20250904184252
205,1070294,room_0001,fur_type0002,플랩 패브릭 소파 3인용 (크림베이지),1508000,https://image.hanssem.com/hsimg/gds/1050/1070/1070294_A1.jpg?v=20241118154332
206,742374,room_0001,fur_type0001,클린트 모던 높은 거실장 200cm 일반형 수납장(80cm 일반형 +120cm 일반형) (3종 택1),398000,https://image.hanssem.com/hsimg/gds/1050/742/742374_A1.jpg?v=20250113101140
207,1049170,room_0001,fur_type0001,블랑 루버 거실장 2000 낮은장,550000,https://image.hanssem.com/hsimg/gds/1050/1049/1049170_A1.jpg?v=20250210171606
208,822934,room_0001,fur_type0001,클린트 어반 매거진랙 수납장 160cm (수납장80cm+매거진랙 수납장80cm 북진열대형),370000,https://image.hanssem.com/hsimg/gds/1050/822/822934_A1.jpg?v=20250113101141
209,913328,room_0001,fur_type0001,디어 오보에 거실장 180cm (2종 택1),409000,https://image.hanssem.com/hsimg/gds/1050/913/913328_A1.jpg?v=20250113101141
210,993477,room_0001,fur_type0001,밀란 카린 소파테이블(3종/택1),112000,https://image.hanssem.com/hsimg/gds/1050/993/993477_A1.jpg?v=20250806135820
211,1098824,room_0001,fur_type0002,테이즈 천연가죽 소파 4인(3종/택1),1689000,https://image.hanssem.com/hsimg/gds/1050/1098/1098824_A1.jpg?v=20250610141534
212,993701,room_0001,fur_type0002,바흐 709 토브 소파 4인용(2종/택1),2748000,https://image.hanssem.com/hsimg/gds/1050/993/993701_A1.jpg?v=20241115145730
213,1017758,room_0001,fur_type0002,레이어드 패브릭 소파 2인 에페원단 (2종/택1),1000000,https://image.hanssem.com/hsimg/gds/1050/1017/1017758_A1.jpg?v=20250820154646
214,992835,room_0001,fur_type0001,밀리언4 AV장 유리상판 1560,76000,https://image.hanssem.com/hsimg/gds/1050/992/992835_A1.jpg?v=20231121084653
215,1017284,room_0001,fur_type0002,포네플러스 패브릭소파 등쿠션세트,140000,https://image.hanssem.com/hsimg/gds/1050/1017/1017284_A1.jpg?v=20250414144203
216,994732,room_0001,fur_type0002,레이어드 패브릭 소파 코너형 (6종/택1),670000,https://image.hanssem.com/hsimg/gds/1050/994/994732_A1.jpg?v=20250820155531
217,1075318,room_0001,fur_type0001,아카이브 120cm 유리수납장 (2종 택1),540000,https://image.hanssem.com/hsimg/gds/1050/1075/1075318_A1.jpg?v=20250804101314
218,1090248,room_0001,fur_type0001,아카이브+ 78cm 보조수납장 루버형 (2종 택1),355000,https://image.hanssem.com/hsimg/gds/1050/1090/1090248_A1.jpg?v=20250804101314
219,1090244,room_0001,fur_type0001,아카이브+ 78cm 보조수납장 손잡이형 (2종 택1),355000,https://image.hanssem.com/hsimg/gds/1050/1090/1090244_A1.jpg?v=20250804101314
220,777040,room_0001,fur_type0002,밀로 패브릭소파 4인용(2종/택1),899000,https://image.hanssem.com/hsimg/gds/1050/777/777040_A1.jpg?v=20250804101311
221,1017283,room_0001,fur_type0002,포네플러스 패브릭소파 좌방석쿠션 스툴형,250000,https://image.hanssem.com/hsimg/gds/1050/1017/1017283_A1.jpg?v=20240219184821
222,737705,room_0001,fur_type0001,클린트 모던 높은 거실장 80cm 서랍형 수납장 (3종 택1),199000,https://image.hanssem.com/hsimg/gds/1050/737/737705_A1.jpg?v=20250113101140
223,1068569,room_0001,fur_type0002,휴 모드 좌식의자,45900,https://image.hanssem.com/hsimg/gds/1050/1068/1068569_A1.jpg?v=20250915132051
224,1118212,room_0001,fur_type0002,(소진완료) MVME 프라임 리츠 홈바형 천연가죽 리클라이너 소파 4인 (페더화이트),2299000,https://image.hanssem.com/hsimg/gds/1050/1118/1118212_A1.jpg?v=20250923081756
225,992470,room_0001,fur_type0002,[14만원 할인]유로 601 키안티  소파 3인용(3종/택1),1590000,https://image.hanssem.com/hsimg/gds/1050/992/992470_A1.jpg?v=20250904184201
226,992979,room_0001,fur_type0001,밀란 304 블랑 보조수납장 500 낮은장,155000,https://image.hanssem.com/hsimg/gds/1050/992/992979_A1.jpg?v=20240826164759
227,1059891,room_0001,fur_type0001,플리츠 플러스 거실장 210cm 뉴트럴화이트,899000,https://image.hanssem.com/hsimg/gds/1050/1059/1059891_A1.jpg?v=20250210172747
228,885925,room_0001,fur_type0001,클린트 어반 사이드테이블 스퀘어(3종 택1),120000,https://image.hanssem.com/hsimg/gds/1050/885/885925_A1.jpg?v=20250804101312
229,1090259,room_0001,fur_type0001,아카이브+ 155cm 콘솔장 타공형,835000,https://image.hanssem.com/hsimg/gds/1050/1090/1090259_A1.jpg?v=20250804101314
230,904012,room_0001,fur_type0002,보네르 모듈형 패브릭소파 4인 오픈형(6종/택1),1053500,https://image.hanssem.com/hsimg/gds/1050/904/904012_A1.jpg?v=20250918163854
231,1090243,room_0001,fur_type0001,아카이브+ 233cm 거실장 루버형 (2종 택1),819000,https://image.hanssem.com/hsimg/gds/1050/1090/1090243_A1.jpg?v=20250804101314
232,999019,room_0001,fur_type0001,아카이브 80cm 멀티수납장 (2종 택1),389000,https://image.hanssem.com/hsimg/gds/1050/999/999019_A1.jpg?v=20250804101313
233,888245,room_0001,fur_type0002,보네르 모듈형 패브릭소파 3인 오픈형(4종/택1),729000,https://image.hanssem.com/hsimg/gds/1050/888/888245_A1.jpg?v=20250918164500
234,999006,room_0001,fur_type0001,아카이브 120cm 멀티수납장 (2종 택1),465000,https://image.hanssem.com/hsimg/gds/1050/999/999006_A1.jpg?v=20250827135624
235,1076835,room_0001,fur_type0002,뉴인피니 모드 크리모 패브릭 3인 소파(2종/택1),1704000,https://image.hanssem.com/hsimg/gds/1050/1076/1076835_A1.jpg?v=20250103142730
236,1090272,room_0001,fur_type0001,아카이브+ 78cm 높은오픈수납장 손잡이형,589000,https://image.hanssem.com/hsimg/gds/1050/1090/1090272_A1.jpg?v=20250804101314
237,993411,room_0001,fur_type0002,유로 603 리에 소파 펫스텝(2종/택1),215000,https://image.hanssem.com/hsimg/gds/550/993/993411_A1.jpg?v=20240930095217
238,940021,room_0001,fur_type0002,노마딕 천연가죽 소파 3인(4종/택1),1699000,https://image.hanssem.com/hsimg/gds/1050/940/940021_A1.jpg?v=20250804101312
239,1023249,room_0001,fur_type0002,MVME 프라임 리츠 천연가죽 리클라이너 소파 4인 그레이에디션,1799000,https://image.hanssem.com/hsimg/gds/1050/1023/1023249_A1.jpg?v=20250804101313
240,786626,room_0001,fur_type0002,MVME 프라임 리츠 홈바형 천연가죽 리클라이너 소파 4인 화이트에디션,2199000,https://image.hanssem.com/hsimg/gds/1050/786/786626_A1.jpg?v=20250804101311
241,1113255,room_0001,fur_type0002,MVME 포지 패브릭 리클라이너 소파 3인 크림베이지,1818000,https://image.hanssem.com/hsimg/gds/1050/1113/1113255_A1.jpg?v=20250925112651
242,1090274,room_0001,fur_type0001,아카이브+ 78cm 높은오픈수납장 타공형,625000,https://image.hanssem.com/hsimg/gds/1050/1090/1090274_A1.jpg?v=20250804101314
243,1005272,room_0001,fur_type0002,도무스 IMG 시네마2 1인 리클라이너,799000,https://image.hanssem.com/hsimg/gds/1050/1005/1005272_A1.jpg?v=20250804101313
244,1091148,room_0001,fur_type0001,재크 라운드 테이블 매트 700,29900,https://image.hanssem.com/hsimg/gds/1050/1091/1091148_A1.jpg?v=20250915132052
245,1049198,room_0001,fur_type0001,블랑 루버 AV수납장 500,235000,https://image.hanssem.com/hsimg/gds/1050/1049/1049198_A1.jpg?v=20250210171730
246,746526,room_0001,fur_type0002,[특가~9/29]MVME 프라임 노블 천연가죽 리클라이너 소파 3인,1059000,https://image.hanssem.com/hsimg/gds/1050/746/746526_A1.jpg?v=20250804101311
247,885926,room_0001,fur_type0001,클린트 어반 사이드테이블 라운드(3종 택1),120000,https://image.hanssem.com/hsimg/gds/1050/885/885926_A1.jpg?v=20250804101312
248,1113252,room_0001,fur_type0002,MVME 포지 천연가죽 리클라이너 소파 3인 화이트,1968000,https://image.hanssem.com/hsimg/gds/1050/1113/1113252_A1.jpg?v=20250925112104
249,993874,room_0001,fur_type0001,유로 503 파사드 듀얼 거실장 2000 기능형,814000,https://image.hanssem.com/hsimg/gds/1050/993/993874_A1.jpg?v=20250901143355
250,1113254,room_0001,fur_type0002,MVME 포지 천연가죽 리클라이너 소파 4인 화이트,2490000,https://image.hanssem.com/hsimg/gds/1050/1113/1113254_A1.jpg?v=20250925112229
251,1058863,room_0001,fur_type0002,MVME 어폰 패브릭 리클라이너 소파 3인(3종/택1),1099000,https://image.hanssem.com/hsimg/gds/1050/1058/1058863_A1.jpg?v=20250804101314
252,786841,room_0001,fur_type0002,모아 모듈형 패브릭소파 3인 카우치형,670000,https://image.hanssem.com/hsimg/gds/1050/786/786841_A1.jpg?v=20250804101311
253,1017270,room_0001,fur_type0002,포네플러스 패브릭소파 세미라운지형,2870000,https://image.hanssem.com/hsimg/gds/1050/1017/1017270_A1.jpg?v=20240712153628
254,1068566,room_0001,fur_type0002,휴 회전팔걸이형 리클라이너 뉴그레이,139000,https://image.hanssem.com/hsimg/gds/550/1068/1068566_A1.jpg?v=20250915132051
255,1075322,room_0001,fur_type0001,아카이브 80cm 멀티서랍장 높은선반형 (2종 택1),575000,https://image.hanssem.com/hsimg/gds/1050/1075/1075322_A1.jpg?v=20250804101314
256,1090273,room_0001,fur_type0001,아카이브+ 78cm 높은오픈수납장 루버형,605000,https://image.hanssem.com/hsimg/gds/1050/1090/1090273_A1.jpg?v=20250804101314
257,786845,room_0001,fur_type0002,모아 모듈형 패브릭소파 4인 라운지형,949000,https://image.hanssem.com/hsimg/gds/1050/786/786845_A1.jpg?v=20250804101311
258,992471,room_0001,fur_type0002,[20만원 할인]유로 601 키안티 소파 4인용(3종/택1),2090000,https://image.hanssem.com/hsimg/gds/1050/992/992471_A1.jpg?v=20250806135416
259,822927,room_0001,fur_type0001,클린트 어반 매거진랙 수납장 80cm_북진열대형,220000,https://image.hanssem.com/hsimg/gds/1050/822/822927_A1.jpg?v=20250113101141
260,1017761,room_0001,fur_type0002,레이어드 패브릭 소파 3인 에페원단 (2종/택1),1340000,https://image.hanssem.com/hsimg/gds/1050/1017/1017761_A1.jpg?v=20250820154556
261,994736,room_0001,fur_type0002,레이어드 패브릭 소파 컴팩트 3인오픈(스툴) 부클 원단 (4종/택1),990000,https://image.hanssem.com/hsimg/gds/1050/994/994736_A1.jpg?v=20250804101312
262,822935,room_0001,fur_type0001,클린트 어반 매거진랙 수납장 160cm (수납장80cm+매거진랙 수납장80cm_서랍형),350000,https://image.hanssem.com/hsimg/gds/1050/822/822935_A1.jpg?v=20250113101141
263,993721,room_0001,fur_type0002,바흐 709 토브 소파 3.5인용(2종/택1),2431000,https://image.hanssem.com/hsimg/gds/1050/993/993721_A1.jpg?v=20250311160428
264,1021361,room_0001,fur_type0002,네피 패브릭 소파 3인 포인트 에디션,1740000,https://image.hanssem.com/hsimg/gds/1050/1021/1021361_A1.jpg?v=20250716111700
265,993291,room_0001,fur_type0001,유로 503 파사드 거실장 2900,1074000,https://image.hanssem.com/hsimg/gds/1050/993/993291_A1.jpg?v=20250116103813
266,817730,room_0001,fur_type0002,아르떼 천연가죽 소파 4인(3종/택1),1359000,https://image.hanssem.com/hsimg/gds/1050/817/817730_A1.jpg?v=20250829154456
267,992655,room_0001,fur_type0002,유로 601 키안티 소파 스툴(3종/택1),350000,https://image.hanssem.com/hsimg/gds/1050/992/992655_A1.jpg?v=20240703101953
268,1078571,room_0001,fur_type0002,리프 천연가죽 소파 4인용 크림화이트,1890000,https://image.hanssem.com/hsimg/gds/1050/1078/1078571_A1.jpg?v=20250604111902
269,799769,room_0001,fur_type0002,모아 모듈형 패브릭소파 스툴,113000,https://image.hanssem.com/hsimg/gds/1050/799/799769_A1.jpg?v=20250804101311
270,1076837,room_0001,fur_type0002,뉴인피니 모드 크리모 패브릭 코너형 소파(2종/택1),2783000,https://image.hanssem.com/hsimg/gds/1050/1076/1076837_A1.jpg?v=20250103143033
271,1081938,room_0001,fur_type0002,스위브 크리모 패브릭 스윙소파 코너형,2549000,https://image.hanssem.com/hsimg/gds/1050/1081/1081938_A1.jpg?v=20250909131506
272,822929,room_0001,fur_type0001,클린트 어반 매거진랙 수납장 120cm_북진열대형,270000,https://image.hanssem.com/hsimg/gds/1050/822/822929_A1.jpg?v=20250113101141
273,628128,room_0001,fur_type0002,레더바이탈 가죽 윤활제,35000,https://image.hanssem.com/hsimg/gds/1050/628/628128_A1.jpg?v=20231121084653
274,799767,room_0001,fur_type0002,모아 모듈형 패브릭소파 암리스,196000,https://image.hanssem.com/hsimg/gds/1050/799/799767_A1.jpg?v=20250804101311
275,993727,room_0001,fur_type0002,바흐709 토브 소파 원통쿠션,59000,https://image.hanssem.com/hsimg/gds/1050/993/993727_A1.jpg?v=20240509101640
276,913329,room_0001,fur_type0001,디어 오보에 거실장 140cm (2종 택1),379000,https://image.hanssem.com/hsimg/gds/1050/913/913329_A1.jpg?v=20250113101140
277,1014304,room_0001,fur_type0002,선데이 패브릭소파 4인 라운지형 SIC 원단 (4종/ 택1),2930000,https://image.hanssem.com/hsimg/gds/1050/1014/1014304_A1.jpg?v=20250527174307
278,1071649,room_0001,fur_type0002,휴 모드 좌식 소파베드 아이보리,145900,https://image.hanssem.com/hsimg/gds/1050/1071/1071649_A1.jpg?v=20250915132051
279,1083880,room_0001,fur_type0002,[특가~9/29]휴 모드 좌식 리클라이너 2인 단품(쿠션/방석 미포함),79900,https://image.hanssem.com/hsimg/gds/1050/1083/1083880_A1.jpg?v=20250915132054
280,992975,room_0001,fur_type0001,밀란 304 블랑 사이드테이블,130000,https://image.hanssem.com/hsimg/gds/1050/992/992975_A1.jpg?v=20240704141221
281,1079241,room_0001,fur_type0001,재크 700 라운드 좌식테이블,52900,https://image.hanssem.com/hsimg/gds/1050/1079/1079241_A1.jpg?v=20250915132051
282,737704,room_0001,fur_type0001,클린트 모던 높은 거실장 80cm 일반형 수납장 (3종 택1),169000,https://image.hanssem.com/hsimg/gds/1050/737/737704_A1.jpg?v=20250113101140
283,1069121,room_0001,fur_type0002,휴 컴포트 좌식의자,49900,https://image.hanssem.com/hsimg/gds/1050/1069/1069121_A1.jpg?v=20250915132051
284,993728,room_0001,fur_type0002,바흐709 토브 소파 대쿠션,102000,https://image.hanssem.com/hsimg/gds/1050/993/993728_A1.jpg?v=20240315151724
285,1062621,room_0001,fur_type0001,플래지어 프링글 소파테이블,456000,https://image.hanssem.com/hsimg/gds/1050/1062/1062621_A1.jpg?v=20250804101314
286,1068567,room_0001,fur_type0002,휴 모드 좌식 리클라이너 2인 세트(쿠션/방석 포함),99000,https://image.hanssem.com/hsimg/gds/1050/1068/1068567_A1.jpg?v=20250915132051
287,1062630,room_0001,fur_type0001,플래지어 어바노 유리 소파테이블,369000,https://image.hanssem.com/hsimg/gds/1050/1062/1062630_A1.jpg?v=20250804101314
288,688055,room_0001,fur_type0001,클린트 모던 거실장 180cm 오픈형(3종/택1),235000,https://image.hanssem.com/hsimg/gds/1050/688/688055_A1.jpg?v=20250113101140
289,145700,room_0001,fur_type0001,클린트2 거실장 180cm 북유럽형(3종/택1),195000,https://image.hanssem.com/hsimg/gds/1050/145/145700_A1.jpg?v=20250804101310
290,737686,room_0001,fur_type0002,브리오 이태리 천연가죽 4인용 소파 (3종 택1),1499000,https://image.hanssem.com/hsimg/gds/1050/737/737686_A1.jpg?v=20250827143637
291,688057,room_0001,fur_type0001,클린트 모던 사이드테이블(4종 택1),59900,https://image.hanssem.com/hsimg/gds/1050/688/688057_A1.jpg?v=20250804101311
292,940022,room_0001,fur_type0002,MVME 노마딕 천연가죽 리클라이너 소파 4인,2799000,https://image.hanssem.com/hsimg/gds/1050/940/940022_A1.jpg?v=20250828113309
293,1076834,room_0001,fur_type0002,뉴인피니 모드 에코크레아 패브릭 소파 스툴(5종/택1),450000,https://image.hanssem.com/hsimg/gds/1050/1076/1076834_A1.jpg?v=20250103142540
294,993726,room_0001,fur_type0002,바흐709 토브 소파 스툴,358000,https://image.hanssem.com/hsimg/gds/1050/993/993726_A1.jpg?v=20240509101640
295,1019516,room_0001,fur_type0002,선데이 패브릭소파 스툴 트위드 원단,950000,https://image.hanssem.com/hsimg/gds/1050/1019/1019516_A1.jpg?v=20241022155949
296,994735,room_0001,fur_type0002,레이어드 패브릭 소파 3인 부클 원단 (4종/택1),1340000,https://image.hanssem.com/hsimg/gds/1050/994/994735_A1.jpg?v=20250804101312
297,992994,room_0001,fur_type0001,유로 503 파사드 거실장 유리상판 2160,167000,https://image.hanssem.com/hsimg/gds/1050/992/992994_A1.jpg?v=20231121084653
298,1027335,room_0001,fur_type0002,리도 천연가죽 소파 3인용,828000,https://image.hanssem.com/hsimg/gds/1050/1027/1027335_A1.jpg?v=20250804101313
299,1018478,room_0001,fur_type0002,[20만원 할인]MVME 키안티 부클아이보리 패브릭 리클라이너 3인,2290000,https://image.hanssem.com/hsimg/gds/1050/1018/1018478_A1.jpg?v=20250804101313
300,995040,room_0001,fur_type0002,레이어드 패브릭 소파 암리스 커버 (3종/택1),175000,https://image.hanssem.com/hsimg/gds/1050/995/995040_A1.jpg?v=20250820155155
301,1059893,room_0001,fur_type0001,플리츠 거실장 210cm 오트밀,649000,https://image.hanssem.com/hsimg/gds/1050/1059/1059893_A1.jpg?v=20250804101314
302,821210,room_0001,fur_type0001,클린트 어반 180cm 거실장 일반형 (3종 택1),299000,https://image.hanssem.com/hsimg/gds/1050/821/821210_A1.jpg?v=20250804101312
303,1075311,room_0001,fur_type0001,아카이브 150cm 거실장 (2종 택1),519000,https://image.hanssem.com/hsimg/gds/550/1075/1075311_A1.jpg?v=20250804101314
304,1099774,room_0001,fur_type0002,도도 부클 패브릭 암체어(2종/택1),308000,https://image.hanssem.com/hsimg/gds/1050/1099/1099774_A1.jpg?v=20250610141227
305,1099100,room_0001,fur_type0002,스위브 에코크레아 패브릭 스윙소파 3인용(5종/택1),2469000,https://image.hanssem.com/hsimg/gds/1050/1099/1099100_A1.jpg?v=20250909131940
306,1095198,room_0001,fur_type0001,[웰컴딜 전용]468라운드 사이드테이블,29000,https://image.hanssem.com/hsimg/gds/550/1095/1095198_A1.jpg?v=20250306155525
307,1001540,room_0001,fur_type0002,[20만원 할인]MVME 고다 슬림 천연가죽 리클라이너 3.5인용,3495000,https://image.hanssem.com/hsimg/gds/1050/1001/1001540_A1.jpg?v=20250804101313
308,992992,room_0001,fur_type0001,유로 503 파사드 거실장 유리상판 450,46000,https://image.hanssem.com/hsimg/gds/1050/992/992992_A1.jpg?v=20231121084653
309,737706,room_0001,fur_type0001,클린트 모던 협탁 사이드 테이블(3종 택1),135000,https://image.hanssem.com/hsimg/gds/1050/737/737706_A1.jpg?v=20250804101311
310,993875,room_0001,fur_type0001,유로 503 파사드 듀얼 거실장 2000,656000,https://image.hanssem.com/hsimg/gds/1050/993/993875_A1.jpg?v=20240404142757
311,1091145,room_0001,fur_type0001,재크 라운드 테이블 매트 400,12900,https://image.hanssem.com/hsimg/gds/1050/1091/1091145_A1.jpg?v=20250915132052
312,1021356,room_0001,fur_type0002,네피 패브릭 소파 3인 린넨 에디션,2349000,https://image.hanssem.com/hsimg/gds/1050/1021/1021356_A1.jpg?v=20240509133142
313,1049200,room_0001,fur_type0001,블랑 루버 보조수납장 500 낮은장,170000,https://image.hanssem.com/hsimg/gds/1050/1049/1049200_A1.jpg?v=20250210171925
314,822926,room_0001,fur_type0001,클린트 어반 수납장 80cm,150000,https://image.hanssem.com/hsimg/gds/1050/822/822926_A1.jpg?v=20250113101141
315,1021381,room_0001,fur_type0001,오브제 글라스 사이드장 월넛 900,1490000,https://image.hanssem.com/hsimg/gds/1050/1021/1021381_A1.jpg?v=20240710143149
316,1070295,room_0001,fur_type0002,플랩 패브릭 소파 4인용 (크림베이지),1978000,https://image.hanssem.com/hsimg/gds/1050/1070/1070295_A1.jpg?v=20241118152842
317,1113256,room_0001,fur_type0002,MVME 포지 패브릭 리클라이너 소파 4인 크림베이지,2290000,https://image.hanssem.com/hsimg/gds/1050/1113/1113256_A1.jpg?v=20250925112806
318,993176,room_0001,fur_type0002,유로 601 키안티 소파 가죽쿠션,50000,https://image.hanssem.com/hsimg/gds/1050/993/993176_A1.jpg?v=20250828102346
319,1021355,room_0001,fur_type0002,네피 패브릭 소파 4인 린넨 에디션,2799000,https://image.hanssem.com/hsimg/gds/1050/1021/1021355_A1.jpg?v=20240509133142
320,1021881,room_0001,fur_type0002,퍼즈 천연가죽 소파 3인용 라이트베이지,2155000,https://image.hanssem.com/hsimg/gds/1050/1021/1021881_A1.jpg?v=20240509133142
321,1021379,room_0001,fur_type0001,오브제 글로시 거실장 2000,1770000,https://image.hanssem.com/hsimg/gds/1050/1021/1021379_A1.jpg?v=20240710143149
322,993725,room_0001,fur_type0002,바흐 709 토브 소파 암리스(2종/택1),576000,https://image.hanssem.com/hsimg/gds/1050/993/993725_A1.jpg?v=20240628111837
323,786844,room_0001,fur_type0002,모아 모듈형 패브릭소파 와이드 4인 카우치형,866000,https://image.hanssem.com/hsimg/gds/1050/786/786844_A1.jpg?v=20250804101311
324,1021377,room_0001,fur_type0001,오브제 글라스 거실장 월넛 2000,2050000,https://image.hanssem.com/hsimg/gds/1050/1021/1021377_A1.jpg?v=20240710143149
325,992489,room_0001,fur_type0002,밀란 201 머랭 소파,373000,https://image.hanssem.com/hsimg/gds/1050/992/992489_A1.jpg?v=20241223105028
326,688054,room_0001,fur_type0001,클린트 모던 거실장 120cm 서랍형(3종/택1),169000,https://image.hanssem.com/hsimg/gds/1050/688/688054_A1.jpg?v=20250804101311
327,817732,room_0001,fur_type0002,아르떼 천연가죽 소파 3인(2종/택1),1099000,https://image.hanssem.com/hsimg/gds/1050/817/817732_A1.jpg?v=20250821113305
328,775672,room_0001,fur_type0002,(아울렛)MVME 프라임 노블 천연면피가죽 전동 리클라이너 소파 4인,1144000,https://image.hanssem.com/hsimg/gds/1050/775/775672_A1.jpg?v=20250908160713
329,888246,room_0001,fur_type0002,보네르 모듈형 패브릭소파 암리스(2종/택1),324500,https://image.hanssem.com/hsimg/gds/1050/888/888246_A1.jpg?v=20250918164417
330,993720,room_0001,fur_type0002,바흐 709 토브 소파 3인용(4종/택1),2111000,https://image.hanssem.com/hsimg/gds/1050/993/993720_A1.jpg?v=20241004180225
331,822937,room_0001,fur_type0001,클린트 어반 매거진랙 수납장 200cm (수납장80cm+매거진랙 수납장120cm_북진열대형),420000,https://image.hanssem.com/hsimg/gds/1050/822/822937_A1.jpg?v=20250113101141
332,885923,room_0001,fur_type0001,클린트 어반 높이조절 리프트업 소파테이블 140cm (3종 택1),455000,https://image.hanssem.com/hsimg/gds/1050/885/885923_A1.jpg?v=20250804101312
333,1062610,room_0001,fur_type0001,플래지어 라고네 소파테이블(2종/택1),285000,https://image.hanssem.com/hsimg/gds/1050/1062/1062610_A1.jpg?v=20250923102748
334,1014305,room_0001,fur_type0002,선데이 패브릭소파 4인용 SIC원단(2종/택1),2930000,https://image.hanssem.com/hsimg/gds/1050/1014/1014305_A1.jpg?v=20250421160702
335,1099101,room_0001,fur_type0002,스위브 에코크레아 패브릭 스윙소파 4인용(5종/택1),2849000,https://image.hanssem.com/hsimg/gds/1050/1099/1099101_A1.jpg?v=20250909131846
336,1017262,room_0001,fur_type0002,포네플러스 패브릭소파 3인용,1460000,https://image.hanssem.com/hsimg/gds/1050/1017/1017262_A1.jpg?v=20240712152924
337,1062162,room_0001,fur_type0002,럼피 패브릭 소파 3인용(2종/택1),1520000,https://image.hanssem.com/hsimg/gds/1050/1062/1062162_A1.jpg?v=20250512131348
338,955436,room_0001,fur_type0002,엠마 컴포트 천연가죽 스툴(3종/택1),225000,https://image.hanssem.com/hsimg/gds/1050/955/955436_A1.jpg?v=20250113101138
339,1065612,room_0001,fur_type0002,뉴플루드 천연가죽 소파 3인용(2종/택1),1899000,https://image.hanssem.com/hsimg/gds/1050/1065/1065612_A1.jpg?v=20250103141602
340,998964,room_0001,fur_type0001,아카이브 200cm 거실장 (2종 택1),579000,https://image.hanssem.com/hsimg/gds/1050/998/998964_A1.jpg?v=20250804101313
341,1023288,room_0001,fur_type0002,MVME 프라임 리츠 홈바형 천연가죽 리클라이너 소파 4인 그레이 에디션,1999000,https://image.hanssem.com/hsimg/gds/1050/1023/1023288_A1.jpg?v=20250804101313
342,993695,room_0001,fur_type0002,MVME 루아 패브릭 리클라이너 4인,2539000,https://image.hanssem.com/hsimg/gds/1050/993/993695_A1.jpg?v=20240930100337
343,1001542,room_0001,fur_type0002,[20만원 할인]MVME 고다 슬림 천연가죽 리클라이너 3인용,2985000,https://image.hanssem.com/hsimg/gds/1050/1001/1001542_A1.jpg?v=20250804101313
344,1021363,room_0001,fur_type0002,네피 패브릭 소파 암리스 포인트 에디션,645000,https://image.hanssem.com/hsimg/gds/1050/1021/1021363_A1.jpg?v=20240509101012
345,1021380,room_0001,fur_type0001,오브제 글라스 사이드장 루나화이트/딥그린 900,1590000,https://image.hanssem.com/hsimg/gds/1050/1021/1021380_A1.jpg?v=20240710143149
346,993873,room_0001,fur_type0001,유로 503 파사드 듀얼 거실장 3000,1062000,https://image.hanssem.com/hsimg/gds/1050/993/993873_A1.jpg?v=20240321170127
347,1031838,room_0001,fur_type0002,바흐 709 토브 소파 컴팩트 3인용,1883000,https://image.hanssem.com/hsimg/gds/1050/1031/1031838_A1.jpg?v=20250903154008
348,993478,room_0001,fur_type0001,밀란 카린 사이드테이블(3종/택1),87000,https://image.hanssem.com/hsimg/gds/1050/993/993478_A1.jpg?v=20250806135949
349,992747,room_0001,fur_type0001,유로 503 파사드 거실장 보조수납장 450,147000,https://image.hanssem.com/hsimg/gds/1050/992/992747_A1.jpg?v=20250116104049
350,1027331,room_0001,fur_type0002,리도 천연가죽 소파 4인용,1158000,https://image.hanssem.com/hsimg/gds/1050/1027/1027331_A1.jpg?v=20250804101313
351,993093,room_0001,fur_type0002,코타 천연가죽 소파 3인용,759000,https://image.hanssem.com/hsimg/gds/1050/993/993093_A1.jpg?v=20250804101312
352,1017764,room_0001,fur_type0002,레이어드 패브릭 소파 3인오픈(암리스) 에페원단 (2종/택1),1170000,https://image.hanssem.com/hsimg/gds/1050/1017/1017764_A1.jpg?v=20250820154423
353,1076831,room_0001,fur_type0002,뉴인피니 모드 에코크레아 패브릭 3인 소파(5종/택1),1804000,https://image.hanssem.com/hsimg/gds/1050/1076/1076831_A1.jpg?v=20250103142108
354,1018490,room_0001,fur_type0002,[30만원 할인]MVME 키안티 부클아이보리 패브릭 리클라이너 4인,2890000,https://image.hanssem.com/hsimg/gds/1050/1018/1018490_A1.jpg?v=20250804101313
355,995043,room_0001,fur_type0002,레이어드 패브릭 소파 테이블 (2종/택1),60000,https://image.hanssem.com/hsimg/gds/1050/995/995043_A1.jpg?v=20250113101138
356,688059,room_0001,fur_type0001,클린트 모던 거실테이블(4종 택1),89000,https://image.hanssem.com/hsimg/gds/1050/688/688059_A1.jpg?v=20250804101311
357,992271,room_0001,fur_type0002,유로 403 스테이 천연가죽 소파 3인(3종/택1),949000,https://image.hanssem.com/hsimg/gds/1050/992/992271_A1.jpg?v=20250804101312
358,992490,room_0001,fur_type0002,밀란 202 쉘 소파,399000,https://image.hanssem.com/hsimg/gds/1050/992/992490_A1.jpg?v=20240628104638
359,993729,room_0001,fur_type0002,바흐 709 토브 소파 사각쿠션(2종/택1),39000,https://image.hanssem.com/hsimg/gds/1050/993/993729_A1.jpg?v=20240424110117
360,1062612,room_0001,fur_type0001,플래지어 아티피코 소파테이블(2종/택1),351000,https://image.hanssem.com/hsimg/gds/1050/1062/1062612_A1.jpg?v=20250804101314
361,1099111,room_0001,fur_type0002,스위브 에코크레아 패브릭 스윙소파 스툴(5종/택1),395000,https://image.hanssem.com/hsimg/gds/1050/1099/1099111_A1.jpg?v=20250630152600
362,1031934,room_0001,fur_type0002,베이크 패브릭소파 3인,549000,https://image.hanssem.com/hsimg/gds/1050/1031/1031934_A1.jpg?v=20250804101313
363,1064857,room_0002,fur_type0003,위드 세라믹 4인 식탁세트 1400(슬림의자4포함),689000,https://image.hanssem.com/hsimg/gds/1050/1064/1064857_A1.jpg?v=20250908100848
364,637676,room_0002,fur_type0004,아망 체어 (3종/택1),55900,https://image.hanssem.com/hsimg/gds/550/637/637676_A1.jpg?v=20250915132053
365,1121771,room_0002,fur_type0004,(아울렛) 포레 내추럴 벤치 의자 DIY,66000,https://image.hanssem.com/hsimg/gds/550/1121/1121771_A1.jpg?v=20250923125637
366,1010806,room_0002,fur_type0003,도노 내추럴 세라믹 6인 쉘베이지 상판 식탁세트(컴피 의자4 포함),957000,https://image.hanssem.com/hsimg/gds/1050/1010/1010806_A1.jpg?v=20250822181956
367,1063910,room_0002,fur_type0004,(아울렛) 어반 크롬의자(3종/택1),88000,https://image.hanssem.com/hsimg/gds/550/1063/1063910_A1.jpg?v=20250923125637
368,1010805,room_0002,fur_type0003,도노 내추럴 세라믹 4인 쉘베이지 상판 식탁세트(컴피 의자4 포함),907000,https://image.hanssem.com/hsimg/gds/1050/1010/1010805_A1.jpg?v=20250822181956
369,923656,room_0002,fur_type0003,미나 다용도트레이 라운드형,42000,https://image.hanssem.com/hsimg/gds/1050/923/923656_A1.jpg?v=20250205094903
370,865077,room_0002,fur_type0003,도노 세라믹 어반 4인 식탁(의자미포함),785000,https://image.hanssem.com/hsimg/gds/1050/865/865077_A1.jpg?v=20250626174744
371,1118298,room_0002,fur_type0003,리브업 6인 모션 테이블 1750,1030000,https://image.hanssem.com/hsimg/gds/1050/1118/1118298_A1.jpg?v=20250926151206
372,993130,room_0002,fur_type0004,유로602 오슬로 그레이 컴포트벤치 1600,490000,https://image.hanssem.com/hsimg/gds/1050/993/993130_A1.jpg?v=20250221094550
373,993128,room_0002,fur_type0003,유로 602 오슬로 6인 식탁 1800(의자 미포함),713000,https://image.hanssem.com/hsimg/gds/1050/993/993128_A1.jpg?v=20250806141945
374,948298,room_0002,fur_type0003,미나 스테인리스 사각 2인 800 식탁,505000,https://image.hanssem.com/hsimg/gds/1050/948/948298_A1.jpg?v=20250908100849
375,865076,room_0002,fur_type0003,도노 어반 세라믹 식탁세트 6인용(슬림의자4 포함),1223000,https://image.hanssem.com/hsimg/gds/1050/865/865076_A1.jpg?v=20250627095421
376,1057905,room_0002,fur_type0003,우디 필로티 화이트식탁 6인 1700(의자 미포함),418000,https://image.hanssem.com/hsimg/gds/1050/1057/1057905_A1.jpg?v=20250908100851
377,1114005,room_0002,fur_type0003,라모 스틸 4인 세라믹 둥근사각형식탁 1350 (의자미포함),815000,https://image.hanssem.com/hsimg/gds/1050/1114/1114005_A1.jpg?v=20250808112655
378,819876,room_0002,fur_type0004,포레 컴포트 코너 벤치의자,355000,https://image.hanssem.com/hsimg/gds/1050/819/819876_A1.jpg?v=20250908100849
379,923649,room_0002,fur_type0003,미나 스틸 사각 4인 1400 식탁,279000,https://image.hanssem.com/hsimg/gds/1050/923/923649_A1.jpg?v=20250908100849
380,788931,room_0002,fur_type0003,도노 세라믹 식탁세트 스칸디 4인용(의자4 포함),907000,https://image.hanssem.com/hsimg/gds/1050/788/788931_A1.jpg?v=20250908100847
381,1038785,room_0002,fur_type0003,라모 스틸 세라믹 4인 둥근사각식탁세트 (어반의자4 포함),1335000,https://image.hanssem.com/hsimg/gds/1050/1038/1038785_A1.jpg?v=20250808095949
382,1024476,room_0002,fur_type0003,"투티 6인 낮은 식탁세트(스틸의자2, 2인의자1 포함)",783000,https://image.hanssem.com/hsimg/gds/1050/1024/1024476_A1.jpg?v=20250917141038
383,891273,room_0002,fur_type0003,"[특가~9/29](new시즌컬러)  포레 컴포트 6인 라운지세트 (벤치1, 코너벤치1, PP의자2 포함)",1118000,https://image.hanssem.com/hsimg/gds/1050/891/891273_A1.jpg?v=20250908100849
384,1053453,room_0002,fur_type0004,(아울렛) 라모 스틸 식탁의자 (2종/택1),87000,https://image.hanssem.com/hsimg/gds/550/1053/1053453_A1.jpg?v=20250923125637
385,1038782,room_0002,fur_type0003,라모 스틸 세라믹 4인 둥근사각식탁세트 (미나의자4 포함),1391000,https://image.hanssem.com/hsimg/gds/1050/1038/1038782_A1.jpg?v=20250808095949
386,943972,room_0002,fur_type0003,미나 내추럴 사각 2인 800 식탁,209000,https://image.hanssem.com/hsimg/gds/1050/943/943972_A1.jpg?v=20250908100849
387,1024467,room_0002,fur_type0004,투티 스틸 벤치형 의자(2종/택1),110000,https://image.hanssem.com/hsimg/gds/1050/1024/1024467_A1.jpg?v=20250917142011
388,993561,room_0002,fur_type0004,유로 603 일리스 스퀘어 식탁 의자,217000,https://image.hanssem.com/hsimg/gds/1050/993/993561_A1.jpg?v=20250221095439
389,630871,room_0002,fur_type0004,[55딜]모도 높이조절 바체어(3종/택1),55000,https://image.hanssem.com/hsimg/gds/550/630/630871_A1.jpg?v=20250915132053
390,993169,room_0002,fur_type0004,유로503 디아고 이노레더 식탁의자,104000,https://image.hanssem.com/hsimg/gds/1050/993/993169_A1.jpg?v=20240805154106
391,993748,room_0002,fur_type0003,바흐 802 리니아 세라믹 식탁 2000,2244000,https://image.hanssem.com/hsimg/gds/1050/993/993748_A1.jpg?v=20250623132447
392,993758,room_0002,fur_type0004,유로604 로쉬 오트밀 식탁의자,121000,https://image.hanssem.com/hsimg/gds/1050/993/993758_A1.jpg?v=20250221105511
393,1054798,room_0002,fur_type0003,"도노 내추럴 세라믹 와이드4인 타원식탁세트 (컴피의자2, 벤치1 포함)",867000,https://image.hanssem.com/hsimg/gds/1050/1054/1054798_A1.jpg?v=20250908100847
394,923651,room_0002,fur_type0003,미나 스틸 타원형 6인 1600 식탁,299000,https://image.hanssem.com/hsimg/gds/1050/923/923651_A1.jpg?v=20250908100849
395,993127,room_0002,fur_type0003,유로 602 오슬로 4인 식탁 1400 (의자 미포함),636000,https://image.hanssem.com/hsimg/gds/1050/993/993127_A1.jpg?v=20250221094208
396,1038774,room_0002,fur_type0003,라모 스틸 4인 세라믹 타원형식탁 1500 (의자미포함),815000,https://image.hanssem.com/hsimg/gds/1050/1038/1038774_A1.jpg?v=20250808095949
397,943982,room_0002,fur_type0004,미나 라운드 식탁의자(5종/택1),109000,https://image.hanssem.com/hsimg/gds/1050/943/943982_A1.jpg?v=20250908100852
398,374626,room_0002,fur_type0004,포레 내추럴 벤치 의자 DIY,89000,https://image.hanssem.com/hsimg/gds/1050/374/374626_A1.jpg?v=20250908100851
399,943975,room_0002,fur_type0003,미나 내추럴 사각 4인 1200 식탁,275000,https://image.hanssem.com/hsimg/gds/1050/943/943975_A1.jpg?v=20250908100849
400,1054786,room_0002,fur_type0003,도노 내추럴 세라믹 와이드4인 식탁세트 (스칸디의자4 포함),937000,https://image.hanssem.com/hsimg/gds/1050/1054/1054786_A1.jpg?v=20250908100847
401,1057916,room_0002,fur_type0003,우디 필로티 화이트 식탁세트 6인 1700(어반의자4 포함),1314000,https://image.hanssem.com/hsimg/gds/1050/1057/1057916_A1.jpg?v=20240927105750
402,447761,room_0002,fur_type0004,시오 체어 1+1 (4종/택1),49900,https://image.hanssem.com/hsimg/gds/550/447/447761_A1.jpg?v=20250915132052
403,1050991,room_0002,fur_type0003,"도노 어반 리빙다이닝 6인 라운지세트 (180벤치, 코너벤치 포함)",2409000,https://image.hanssem.com/hsimg/gds/1050/1050/1050991_A1.jpg?v=20250627094835
404,1057913,room_0002,fur_type0003,우디 필로티 화이트 식탁세트 4인 1400(우디의자4 포함),764000,https://image.hanssem.com/hsimg/gds/1050/1057/1057913_A1.jpg?v=20250908100851
405,634099,room_0002,fur_type0004,1+1 허드 가죽 체어(3종/택1),85900,https://image.hanssem.com/hsimg/gds/550/634/634099_A1.jpg?v=20250915132052
406,1062634,room_0002,fur_type0004,(아울렛) 우디 식탁의자(2종/택1),86000,https://image.hanssem.com/hsimg/gds/550/1062/1062634_A1.jpg?v=20250923125637
407,993750,room_0002,fur_type0004,바흐802 리니아 슬림 식탁의자,258000,https://image.hanssem.com/hsimg/gds/1050/993/993750_A1.jpg?v=20250221100815
408,1054791,room_0002,fur_type0003,"도노 내추럴 세라믹 와이드4인 식탁세트  (컴피의자2, 벤치1 포함)",867000,https://image.hanssem.com/hsimg/gds/1050/1054/1054791_A1.jpg?v=20250908100847
409,883381,room_0002,fur_type0005,모디 주방수납 카페장 100cm 가전형 (6종 택1),428120,https://image.hanssem.com/hsimg/gds/1050/883/883381_A1.jpg?v=20250908100852
410,993755,room_0002,fur_type0004,유로 604 로쉬 오트밀 라운지벤치1700,836000,https://image.hanssem.com/hsimg/gds/1050/993/993755_A1.jpg?v=20250221102207
411,923655,room_0002,fur_type0003,미나 다용도트레이 와이드형,48000,https://image.hanssem.com/hsimg/gds/1050/923/923655_A1.jpg?v=20250205094903
412,1118339,room_0002,fur_type0003,"리브업 세라믹 모션 리빙다이닝 와이드4인 라운지세트(180벤치, 90벤치, 코너벤치 포함)",2960000,https://image.hanssem.com/hsimg/gds/1050/1118/1118339_A1.jpg?v=20250926151207
413,909842,room_0002,fur_type0003,도노 새틴글래스 엣지 4인 식탁 세트 (위드의자4 포함),769000,https://image.hanssem.com/hsimg/gds/1050/909/909842_A1.jpg?v=20250908100848
414,1024475,room_0002,fur_type0003,"투티 6인 낮은 식탁세트(스틸의자2, 벤치1 포함)",698000,https://image.hanssem.com/hsimg/gds/1050/1024/1024475_A1.jpg?v=20250917141154
415,948303,room_0002,fur_type0003,미나 스테인리스 반타원 4인 1400 식탁,565000,https://image.hanssem.com/hsimg/gds/1050/948/948303_A1.jpg?v=20250908100849
416,823609,room_0002,fur_type0003,"[특가~9/29]포레 컴포트 6인 라운지세트 (벤치1, 코너벤치1, PP의자2 포함)",1118000,https://image.hanssem.com/hsimg/gds/1050/823/823609_A1.jpg?v=20250911100014
417,1117451,room_0002,fur_type0004,1+1 허드 패브릭 체어(2종/택1),189000,https://image.hanssem.com/hsimg/gds/1050/1117/1117451_A1.jpg?v=20250911102913
418,1064859,room_0002,fur_type0003,위드 세라믹  6인 식탁세트 1750(슬림의자4포함),749000,https://image.hanssem.com/hsimg/gds/1050/1064/1064859_A1.jpg?v=20250911100014
419,1061354,room_0002,fur_type0004,(아울렛) 포레 컴포트 원목 식탁의자(2개입),146000,https://image.hanssem.com/hsimg/gds/550/1061/1061354_A1.jpg?v=20250923125637
420,865073,room_0002,fur_type0003,도노 어반 세라믹 식탁세트 4인용(슬림의자4 포함),1129000,https://image.hanssem.com/hsimg/gds/1050/865/865073_A1.jpg?v=20250626174450
421,823611,room_0002,fur_type0003,포레 컴포트 6인 식탁세트 (PP의자4 포함),499000,https://image.hanssem.com/hsimg/gds/1050/823/823611_A1.jpg?v=20250908100848
422,1038781,room_0002,fur_type0003,라모 스틸 세라믹 4인 타원식탁세트 (미나의자4 포함),1371000,https://image.hanssem.com/hsimg/gds/1050/1038/1038781_A1.jpg?v=20250808095949
423,819875,room_0002,fur_type0004,포레 컴포트 1650 벤치의자,410000,https://image.hanssem.com/hsimg/gds/1050/819/819875_A1.jpg?v=20250908100849
424,943978,room_0002,fur_type0003,미나 내추럴 타원형 6인 1600 식탁,319000,https://image.hanssem.com/hsimg/gds/1050/943/943978_A1.jpg?v=20250908100849
425,993131,room_0002,fur_type0004,유로602 오슬로 그레이 컴포트벤치 코너형1400,563000,https://image.hanssem.com/hsimg/gds/1050/993/993131_A1.jpg?v=20250806142247
426,1024466,room_0002,fur_type0004,투티 스틸 2인 식탁의자(2종/택1),195000,https://image.hanssem.com/hsimg/gds/1050/1024/1024466_A1.jpg?v=20250917142127
427,967126,room_0002,fur_type0004,[특가~9/29]모던스퀘어 높이조절 바체어 화이트/브라운,45900,https://image.hanssem.com/hsimg/gds/550/967/967126_A1.jpg?v=20250915132053
428,1001674,room_0002,fur_type0003,"도노 내추럴 세라믹 4인 식탁세트(컴피 의자2, 벤치1 포함)",837000,https://image.hanssem.com/hsimg/gds/1050/1001/1001674_A1.jpg?v=20250908100847
429,819867,room_0002,fur_type0003,"포레 컴포트 4인 라운지세트 (벤치1, 코너벤치1, 원목의자2 포함)",1094000,https://image.hanssem.com/hsimg/gds/1050/819/819867_A1.jpg?v=20250908100848
430,1024473,room_0002,fur_type0003,"투티 4인 낮은 식탁세트(스틸의자2, 2인의자1 포함)",733000,https://image.hanssem.com/hsimg/gds/1050/1024/1024473_A1.jpg?v=20250917141332
431,993172,room_0002,fur_type0003,유로 503 디아고 세라믹 와이드 4인 스틸식탁 1600(의자 미포함),902000,https://image.hanssem.com/hsimg/gds/1050/993/993172_A1.jpg?v=20250901142843
432,1118306,room_0002,fur_type0004,리브업 720 코너 벤치의자,470000,https://image.hanssem.com/hsimg/gds/1050/1118/1118306_A1.jpg?v=20250926151206
433,928597,room_0002,fur_type0005,라임 주방수납 가전수납장 80cm (4종 택1),485160,https://image.hanssem.com/hsimg/gds/1050/928/928597_A1.jpg?v=20250908100852
434,1053440,room_0002,fur_type0004,(아울렛) 유로 602 오슬로 암체어,69000,https://image.hanssem.com/hsimg/gds/550/1053/1053440_A1.jpg?v=20250923125637
435,1054797,room_0002,fur_type0003,"도노 내추럴 세라믹 와이드4인 타원식탁세트 (스칸디의자2, 벤치1 포함)",867000,https://image.hanssem.com/hsimg/gds/1050/1054/1054797_A1.jpg?v=20250908100847
436,1118304,room_0002,fur_type0004,리브업 1800 벤치의자,830000,https://image.hanssem.com/hsimg/gds/1050/1118/1118304_A1.jpg?v=20250926151206
437,948300,room_0002,fur_type0003,미나 스테인리스 반타원 2인 1000 식탁,525000,https://image.hanssem.com/hsimg/gds/1050/948/948300_A1.jpg?v=20250908100849
438,392156,room_0002,fur_type0003,베리 라이트 아일랜드식탁 테이블형(2종/택1),508000,https://image.hanssem.com/hsimg/gds/1050/392/392156_A1.jpg?v=20250911100014
439,909640,room_0002,fur_type0003,도노 엣지 세라믹 식탁세트 와이드4인용(위드의자4 포함),920000,https://image.hanssem.com/hsimg/gds/1050/909/909640_A1.jpg?v=20250908100848
440,1054778,room_0002,fur_type0003,도노 내추럴 세라믹 와이드4인 식탁 (의자미포함),539000,https://image.hanssem.com/hsimg/gds/1050/1054/1054778_A1.jpg?v=20250908100847
441,943983,room_0002,fur_type0004,미나 스툴의자(4종/택1),55000,https://image.hanssem.com/hsimg/gds/1050/943/943983_A1.jpg?v=20250908100852
442,993132,room_0002,fur_type0004,유로602 오슬로 식탁의자,115000,https://image.hanssem.com/hsimg/gds/1050/993/993132_A1.jpg?v=20250918141346
443,993717,room_0002,fur_type0003,유로603 일리스 세라믹 식탁 2000,1509000,https://image.hanssem.com/hsimg/gds/1050/993/993717_A1.jpg?v=20250901142843
444,1054779,room_0002,fur_type0003,도노 내추럴 세라믹 와이드4인 타원식탁 (의자미포함),539000,https://image.hanssem.com/hsimg/gds/1050/1054/1054779_A1.jpg?v=20250908100847
445,992750,room_0002,fur_type0003,4인 식탁 유리상판 1400,75000,https://image.hanssem.com/hsimg/gds/1050/992/992750_A1.jpg?v=20240805145608
446,1082448,room_0002,fur_type0003,볼릭 세라믹 6인 식탁 1750(의자 미포함),1208000,https://image.hanssem.com/hsimg/gds/1050/1082/1082448_A1.jpg?v=20250808095949
447,1057917,room_0002,fur_type0004,우디 식탁의자(2종/택1),95000,https://image.hanssem.com/hsimg/gds/1050/1057/1057917_A1.jpg?v=20250908100850
448,993754,room_0002,fur_type0003,유로 604 로쉬 식탁 1800,860000,https://image.hanssem.com/hsimg/gds/1050/993/993754_A1.jpg?v=20250221102122
449,992755,room_0002,fur_type0003,유로 503 디아고 4인 세라믹 원목식탁 1350  (의자 미포함),850000,https://image.hanssem.com/hsimg/gds/1050/992/992755_A1.jpg?v=20250901142843
450,819874,room_0002,fur_type0004,포레 컴포트 1100 벤치의자,315000,https://image.hanssem.com/hsimg/gds/1050/819/819874_A1.jpg?v=20250908100849
451,993671,room_0002,fur_type0003,밀란401 아티산 원목 식탁 1400 4인 식탁,558000,https://image.hanssem.com/hsimg/gds/1050/993/993671_A1.jpg?v=20250806142157
452,1038786,room_0002,fur_type0003,라모 스틸 세라믹 6인 식탁세트 (어반의자6 포함),1625000,https://image.hanssem.com/hsimg/gds/1050/1038/1038786_A1.jpg?v=20250808084916
453,1057914,room_0002,fur_type0003,우디 필로티 화이트 식탁세트 4인 1400(어반의자4 포함),1264000,https://image.hanssem.com/hsimg/gds/1050/1057/1057914_A1.jpg?v=20240927105750
454,993718,room_0002,fur_type0004,유로603 일리스 내추럴 스퀘어 식탁의자,217000,https://image.hanssem.com/hsimg/gds/1050/993/993718_A1.jpg?v=20250221132008
455,928607,room_0002,fur_type0005,라임 주방수납 렌지대 식탁 60cm (2종 택1) (의자 미포함),495200,https://image.hanssem.com/hsimg/gds/1050/928/928607_A1.jpg?v=20250908100852
456,992329,room_0002,fur_type0004,로하 6인 식탁벤치의자,151000,https://image.hanssem.com/hsimg/gds/1050/992/992329_A1.jpg?v=20240805144044
457,14651,room_0002,fur_type0005,코모 렌지대 화이트,195000,https://image.hanssem.com/hsimg/gds/1050/14/14651_A1.jpg?v=20250911100014
458,1057911,room_0002,fur_type0003,우디 필로티 원목 식탁세트 6인 1700(우디의자4 포함),914000,https://image.hanssem.com/hsimg/gds/1050/1057/1057911_A1.jpg?v=20250908100851
459,1061832,room_0002,fur_type0004,라모 원목 라운드 식탁의자 (2종/택1),210000,https://image.hanssem.com/hsimg/gds/1050/1061/1061832_A1.jpg?v=20240710084246
460,909641,room_0002,fur_type0003,도노 엣지 세라믹 식탁세트 6인용 (위드의자4 포함),959000,https://image.hanssem.com/hsimg/gds/1050/909/909641_A1.jpg?v=20250908100848
461,883383,room_0002,fur_type0005,모디 주방수납 하부장 100cm 가전형,349000,https://image.hanssem.com/hsimg/gds/1050/883/883383_A1.jpg?v=20250908100852
462,909639,room_0002,fur_type0003,도노 엣지 세라믹 식탁세트 4인용(위드의자4 포함),860000,https://image.hanssem.com/hsimg/gds/1050/909/909639_A1.jpg?v=20250908100848
463,1040861,room_0002,fur_type0003,"투티 4인 낮은 식탁세트 (스틸 2인의자1, 벤치1 포함)",623000,https://image.hanssem.com/hsimg/gds/1050/1040/1040861_A1.jpg?v=20250917140307
464,865080,room_0002,fur_type0004,"도노 슬림 식탁의자(2개입,2종/택1)",135000,https://image.hanssem.com/hsimg/gds/1050/865/865080_A1.jpg?v=20250911100014
465,1057918,room_0002,fur_type0004,어반 크롬의자(3종/택1),150000,https://image.hanssem.com/hsimg/gds/1050/1057/1057918_A1.jpg?v=20240424193559
466,923646,room_0002,fur_type0003,미나 스틸 원형 4인 1000 식탁,229000,https://image.hanssem.com/hsimg/gds/1050/923/923646_A1.jpg?v=20250908100849
467,1001676,room_0002,fur_type0003,"도노 내추럴 세라믹 6인 식탁세트(컴피 의자2, 벤치1 포함)",887000,https://image.hanssem.com/hsimg/gds/1050/1001/1001676_A1.jpg?v=20250908100847
468,613225,room_0002,fur_type0005,키친온 렌지대 테이블형 높은장 (2종/택1),569000,https://image.hanssem.com/hsimg/gds/1050/613/613225_A1.jpg?v=20250908100853
469,617343,room_0002,fur_type0003,포레 원목 4인식탁(의자 미포함) DIY,135000,https://image.hanssem.com/hsimg/gds/1050/617/617343_A1.jpg?v=20250908100851
470,1032624,room_0002,fur_type0004,투티 내추럴 벤치형 의자,110000,https://image.hanssem.com/hsimg/gds/1050/1032/1032624_A1.jpg?v=20250917140912
471,923652,room_0002,fur_type0003,미나 스틸 타원형 6인 1800 식탁,329000,https://image.hanssem.com/hsimg/gds/1050/923/923652_A1.jpg?v=20250908100849
472,1053442,room_0002,fur_type0004,(아울렛) 도노 어반 식탁의자(4종/택1),61000,https://image.hanssem.com/hsimg/gds/550/1053/1053442_A1.jpg?v=20250923125637
473,1050984,room_0002,fur_type0004,도노 어반 코너 벤치의자,725000,https://image.hanssem.com/hsimg/gds/1050/1050/1050984_A1.jpg?v=20240627093320
474,1053450,room_0002,fur_type0004,(아울렛) 유로 604 로쉬 오트밀  식탁의자,76000,https://image.hanssem.com/hsimg/gds/550/1053/1053450_A1.jpg?v=20250923125637
475,1118343,room_0002,fur_type0003,리브업 세라믹 모션 리빙다이닝 와이드4인 베이직세트(180벤치 포함),2110000,https://image.hanssem.com/hsimg/gds/1050/1118/1118343_A1.jpg?v=20250926151207
476,1023568,room_0002,fur_type0004,라탄체어/스툴,16900,https://image.hanssem.com/hsimg/gds/550/1023/1023568_A1.jpg?v=20250915132052
477,1050982,room_0002,fur_type0004,도노 어반 1300 벤치의자,685000,https://image.hanssem.com/hsimg/gds/1050/1050/1050982_A1.jpg?v=20240814144135
478,993749,room_0002,fur_type0003,바흐 802 리니아 세라믹 식탁 2000 와이드,2885000,https://image.hanssem.com/hsimg/gds/1050/993/993749_A1.jpg?v=20250926160401
479,993716,room_0002,fur_type0003,유로 603 일리스 세라믹 식탁  1600,1200000,https://image.hanssem.com/hsimg/gds/1050/993/993716_A1.jpg?v=20250901142843
480,943974,room_0002,fur_type0003,미나 내추럴 반타원 2인 1000 식탁,219000,https://image.hanssem.com/hsimg/gds/1050/943/943974_A1.jpg?v=20250908100849
481,1117450,room_0002,fur_type0004,허드 패브릭 체어(2종/택1),99000,https://image.hanssem.com/hsimg/gds/1050/1117/1117450_A1.jpg?v=20250911102913
482,1040862,room_0002,fur_type0003,"투티 6인 낮은 식탁세트 (스틸 2인의자1, 벤치1 포함)",673000,https://image.hanssem.com/hsimg/gds/1050/1040/1040862_A1.jpg?v=20250908100850
483,1053436,room_0002,fur_type0004,(아울렛) 밀란 302 메이 식탁의자 라운드,76000,https://image.hanssem.com/hsimg/gds/550/1053/1053436_A1.jpg?v=20250923125634
484,1057904,room_0002,fur_type0003,우디 필로티 화이트식탁 4인 1400(의자 미포함),408000,https://image.hanssem.com/hsimg/gds/1050/1057/1057904_A1.jpg?v=20250908100851
485,1064851,room_0002,fur_type0003,위드 세라믹 4인 식탁 1400(의자미포함),419000,https://image.hanssem.com/hsimg/gds/1050/1064/1064851_A1.jpg?v=20250908100848
486,992756,room_0002,fur_type0003,유로 503 디아고 6인 세라믹 원목식탁 1800 (의자 미포함),1085000,https://image.hanssem.com/hsimg/gds/1050/992/992756_A1.jpg?v=20250212155903
487,954677,room_0002,fur_type0005,라임 주방수납 가전수납장 80cm (와인잔걸이 포함) (2종 택1),512460,https://image.hanssem.com/hsimg/gds/1050/954/954677_A1.jpg?v=20250908100853
488,993759,room_0002,fur_type0004,유로604 로쉬 오트밀 식탁의자 기능형,142000,https://image.hanssem.com/hsimg/gds/1050/993/993759_A1.jpg?v=20250221111247
489,909234,room_0002,fur_type0003,도노 엣지 세라믹 식탁 와이드4인용(의자미포함),650000,https://image.hanssem.com/hsimg/gds/550/909/909234_A1.jpg?v=20250908100847
490,788936,room_0002,fur_type0003,"도노 세라믹 식탁세트 스칸디 6인용(의자2,벤치1 포함)",887000,https://image.hanssem.com/hsimg/gds/1050/788/788936_A1.jpg?v=20250908100847
491,891274,room_0002,fur_type0006,(new 시즌컬러)  포레 컴포트 2인 소파벤치세트 (식탁미포함),670000,https://image.hanssem.com/hsimg/gds/1050/891/891274_A1.jpg?v=20250908100849
492,948305,room_0002,fur_type0003,미나 스테인리스 분절사각 6인 1600 식탁,625000,https://image.hanssem.com/hsimg/gds/1050/948/948305_A1.jpg?v=20250908100849
493,655428,room_0002,fur_type0003,"포레 원목 6인 식탁세트(의자4 포함), DIY",475000,https://image.hanssem.com/hsimg/gds/1050/655/655428_A1.jpg?v=20250908100851
494,923653,room_0002,fur_type0003,미나 스틸 분절사각 6인 1600 식탁,329000,https://image.hanssem.com/hsimg/gds/1050/923/923653_A1.jpg?v=20250908100849
495,1118302,room_0002,fur_type0003,리브업 세라믹 6인 모션 테이블 1750,1350000,https://image.hanssem.com/hsimg/gds/1050/1118/1118302_A1.jpg?v=20250926151206
496,655427,room_0002,fur_type0003,"포레 원목 4인 식탁 벤치세트(벤치1,의자2 포함), DIY",369000,https://image.hanssem.com/hsimg/gds/1050/655/655427_A1.jpg?v=20250908100851
497,993560,room_0002,fur_type0003,유로 603 일리스 브라운 식탁 2000,1194000,https://image.hanssem.com/hsimg/gds/1050/993/993560_A1.jpg?v=20250221095127
498,891272,room_0002,fur_type0003,"(new시즌컬러)  포레 컴포트 6인 베이직세트 (벤치1, PP의자2 포함)",804000,https://image.hanssem.com/hsimg/gds/1050/891/891272_A1.jpg?v=20250908100848
499,943981,room_0002,fur_type0003,미나 내추럴 분절사각 6인 1800 식탁,379000,https://image.hanssem.com/hsimg/gds/1050/943/943981_A1.jpg?v=20250908100849
500,655429,room_0002,fur_type0004,미뉴엣 원목 식탁의자(2개입),145000,https://image.hanssem.com/hsimg/gds/1050/655/655429_A1.jpg?v=20250908100852
501,943980,room_0002,fur_type0003,미나 내추럴 타원형 6인 1800 식탁,349000,https://image.hanssem.com/hsimg/gds/1050/943/943980_A1.jpg?v=20250908100849
502,502261,room_0002,fur_type0004,[특가~9/29]허드 가죽 바체어 (2종/택1),55000,https://image.hanssem.com/hsimg/gds/550/502/502261_A1.jpg?v=20250915132053
503,1053441,room_0002,fur_type0004,"(아울렛) 도노 슬림 식탁의자(2개입,2종/택1)",115000,https://image.hanssem.com/hsimg/gds/550/1053/1053441_A1.jpg?v=20250923125637
504,1038784,room_0002,fur_type0003,라모 스틸 세라믹 4인 타원식탁세트 (어반의자4 포함),1315000,https://image.hanssem.com/hsimg/gds/1050/1038/1038784_A1.jpg?v=20250808095949
505,705829,room_0002,fur_type0004,도노 내추럴 벤치형 의자,129000,https://image.hanssem.com/hsimg/gds/1050/705/705829_A1.jpg?v=20250908100851
506,943977,room_0002,fur_type0003,미나 내추럴 반타원 4인 1400 식탁,305000,https://image.hanssem.com/hsimg/gds/1050/943/943977_A1.jpg?v=20250908100849
507,767303,room_0002,fur_type0005,재크플러스 철제 4단 다용도랙 800 (2종/택1),49900,https://image.hanssem.com/hsimg/gds/550/767/767303_A1.jpg?v=20250915132052
508,634370,room_0002,fur_type0004,[특가~9/29]1+1 모도 높이조절 유압식 바체어 (3종/택1),99000,https://image.hanssem.com/hsimg/gds/550/634/634370_A1.jpg?v=20250915132053
509,1064852,room_0002,fur_type0003,위드 세라믹 와이드4인 식탁 1600(의자미포함),449000,https://image.hanssem.com/hsimg/gds/1050/1064/1064852_A1.jpg?v=20250908100848
510,613221,room_0002,fur_type0005,키친온 아일랜드 식탁 높이74cm (2종/택1),395000,https://image.hanssem.com/hsimg/gds/1050/613/613221_A1.jpg?v=20250908100853
511,617344,room_0002,fur_type0003,포레 원목 2인식탁(의자 미포함) DIY,113000,https://image.hanssem.com/hsimg/gds/1050/617/617344_A1.jpg?v=20250908100851
512,819869,room_0002,fur_type0003,포레 컴포트 4인 식탁세트 (원목의자4 포함),589000,https://image.hanssem.com/hsimg/gds/1050/819/819869_A1.jpg?v=20250908100848
513,923650,room_0002,fur_type0003,미나 스틸 반타원 4인 1400 식탁,279000,https://image.hanssem.com/hsimg/gds/1050/923/923650_A1.jpg?v=20250908100849
514,891265,room_0002,fur_type0003,"(new시즌컬러)  포레 컴포트 4인 라운지세트 (벤치1, 코너벤치1, 원목의자2포함)",1094000,https://image.hanssem.com/hsimg/gds/1050/891/891265_A1.jpg?v=20250908100848
515,655425,room_0002,fur_type0003,"포레 원목 2인 식탁세트(의자2 포함), DIY",258000,https://image.hanssem.com/hsimg/gds/1050/655/655425_A1.jpg?v=20250911100014
516,1118300,room_0002,fur_type0003,리브업 세라믹 와이드 4인 모션 테이블 1600,1280000,https://image.hanssem.com/hsimg/gds/1050/1118/1118300_A1.jpg?v=20250926151206
517,613224,room_0002,fur_type0005,키친온 렌지대 테이블형 낮은장 (2종/택1),465000,https://image.hanssem.com/hsimg/gds/1050/613/613224_A1.jpg?v=20250908100853
518,943973,room_0002,fur_type0003,미나 내추럴 원형 4인 1000 식탁,219000,https://image.hanssem.com/hsimg/gds/1050/943/943973_A1.jpg?v=20250908100849
519,883382,room_0002,fur_type0005,모디 주방수납 카페장 100cm 수납형 12종 택1,426580,https://image.hanssem.com/hsimg/gds/1050/883/883382_A1.jpg?v=20250908100852
520,923645,room_0002,fur_type0003,미나 스틸 사각 2인 800 식탁,219000,https://image.hanssem.com/hsimg/gds/1050/923/923645_A1.jpg?v=20250911100014
521,705827,room_0002,fur_type0003,도노 세라믹 4인 식탁(의자미포함),509000,https://image.hanssem.com/hsimg/gds/1050/705/705827_A1.jpg?v=20250908100847
522,662535,room_0002,fur_type0004,1+1 아망 체어(3종 택1),109000,https://image.hanssem.com/hsimg/gds/550/662/662535_A1.jpg?v=20250915132052
523,823612,room_0002,fur_type0003,"포레 컴포트 4인 라운지세트 (벤치1, 코너벤치1, PP의자2 포함)",1034000,https://image.hanssem.com/hsimg/gds/1050/823/823612_A1.jpg?v=20250911100014
524,993171,room_0002,fur_type0003,유로 503 디아고 세라믹 4인 스틸식탁 1350(의자 미포함),849000,https://image.hanssem.com/hsimg/gds/1050/993/993171_A1.jpg?v=20250901142843
525,948306,room_0002,fur_type0003,미나 스테인리스 타원형 6인 1800 식탁,615000,https://image.hanssem.com/hsimg/gds/1050/948/948306_A1.jpg?v=20250908100849
526,909706,room_0002,fur_type0003,도노 새틴글래스 엣지 4인 식탁(의자미포함),499000,https://image.hanssem.com/hsimg/gds/550/909/909706_A1.jpg?v=20250908100848
527,948307,room_0002,fur_type0003,미나 스테인리스 분절사각 6인 1800 식탁,645000,https://image.hanssem.com/hsimg/gds/1050/948/948307_A1.jpg?v=20250908100849
528,1057900,room_0002,fur_type0003,우디 슬릿 6인 2000식탁(의자 미포함),1160000,https://image.hanssem.com/hsimg/gds/1050/1057/1057900_A1.jpg?v=20240424190648
529,1054788,room_0002,fur_type0003,도노 내추럴 세라믹 와이드4인 식탁세트 (컴피의자4 포함),937000,https://image.hanssem.com/hsimg/gds/1050/1054/1054788_A1.jpg?v=20250911100014
530,819873,room_0002,fur_type0004,포레 컴포트 3인 소파벤치세트 (식탁미포함),765000,https://image.hanssem.com/hsimg/gds/1050/819/819873_A1.jpg?v=20250908100849
531,948304,room_0002,fur_type0003,미나 스테인리스 타원형 6인 1600 식탁,595000,https://image.hanssem.com/hsimg/gds/1050/948/948304_A1.jpg?v=20250908100849
532,1024468,room_0002,fur_type0004,투티 스툴의자(2종/택1),69000,https://image.hanssem.com/hsimg/gds/1050/1024/1024468_A1.jpg?v=20250917141811
533,1103568,room_0002,fur_type0004,라이트 체어 패드형 2P (2종/택1),89900,https://image.hanssem.com/hsimg/gds/1050/1103/1103568_A1.jpg?v=20250915132054
534,993746,room_0002,fur_type0003,바흐 802 리니아 세라믹 식탁 1600,1961000,https://image.hanssem.com/hsimg/gds/1050/993/993746_A1.jpg?v=20250623132447
535,948301,room_0002,fur_type0003,미나 스테인리스 사각 4인 1200 식탁,550000,https://image.hanssem.com/hsimg/gds/1050/948/948301_A1.jpg?v=20250908100849
536,1001675,room_0002,fur_type0003,도노 내추럴 세라믹 6인 식탁세트(컴피 의자4 포함),957000,https://image.hanssem.com/hsimg/gds/1050/1001/1001675_A1.jpg?v=20250908100847
537,993476,room_0002,fur_type0004,밴드식탁의자,115000,https://image.hanssem.com/hsimg/gds/1050/993/993476_A1.jpg?v=20250314101350
538,993553,room_0002,fur_type0003,바흐 801 월넛 라이브엣지 식탁1600,2073000,https://image.hanssem.com/hsimg/gds/1050/993/993553_A1.jpg?v=20240823111252
539,819868,room_0002,fur_type0003,"포레 컴포트 4인 베이직세트 (벤치1, 원목의자2 포함)",739000,https://image.hanssem.com/hsimg/gds/1050/819/819868_A1.jpg?v=20250908100848
540,865078,room_0002,fur_type0003,도노 세라믹 어반 와이드4인 식탁(의자미포함),828000,https://image.hanssem.com/hsimg/gds/1050/865/865078_A1.jpg?v=20250627093613
541,891275,room_0002,fur_type0006,(new 시즌컬러)  포레 컴포트 3인 소파벤치세트 (식탁미포함),765000,https://image.hanssem.com/hsimg/gds/1050/891/891275_A1.jpg?v=20250908100849
542,1050986,room_0002,fur_type0003,"도노 어반 리빙다이닝 4인 라운지세트 (130벤치, 코너벤치 포함)",2195000,https://image.hanssem.com/hsimg/gds/1050/1050/1050986_A1.jpg?v=20250626173459
543,185742,room_0002,fur_type0003,머그 아일랜드 식탁(의자 미포함),229000,https://image.hanssem.com/hsimg/gds/1050/185/185742_A1.jpg?v=20250908100853
544,823613,room_0002,fur_type0003,"[특가~9/29]포레 컴포트 4인 베이직세트 (벤치1, PP의자2 포함)",648000,https://image.hanssem.com/hsimg/gds/1050/823/823613_A1.jpg?v=20250908100848
545,992309,room_0002,fur_type0004,위든 벤치의자,119000,https://image.hanssem.com/hsimg/gds/1050/992/992309_A1.jpg?v=20250908100853
546,1050985,room_0002,fur_type0003,도노 어반 리빙다이닝 4인 베이직세트 (130벤치 포함),1470000,https://image.hanssem.com/hsimg/gds/1050/1050/1050985_A1.jpg?v=20250626172558
547,1084735,room_0002,fur_type0003,[특가~9/29]위드 세라믹 4인 식탁세트 1400 (위드라운드의자4포함),787000,https://image.hanssem.com/hsimg/gds/1050/1084/1084735_A1.jpg?v=20250908100848
548,1064855,room_0002,fur_type0003,위드 세라믹 와이드4인 식탁세트 1600(위드의자4포함),719000,https://image.hanssem.com/hsimg/gds/1050/1064/1064855_A1.jpg?v=20250911100014
549,487623,room_0002,fur_type0004,위드 식탁의자 2개입(4종/택1),135000,https://image.hanssem.com/hsimg/gds/1050/487/487623_A1.jpg?v=20250908100852
550,613226,room_0002,fur_type0005,키친온 리빙수납장 수납형 낮은장 (2종/택1),409000,https://image.hanssem.com/hsimg/gds/1050/613/613226_A1.jpg?v=20250908100853
551,993757,room_0002,fur_type0004,유로 604 로쉬 오트밀 라운지벤치  1200,631000,https://image.hanssem.com/hsimg/gds/1050/993/993757_A1.jpg?v=20250221102452
552,1061909,room_0002,fur_type0003,바흐 701 인칸토 4인 세라믹 식탁 1600 고급형 (의자 미포함),1649000,https://image.hanssem.com/hsimg/gds/1050/1061/1061909_A1.jpg?v=20250901142843
553,634100,room_0002,fur_type0004,[특가~9/29]1+1 허드 가죽 바체어(2종/택1),109000,https://image.hanssem.com/hsimg/gds/550/634/634100_A1.jpg?v=20250915132053
554,1050989,room_0002,fur_type0003,도노 어반 리빙다이닝 6인 베이직세트 (180벤치 포함),1684000,https://image.hanssem.com/hsimg/gds/1050/1050/1050989_A1.jpg?v=20250627094319
555,1117454,room_0002,fur_type0004,ABS 미니스툴(2종/택1),49900,https://image.hanssem.com/hsimg/gds/1050/1117/1117454_A1.jpg?v=20250919092749
556,1118342,room_0002,fur_type0003,리브업 모션 리빙다이닝 6인 베이직세트(180벤치 포함),1860000,https://image.hanssem.com/hsimg/gds/1050/1118/1118342_A1.jpg?v=20250926151207
557,1057903,room_0002,fur_type0003,우디 필로티 원목식탁 6인 1700(의자 미포함),558000,https://image.hanssem.com/hsimg/gds/1050/1057/1057903_A1.jpg?v=20250908100851
558,385684,room_0002,fur_type0004,로하 원목 6인 와이드 벤치의자 DIY,109000,https://image.hanssem.com/hsimg/gds/1050/385/385684_A1.jpg?v=20250908100851
559,865074,room_0002,fur_type0003,도노 어반 세라믹 식탁세트 와이드4인용(슬림의자4 포함),1172000,https://image.hanssem.com/hsimg/gds/1050/865/865074_A1.jpg?v=20250627093149
560,1014155,room_0002,fur_type0004,도노 어반 식탁의자 베이지 2개입,250000,https://image.hanssem.com/hsimg/gds/550/1014/1014155_A1.jpg?v=20241011155519
561,992730,room_0002,fur_type0004,밀란 302 메이 식탁벤치의자 970,163000,https://image.hanssem.com/hsimg/gds/1050/992/992730_A1.jpg?v=20240805145419
562,928602,room_0002,fur_type0005,라임 주방수납 카페장 80cm (2종 택1),365040,https://image.hanssem.com/hsimg/gds/1050/928/928602_A1.jpg?v=20250908100852
563,655426,room_0002,fur_type0003,"포레 원목 4인 식탁세트(의자4 포함), DIY",425000,https://image.hanssem.com/hsimg/gds/1050/655/655426_A1.jpg?v=20250908100851
564,788935,room_0002,fur_type0003,도노 세라믹 식탁세트 스칸디 6인용(의자4 포함),957000,https://image.hanssem.com/hsimg/gds/1050/788/788935_A1.jpg?v=20250908100847
565,1103566,room_0002,fur_type0004,라이트 체어 2P (일반형/패드형),69900,https://image.hanssem.com/hsimg/gds/1050/1103/1103566_A1.jpg?v=20250915132054
566,1050983,room_0002,fur_type0004,도노 어반 1800 벤치의자,805000,https://image.hanssem.com/hsimg/gds/1050/1050/1050983_A1.jpg?v=20240814144101
567,865079,room_0002,fur_type0003,도노 세라믹 어반 6인 식탁 (의자미포함),879000,https://image.hanssem.com/hsimg/gds/1050/865/865079_A1.jpg?v=20250627095802
568,1024471,room_0002,fur_type0003,투티 4인 낮은 식탁세트(스틸의자4 포함),758000,https://image.hanssem.com/hsimg/gds/1050/1024/1024471_A1.jpg?v=20250917141646
569,909709,room_0002,fur_type0003,도노 새틴글래스 엣지 4인 식탁세트 (슬림의자4 포함),769000,https://image.hanssem.com/hsimg/gds/1050/909/909709_A1.jpg?v=20250908100848
570,1064853,room_0002,fur_type0003,위드 세라믹 6인 식탁 1750(의자미포함),479000,https://image.hanssem.com/hsimg/gds/1050/1064/1064853_A1.jpg?v=20250908100848
571,1048589,room_0002,fur_type0004,1+1 모노 바체어 스마트패브릭,99000,https://image.hanssem.com/hsimg/gds/550/1048/1048589_A1.jpg?v=20250915132053
572,613227,room_0002,fur_type0005,키친온 리빙수납장 수납형 높은장 (2종/택1),459000,https://image.hanssem.com/hsimg/gds/1050/613/613227_A1.jpg?v=20250908100853
573,1119166,room_0002,fur_type0004,도무스 율리아 제니아 식탁의자,240000,https://image.hanssem.com/hsimg/gds/1050/1119/1119166_A1.jpg?v=20250917095320
574,1038780,room_0002,fur_type0006,라모 스틸 식탁의자 (2종/택1),145000,https://image.hanssem.com/hsimg/gds/1050/1038/1038780_A1.jpg?v=20241203092754
575,993557,room_0002,fur_type0004,바흐 801 스툴 의자,148000,https://image.hanssem.com/hsimg/gds/1050/993/993557_A1.jpg?v=20240805160040
576,993714,room_0002,fur_type0003,유로 603 일리스 내추럴 식탁 1600,1075000,https://image.hanssem.com/hsimg/gds/1050/993/993714_A1.jpg?v=20250211150117
577,1050988,room_0002,fur_type0003,"도노 어반 리빙다이닝 와이드4인 라운지세트 (180벤치, 코너벤치 포함)",2358000,https://image.hanssem.com/hsimg/gds/1050/1050/1050988_A1.jpg?v=20250627091915
578,928611,room_0002,fur_type0005,라임 주방수납 트롤리 55cm,175000,https://image.hanssem.com/hsimg/gds/1050/928/928611_A1.jpg?v=20250908100853
579,1064856,room_0002,fur_type0003,위드 세라믹 6인 식탁세트 1750(위드의자4포함),749000,https://image.hanssem.com/hsimg/gds/1050/1064/1064856_A1.jpg?v=20250911100014
580,823610,room_0002,fur_type0003,"포레 컴포트 6인 베이직세트 (벤치1,PP의자2 포함)",804000,https://image.hanssem.com/hsimg/gds/1050/823/823610_A1.jpg?v=20250908100848
581,617342,room_0002,fur_type0003,포레 원목 6인식탁(의자 미포함) DIY,185000,https://image.hanssem.com/hsimg/gds/1050/617/617342_A1.jpg?v=20250908100851
582,1038783,room_0002,fur_type0003,라모 스틸 세라믹 6인 식탁세트 (미나의자6 포함),1709000,https://image.hanssem.com/hsimg/gds/1050/1038/1038783_A1.jpg?v=20250808084916
583,891267,room_0002,fur_type0003,"(new시즌컬러)  포레 컴포트 6인 베이직세트 (벤치1, 원목의자2 포함)",864000,https://image.hanssem.com/hsimg/gds/1050/891/891267_A1.jpg?v=20250908100848
584,948299,room_0002,fur_type0003,미나 스테인리스 원형 4인 1000 식탁,525000,https://image.hanssem.com/hsimg/gds/1050/948/948299_A1.jpg?v=20250908100849
585,1061828,room_0002,fur_type0003,라모 원목 4인 세라믹 타원형식탁 1500 (의자미포함),1089000,https://image.hanssem.com/hsimg/gds/1050/1061/1061828_A1.jpg?v=20240708153955
586,788937,room_0002,fur_type0004,"도노 스칸디 식탁의자(2개입,2종/택1)",209000,https://image.hanssem.com/hsimg/gds/1050/788/788937_A1.jpg?v=20250205094905
587,1054794,room_0002,fur_type0003,도노 내추럴 세라믹 와이드4인 타원식탁세트 (컴피의자4 포함),937000,https://image.hanssem.com/hsimg/gds/1050/1054/1054794_A1.jpg?v=20250908100847
588,1118338,room_0002,fur_type0003,"리브업 모션 리빙다이닝 6인 라운지세트(180벤치, 90벤치, 코너벤치 포함)",2710000,https://image.hanssem.com/hsimg/gds/1050/1118/1118338_A1.jpg?v=20250926151207
589,1118341,room_0002,fur_type0003,리브업 모션 리빙다이닝 와이드4인 베이직세트(180벤치 포함),1810000,https://image.hanssem.com/hsimg/gds/1050/1118/1118341_A1.jpg?v=20250926151207
590,883388,room_0002,fur_type0005,모디 주방수납 틈새장 25/30cm (2종 택1),187980,https://image.hanssem.com/hsimg/gds/1050/883/883388_A1.jpg?v=20250911100014
591,1024472,room_0002,fur_type0003,"투티 4인 낮은 식탁세트(스틸의자2, 벤치1 포함)",648000,https://image.hanssem.com/hsimg/gds/1050/1024/1024472_A1.jpg?v=20250917141508
592,613223,room_0002,fur_type0005,키친온 렌지대 수납형 높은장 (2종/택1),406000,https://image.hanssem.com/hsimg/gds/1050/613/613223_A1.jpg?v=20250908100853
593,891264,room_0002,fur_type0003,"(new시즌컬러)  포레 컴포트 4인 베이직세트 (벤치1, 원목의자2 포함)",739000,https://image.hanssem.com/hsimg/gds/1050/891/891264_A1.jpg?v=20250908100848
594,705828,room_0002,fur_type0003,도노 세라믹 6인 식탁(의자미포함),559000,https://image.hanssem.com/hsimg/gds/1050/705/705828_A1.jpg?v=20250908100847
595,1082447,room_0002,fur_type0003,볼릭 세라믹 와이드4인 식탁 1600(의자 미포함),1139000,https://image.hanssem.com/hsimg/gds/1050/1082/1082447_A1.jpg?v=20250808095949
596,1060154,room_0002,fur_type0005,[특가~9/29]1+1 모로 3단 트롤리 화이트,35900,https://image.hanssem.com/hsimg/gds/550/1060/1060154_A1.jpg?v=20250915132053
597,1057909,room_0002,fur_type0003,우디 필로티 원목 식탁세트 4인 1400(우디의자4 포함),844000,https://image.hanssem.com/hsimg/gds/1050/1057/1057909_A1.jpg?v=20250908100851
598,1064858,room_0002,fur_type0003,위드 세라믹 와이드4인 식탁세트 1600(슬림의자4포함),719000,https://image.hanssem.com/hsimg/gds/1050/1064/1064858_A1.jpg?v=20250911100014
599,1050987,room_0002,fur_type0003,도노 어반 리빙다이닝 와이드4인 베이직세트 (180벤치 포함),1633000,https://image.hanssem.com/hsimg/gds/1050/1050/1050987_A1.jpg?v=20250627091427
600,185741,room_0002,fur_type0005,머그 아일랜드 주방수납장(의자 미포함),209000,https://image.hanssem.com/hsimg/gds/1050/185/185741_A1.jpg?v=20250908100853
601,1084736,room_0002,fur_type0003,위드 세라믹 와이드 4인 식탁세트 1600 (위드라운드의자4포함),839000,https://image.hanssem.com/hsimg/gds/1050/1084/1084736_A1.jpg?v=20250908100848
602,909235,room_0002,fur_type0003,도노 엣지 세라믹 식탁 6인용(의자미포함),689000,https://image.hanssem.com/hsimg/gds/1050/909/909235_A1.jpg?v=20250908100847
603,819872,room_0002,fur_type0006,포레 컴포트 2인 소파벤치세트 (식탁미포함),670000,https://image.hanssem.com/hsimg/gds/1050/819/819872_A1.jpg?v=20250908100849
604,1117455,room_0002,fur_type0004,ABS 다용도스툴(2종/택1),69900,https://image.hanssem.com/hsimg/gds/1050/1117/1117455_A1.jpg?v=20250919092902
605,920466,room_0002,fur_type0003,도노 어반 세라믹 식탁세트 와이드4인용(어반의자4 포함),1328000,https://image.hanssem.com/hsimg/gds/1050/920/920466_A1.jpg?v=20250627092325
606,992307,room_0002,fur_type0004,위든 식탁의자,109000,https://image.hanssem.com/hsimg/gds/1050/992/992307_A1.jpg?v=20250911100014
607,1084732,room_0002,fur_type0004,위드 라운드 식탁의자 2개입 (2종/택1),195000,https://image.hanssem.com/hsimg/gds/1050/1084/1084732_A1.jpg?v=20250908100848
608,1054790,room_0002,fur_type0003,도노 내추럴 세라믹 와이드4인 식탁세트 (스칸디의자2. 벤치1 포함),867000,https://image.hanssem.com/hsimg/gds/1050/1054/1054790_A1.jpg?v=20250908100847
609,1057910,room_0002,fur_type0003,우디 필로티 원목 식탁세트 4인 1400(어반의자4 포함),1373000,https://image.hanssem.com/hsimg/gds/1050/1057/1057910_A1.jpg?v=20240927135100
610,823615,room_0002,fur_type0003,포레 컴포트 4인 식탁세트 (PP의자4 포함),469000,https://image.hanssem.com/hsimg/gds/1050/823/823615_A1.jpg?v=20250908100848
611,923647,room_0002,fur_type0003,미나 스틸 반타원 2인 1000 식탁,229000,https://image.hanssem.com/hsimg/gds/1050/923/923647_A1.jpg?v=20250908100849
612,992774,room_0002,fur_type0003,바흐 701 인칸토 4인 세라믹 식탁 1350 고급형 (의자 미포함),1449000,https://image.hanssem.com/hsimg/gds/1050/992/992774_A1.jpg?v=20250901142843
613,1080063,room_0002,fur_type0004,[특가~9/29]PP 디자인 스툴 1+1 (3종/택1),39900,https://image.hanssem.com/hsimg/gds/550/1080/1080063_A1.jpg?v=20250915132052
614,1061830,room_0002,fur_type0003,라모 원목 6인 세라믹 타원형식탁 1750 (의자미포함),1139000,https://image.hanssem.com/hsimg/gds/1050/1061/1061830_A1.jpg?v=20240708153955
615,909233,room_0002,fur_type0003,[55딜]도노 엣지 세라믹 식탁 4인용(의자미포함),550000,https://image.hanssem.com/hsimg/gds/550/909/909233_A1.jpg?v=20250908100847
616,928605,room_0002,fur_type0005,라임 주방수납 단독하부장 80cm (2종 택1),258180,https://image.hanssem.com/hsimg/gds/1050/928/928605_A1.jpg?v=20250908100852
617,993753,room_0002,fur_type0003,유로 604 로쉬 식탁 1600,831000,https://image.hanssem.com/hsimg/gds/1050/993/993753_A1.jpg?v=20250221101103
618,1053439,room_0002,fur_type0004,(아울렛) 유로503 디아고 이노레더 식탁의자,67000,https://image.hanssem.com/hsimg/gds/550/1053/1053439_A1.jpg?v=20250923125637
619,819866,room_0002,fur_type0003,포레 컴포트 6인 식탁세트(원목의자4 포함),619000,https://image.hanssem.com/hsimg/gds/1050/819/819866_A1.jpg?v=20250908100848
620,819871,room_0002,fur_type0003,포레 컴포트 4인 식탁 (의자 미포함),259000,https://image.hanssem.com/hsimg/gds/1050/819/819871_A1.jpg?v=20250908100849
621,1082446,room_0002,fur_type0003,볼릭 세라믹 4인 식탁 1400(의자 미포함),1088000,https://image.hanssem.com/hsimg/gds/1050/1082/1082446_A1.jpg?v=20250808095949
622,823617,room_0002,fur_type0004,포레 컴포트 PP 식탁의자(2개입),105000,https://image.hanssem.com/hsimg/gds/1050/823/823617_A1.jpg?v=20250911100014
623,1057899,room_0002,fur_type0003,우디 슬릿 6인 1700식탁(의자 미포함),966000,https://image.hanssem.com/hsimg/gds/1050/1057/1057899_A1.jpg?v=20250226145238
624,1024463,room_0002,fur_type0003,투티 4인 낮은 식탁(의자미포함),318000,https://image.hanssem.com/hsimg/gds/1050/1024/1024463_A1.jpg?v=20250917142439
625,1118318,room_0002,fur_type0004,리브업 2520 라운지벤치 세트,1680000,https://image.hanssem.com/hsimg/gds/1050/1118/1118318_A1.jpg?v=20250926151207
626,1024709,room_0002,fur_type0004,블랑 체어/스툴 (4종/택1),32900,https://image.hanssem.com/hsimg/gds/550/1024/1024709_A1.jpg?v=20250915132053
627,1118340,room_0002,fur_type0003,"리브업 세라믹 모션 리빙다이닝 6인 라운지세트(180벤치, 90벤치, 코너벤치 포함)",3030000,https://image.hanssem.com/hsimg/gds/1050/1118/1118340_A1.jpg?v=20250926151207
628,993170,room_0002,fur_type0004,유로503 디아고 이노레더 암체어,125000,https://image.hanssem.com/hsimg/gds/1050/993/993170_A1.jpg?v=20240805154156
629,954678,room_0002,fur_type0005,라임 주방수납 가전수납장 80cm (와인잔걸이 미포함) (2종 택1),485160,https://image.hanssem.com/hsimg/gds/1050/954/954678_A1.jpg?v=20250908100853
630,1024465,room_0002,fur_type0004,투티 스틸 1인 식탁의자(2종/택1),110000,https://image.hanssem.com/hsimg/gds/1050/1024/1024465_A1.jpg?v=20250917142249
631,883384,room_0002,fur_type0005,모디 주방수납 하부장 100cm 수납형 (4종 택1),326820,https://image.hanssem.com/hsimg/gds/1050/883/883384_A1.jpg?v=20250908100852
632,425873,room_0002,fur_type0004,허드 가죽 체어(3종/택1),45900,https://image.hanssem.com/hsimg/gds/1050/425/425873_A1.jpg?v=20250915132053
633,883387,room_0002,fur_type0005,모디 주방수납 코너렌지대 85cm (2종 택1),519000,https://image.hanssem.com/hsimg/gds/1050/883/883387_A1.jpg?v=20250908100852
634,1053446,room_0002,fur_type0004,(아울렛) 미나 라운드 식탁의자(5종/택1),75000,https://image.hanssem.com/hsimg/gds/1050/1053/1053446_A1.jpg?v=20250923125637
635,943976,room_0002,fur_type0003,미나 내추럴 사각 4인 1400 식탁,305000,https://image.hanssem.com/hsimg/gds/1050/943/943976_A1.jpg?v=20250908100849
636,909273,room_0002,fur_type0003,도노 엣지 세라믹 식탁세트 6인용 (슬림의자4 포함),959000,https://image.hanssem.com/hsimg/gds/1050/909/909273_A1.jpg?v=20250911100014
637,993173,room_0002,fur_type0003,유로 503 디아고 세라믹 6인 스틸식탁 1800(의자 미포함),979000,https://image.hanssem.com/hsimg/gds/1050/993/993173_A1.jpg?v=20250901143248
638,1053444,room_0002,fur_type0004,(아울렛) 도노 컴피 식탁의자(2개입),163000,https://image.hanssem.com/hsimg/gds/550/1053/1053444_A1.jpg?v=20250923125637
639,999846,room_0002,fur_type0003,위든 와이드 4인 식탁 1350 (블랙/의자 미포함),359000,https://image.hanssem.com/hsimg/gds/1050/999/999846_A1.jpg?v=20250908100853
640,883386,room_0002,fur_type0005,모디 주방수납 렌지대 60cm (2종 택1),309000,https://image.hanssem.com/hsimg/gds/1050/883/883386_A1.jpg?v=20250911100014
641,392155,room_0002,fur_type0005,베리 라이트 아일랜드 식탁 수납형(2종/택1),398000,https://image.hanssem.com/hsimg/gds/1050/392/392155_A1.jpg?v=20250908100853
642,1001672,room_0002,fur_type0004,도노 컴피 식탁의자(2개입),199000,https://image.hanssem.com/hsimg/gds/1050/1001/1001672_A1.jpg?v=20250911100014
643,920135,room_0002,fur_type0004,모노 바체어 스마트패브릭 (화이트/그레이),49900,https://image.hanssem.com/hsimg/gds/550/920/920135_A1.jpg?v=20250915132053
644,1103567,room_0002,fur_type0004,라이트 체어 일반형 2P(2종/택1),69900,https://image.hanssem.com/hsimg/gds/1050/1103/1103567_A1.jpg?v=20250915132054
645,920465,room_0002,fur_type0003,도노 어반 세라믹 식탁세트 4인용(어반의자4 포함),1285000,https://image.hanssem.com/hsimg/gds/1050/920/920465_A1.jpg?v=20250626174012
646,1084737,room_0002,fur_type0003,위드 세라믹 6인 식탁세트 1750 (위드라운드의자4포함),869000,https://image.hanssem.com/hsimg/gds/1050/1084/1084737_A1.jpg?v=20250908100848
647,1118294,room_0002,fur_type0003,리브업 와이드 4인 모션 테이블 1600,980000,https://image.hanssem.com/hsimg/gds/1050/1118/1118294_A1.jpg?v=20250926151206
648,1001673,room_0002,fur_type0003,도노 내추럴 세라믹 4인 식탁세트(컴피 의자4 포함),907000,https://image.hanssem.com/hsimg/gds/1050/1001/1001673_A1.jpg?v=20250908100847
649,948297,room_0002,fur_type0003,미나 스테인리스 원형 2인 800 식탁,505000,https://image.hanssem.com/hsimg/gds/1050/948/948297_A1.jpg?v=20250908100849
650,1109148,room_0002,fur_type0004,(아울렛) 위드 라운드 식탁의자 2개입 (2종/택1),150000,https://image.hanssem.com/hsimg/gds/550/1109/1109148_A1.jpg?v=20250923125637
651,1024464,room_0002,fur_type0003,투티 6인 낮은 식탁(의자미포함),368000,https://image.hanssem.com/hsimg/gds/1050/1024/1024464_A1.jpg?v=20250917142347
652,993133,room_0002,fur_type0004,유로602 오슬로 암체어,126000,https://image.hanssem.com/hsimg/gds/1050/993/993133_A1.jpg?v=20250409080829
653,918055,room_0002,fur_type0004,도노 어반 식탁의자(4종/택1),125000,https://image.hanssem.com/hsimg/gds/1050/918/918055_A1.jpg?v=20240806092213
654,1118324,room_0002,fur_type0003,"리브업 모션 리빙다이닝 와이드4인 라운지세트(180벤치, 90벤치, 코너벤치 포함)",2660000,https://image.hanssem.com/hsimg/gds/1050/1118/1118324_A1.jpg?v=20250926151207
655,1061829,room_0002,fur_type0003,라모 원목 4인 세라믹 식탁 1600 (의자미포함),1119000,https://image.hanssem.com/hsimg/gds/1050/1061/1061829_A1.jpg?v=20240708153955
656,613229,room_0002,fur_type0005,[55딜]키친온 리빙수납장 테이블형 높은장 (2종/택1),550000,https://image.hanssem.com/hsimg/gds/1050/613/613229_A1.jpg?v=20250908100853
657,270346,room_0002,fur_type0003,로하 원목 4인식탁(의자 미포함) DIY,159000,https://image.hanssem.com/hsimg/gds/1050/270/270346_A1.jpg?v=20250908100851
658,993752,room_0002,fur_type0003,유로 604 로쉬 식탁 1200,738000,https://image.hanssem.com/hsimg/gds/1050/993/993752_A1.jpg?v=20250221100957
659,819865,room_0002,fur_type0003,"포레 컴포트 6인 베이직세트 (벤치1,원목의자2 포함)",864000,https://image.hanssem.com/hsimg/gds/1050/819/819865_A1.jpg?v=20250908100848
660,1057902,room_0002,fur_type0003,우디 필로티 원목식탁 4인 1400(의자 미포함),488000,https://image.hanssem.com/hsimg/gds/1050/1057/1057902_A1.jpg?v=20250908100850
661,923654,room_0002,fur_type0003,미나 스틸 분절사각 6인 1800 식탁,359000,https://image.hanssem.com/hsimg/gds/1050/923/923654_A1.jpg?v=20250908100849
662,1061831,room_0002,fur_type0004,라모 원목 스퀘어 식탁의자,197000,https://image.hanssem.com/hsimg/gds/1050/1061/1061831_A1.jpg?v=20241218153348
663,909271,room_0002,fur_type0003,도노 엣지 세라믹 식탁세트 4인용 (슬림의자4 포함),860000,https://image.hanssem.com/hsimg/gds/1050/909/909271_A1.jpg?v=20250908100848
664,1118344,room_0002,fur_type0003,리브업 세라믹 모션 리빙다이닝 6인 베이직세트(180벤치 포함),2180000,https://image.hanssem.com/hsimg/gds/1050/1118/1118344_A1.jpg?v=20250926151207
665,992727,room_0002,fur_type0004,밀란 302 메이 식탁의자 라운드,109000,https://image.hanssem.com/hsimg/gds/1050/992/992727_A1.jpg?v=20240805151507
666,993680,room_0002,fur_type0004,밴드 식탁의자 세이지그레이 2개입 PKG,230000,https://image.hanssem.com/hsimg/gds/1050/993/993680_A1.jpg?v=20250213141212
667,923644,room_0002,fur_type0003,미나 스틸 원형 2인 800 식탁,219000,https://image.hanssem.com/hsimg/gds/1050/923/923644_A1.jpg?v=20250908100849
668,920467,room_0002,fur_type0003,도노 어반 세라믹 식탁세트 6인용(어반의자4 포함),1379000,https://image.hanssem.com/hsimg/gds/1050/920/920467_A1.jpg?v=20250627095111
669,992775,room_0002,fur_type0003,바흐 701 인칸토 6인 세라믹 식탁 1800 고급형 (의자 미포함),1949000,https://image.hanssem.com/hsimg/gds/1050/992/992775_A1.jpg?v=20250901142843
670,948302,room_0002,fur_type0003,미나 스테인리스 사각 4인 1400 식탁,565000,https://image.hanssem.com/hsimg/gds/1050/948/948302_A1.jpg?v=20250908100849
671,923648,room_0002,fur_type0003,미나 스틸 사각 4인 1200 식탁,249000,https://image.hanssem.com/hsimg/gds/1050/923/923648_A1.jpg?v=20250908100849
672,1114006,room_0002,fur_type0003,라모 스틸 6인 세라믹 둥근사각형식탁 1750 (의자미포함),875000,https://image.hanssem.com/hsimg/gds/1050/1114/1114006_A1.jpg?v=20250909091351
673,891268,room_0002,fur_type0003,"(new시즌컬러)  포레 컴포트 6인 라운지세트 (벤치1, 코너벤치1, 원목의자2 포함)",1219000,https://image.hanssem.com/hsimg/gds/1050/891/891268_A1.jpg?v=20250908100848
674,788932,room_0002,fur_type0003,"도노 세라믹 식탁세트 스칸디 4인용(의자2,벤치1 포함)",837000,https://image.hanssem.com/hsimg/gds/1050/788/788932_A1.jpg?v=20250908100847
675,1038775,room_0002,fur_type0003,라모 스틸 4인 세라믹 둥근사각형식탁 1600 (의자미포함),835000,https://image.hanssem.com/hsimg/gds/1050/1038/1038775_A1.jpg?v=20250808095949
676,891270,room_0002,fur_type0003,"(new시즌컬러)  포레 컴포트 4인 베이직세트 (벤치1, PP의자2 포함)",679000,https://image.hanssem.com/hsimg/gds/1050/891/891270_A1.jpg?v=20250908100848
677,883385,room_0002,fur_type0005,모디 주방수납 팬트리장 60cm (6종 택1),319550,https://image.hanssem.com/hsimg/gds/1050/883/883385_A1.jpg?v=20250911100014
678,1068560,room_0002,fur_type0004,[특가~9/29]PP 디자인 스툴(3종/택1),19900,https://image.hanssem.com/hsimg/gds/1050/1068/1068560_A1.jpg?v=20250915132054
679,1064854,room_0002,fur_type0003,위드 세라믹 4인 식탁세트 1400(위드의자4포함),689000,https://image.hanssem.com/hsimg/gds/1050/1064/1064854_A1.jpg?v=20250908100848
680,1054793,room_0002,fur_type0003,도노 내추럴 세라믹 와이드4인 타원식탁세트 (스칸디의자4 포함),937000,https://image.hanssem.com/hsimg/gds/1050/1054/1054793_A1.jpg?v=20250908100847
681,1057912,room_0002,fur_type0003,우디 필로티 원목 식탁세트 6인 1700(어반의자4 포함),1473000,https://image.hanssem.com/hsimg/gds/1050/1057/1057912_A1.jpg?v=20240927135100
682,883389,room_0002,fur_type0005,모디 주방수납 아일랜드식탁 120cm (2종 택1),419000,https://image.hanssem.com/hsimg/gds/1050/883/883389_A1.jpg?v=20250908100852
683,992773,room_0002,fur_type0003,바흐 701 인칸토 6인 세라믹 식탁 1800 일반형 (의자 미포함),1433000,https://image.hanssem.com/hsimg/gds/1050/992/992773_A1.jpg?v=20250901142843
684,1024474,room_0002,fur_type0003,투티 6인 낮은 식탁세트(스틸의자4 포함),808000,https://image.hanssem.com/hsimg/gds/1050/1024/1024474_A1.jpg?v=20250908100850
685,613228,room_0002,fur_type0005,키친온 리빙수납장 테이블형 낮은장(2종/택1),609000,https://image.hanssem.com/hsimg/gds/1050/613/613228_A1.jpg?v=20250908100853
686,891271,room_0002,fur_type0003,"(new시즌컬러)  포레 컴포트 4인 라운지세트 (벤치1, 코너벤치1, PP의자2 포함)",1034000,https://image.hanssem.com/hsimg/gds/1050/891/891271_A1.jpg?v=20250908100848
687,993756,room_0002,fur_type0004,유로 604 로쉬 오트밀 라운지 코너벤치  1600,784000,https://image.hanssem.com/hsimg/gds/1050/993/993756_A1.jpg?v=20250221102342
688,819864,room_0002,fur_type0003,"[특가~9/29]포레 컴포트 6인 라운지세트 (벤치1, 코너벤치1, 원목의자2 포함)",1178000,https://image.hanssem.com/hsimg/gds/1050/819/819864_A1.jpg?v=20250908100848
689,909272,room_0002,fur_type0003,도노 엣지 세라믹 식탁세트 와이드4인용 (슬림의자4 포함),920000,https://image.hanssem.com/hsimg/gds/1050/909/909272_A1.jpg?v=20250908100848
690,613222,room_0002,fur_type0005,키친온 렌지대 수납형 낮은장(2종/택1),306000,https://image.hanssem.com/hsimg/gds/1050/613/613222_A1.jpg?v=20250908100853
691,819870,room_0002,fur_type0003,포레 컴포트 6인 식탁 (의자 미포함),289000,https://image.hanssem.com/hsimg/gds/1050/819/819870_A1.jpg?v=20250911100014
692,928547,room_0002,fur_type0003,미나 테이블부착형 2구 콘센트,29000,https://image.hanssem.com/hsimg/gds/1050/928/928547_A1.jpg?v=20250205094903
693,943979,room_0002,fur_type0003,미나 내추럴 분절사각 6인 1600 식탁,349000,https://image.hanssem.com/hsimg/gds/1050/943/943979_A1.jpg?v=20250908100849
694,1118305,room_0002,fur_type0004,리브업 900 벤치의자,380000,https://image.hanssem.com/hsimg/gds/1050/1118/1118305_A1.jpg?v=20250926151206
695,1038778,room_0002,fur_type0003,라모 스틸 6인 세라믹 타원형식탁 1750 (의자미포함),875000,https://image.hanssem.com/hsimg/gds/1050/1038/1038778_A1.jpg?v=20250808095949
696,993715,room_0002,fur_type0003,유로 603 일리스 내추럴 식탁 2000,1194000,https://image.hanssem.com/hsimg/gds/1050/993/993715_A1.jpg?v=20250221095532
697,819877,room_0002,fur_type0004,포레 컴포트 원목 식탁의자(2개입),165000,https://image.hanssem.com/hsimg/gds/1050/819/819877_A1.jpg?v=20250908100849
698,1057915,room_0002,fur_type0003,우디 필로티 화이트 식탁세트 6인 1700(우디의자4 포함),774000,https://image.hanssem.com/hsimg/gds/1050/1057/1057915_A1.jpg?v=20250908100851
699,1066612,room_0003,fur_type0007,샘베딩 무드 옷장 80cm(높이194cm) 2단 행거형,219900,https://image.hanssem.com/hsimg/gds/1050/1066/1066612_A1.jpg?v=20240806095723
700,1100973,room_0003,fur_type0008,시그니처 리노아 붙박이장 화이트 수납파우더형(16종/택1),2449100,https://image.hanssem.com/hsimg/gds/1050/1100/1100973_A1.jpg?v=20250626112101
701,743248,room_0003,fur_type0009,스테이 드레스룸 세트 248cm 하부수납형,460000,https://image.hanssem.com/hsimg/gds/1050/743/743248_A1.jpg?v=20240809111527
702,775655,room_0003,fur_type0008,[특가~9/29]바이엘 소프트 슬라이딩 붙박이장 크림화이트(행거형/선반형/서랍형),1312000,https://image.hanssem.com/hsimg/gds/1050/775/775655_A1.jpg?v=20250403145709
703,868245,room_0003,fur_type0007,샘베딩 클로즈 옷장 40cm(높이216cm) 선반형 6종,179900,https://image.hanssem.com/hsimg/gds/1050/868/868245_A1.jpg?v=20240809134911
704,289945,room_0003,fur_type0007,샘베딩 클로즈 옷장 80cm(높이216cm) 행거서랍형 6종,307900,https://image.hanssem.com/hsimg/gds/1050/289/289945_A1.jpg?v=20240808145218
705,645163,room_0003,fur_type0010,[특가~9/29]샘베딩 드레스룸 세트 240cm(높이 216cm) 행거형 2종,349700,https://image.hanssem.com/hsimg/gds/1050/645/645163_A1.jpg?v=20240809111615
706,868244,room_0003,fur_type0007,샘베딩 클로즈 옷장 40cm(높이216cm) 1단행거형 6종,159900,https://image.hanssem.com/hsimg/gds/1050/868/868244_A1.jpg?v=20240809135006
707,171724,room_0003,fur_type0007,샘베딩 베이직 옷장 40cm(높이194cm) 선반서랍형 8종,219900,https://image.hanssem.com/hsimg/gds/1050/171/171724_A1.jpg?v=20240808135914
708,1066321,room_0003,fur_type0007,[특가~9/29]샘베딩 무드 옷장세트 120cm (높이194cm) 서랍형,437340,https://image.hanssem.com/hsimg/gds/1050/1066/1066321_A1.jpg?v=20240812182834
709,277074,room_0003,fur_type0007,피카 갤러리 옷장세트 화이트 140cm~350cm(높이216cm) 16종,529760,https://image.hanssem.com/hsimg/gds/1050/277/277074_A1.jpg?v=20250702150007
710,1046936,room_0003,fur_type0007,아트월 일반옷장 소프트화이트 50cm(높이216cm),184000,https://image.hanssem.com/hsimg/gds/1050/1046/1046936_A1.jpg?v=20250702135827
711,640023,room_0003,fur_type0010,샘베딩 드레스룸 80cm(높이 216cm) 1단행거형 2종,129900,https://image.hanssem.com/hsimg/gds/1050/640/640023_A1.jpg?v=20240809101652
712,1018635,room_0003,fur_type0008,시그니처 스케치 엣지 붙박이장 슬림서랍형(18종/택1),1943000,https://image.hanssem.com/hsimg/gds/1050/1018/1018635_A1.jpg?v=20250626154518
713,262292,room_0003,fur_type0007,샘베딩 스테디 옷장 40cm(높이194cm) 2단행거형 10종,139900,https://image.hanssem.com/hsimg/gds/1050/262/262292_A1.jpg?v=20250214163950
714,993508,room_0003,fur_type0007,내추럴 옷장 45/50cm,250000,https://image.hanssem.com/hsimg/gds/1050/993/993508_A1.jpg?v=20240808135732
715,1016279,room_0003,fur_type0008,시그니처 스톤 붙박이장 엔드판넬(EP),161000,https://image.hanssem.com/hsimg/gds/550/1016/1016279_A1.jpg?v=20250513105408
716,1042693,room_0003,fur_type0007,바이엘 소프트 옷장 크림화이트 90/100cm(높이216cm),297180,https://image.hanssem.com/hsimg/gds/1050/1042/1042693_A1.jpg?v=20250702104508
717,1072415,room_0003,fur_type0008,시그니처 페어 붙박이장 웜코튼 기본형(18종/택1),1463000,https://image.hanssem.com/hsimg/gds/1050/1072/1072415_A1.jpg?v=20250626155819
718,177195,room_0003,fur_type0007,샘베딩 거울옷장 40cm(높이194cm) 1단행거형 2종,189900,https://image.hanssem.com/hsimg/gds/1050/177/177195_A1.jpg?v=20240808140322
719,1066299,room_0003,fur_type0007,샘베딩 무드 옷장 40cm(높이194cm),149760,https://image.hanssem.com/hsimg/gds/1050/1066/1066299_A1.jpg?v=20240812171218
720,645105,room_0003,fur_type0010,샘베딩 드레스룸 80cm(높이 194cm) 행거서랍형 2종,205900,https://image.hanssem.com/hsimg/gds/1050/645/645105_A1.jpg?v=20240809112439
721,1046938,room_0003,fur_type0007,아트월 일반옷장 소프트화이트 90/100cm(높이216cm),286400,https://image.hanssem.com/hsimg/gds/1050/1046/1046938_A1.jpg?v=20250702125646
722,993426,room_0003,fur_type0009,바흐 드레스룸 연결형 낮은장,110000,https://image.hanssem.com/hsimg/gds/1050/993/993426_A1.jpg?v=20240808135439
723,810482,room_0003,fur_type0008,[특가~9/29]바이엘 소프트 붙박이장 크림화이트 데일리서랍형(18종/택1),1190400,https://image.hanssem.com/hsimg/gds/1050/810/810482_A1.jpg?v=20250403145710
724,910218,room_0003,fur_type0007,샘베딩 마일드 거울옷장 40cm(높이216cm) 1단행거형 1종,252900,https://image.hanssem.com/hsimg/gds/1050/910/910218_A1.jpg?v=20240809093247
725,1066282,room_0003,fur_type0007,샘베딩 퓨어 거울 멀티서랍장 40cm (높이194cm),299900,https://image.hanssem.com/hsimg/gds/1050/1066/1066282_A1.jpg?v=20240812171136
726,566287,room_0003,fur_type0007,샘베딩 스테디 거울옷장 80cm(높이194cm) 2단행거형 10종,239900,https://image.hanssem.com/hsimg/gds/1050/566/566287_A1.jpg?v=20240923144423
727,177194,room_0003,fur_type0007,샘베딩 거울옷장 40cm(높이194cm) 2단행거형 2종,189900,https://image.hanssem.com/hsimg/gds/1050/177/177194_A1.jpg?v=20240808140403
728,613375,room_0003,fur_type0007,[특가~9/29]샘베딩 클로즈 거울옷장세트 120cm(높이216cm) 선반형 6종,473800,https://image.hanssem.com/hsimg/gds/1050/613/613375_A1.jpg?v=20240809100708
729,910236,room_0003,fur_type0007,[특가~9/29]샘베딩 마일드 옷장세트 120cm(높이216cm) 선반형 2종,376800,https://image.hanssem.com/hsimg/gds/1050/910/910236_A1.jpg?v=20241127141053
730,289937,room_0003,fur_type0007,[특가~9/29]샘베딩 클로즈 옷장세트 160cm(높이216cm) 행거형 6종,451800,https://image.hanssem.com/hsimg/gds/1050/289/289937_A1.jpg?v=20240808145022
731,837103,room_0003,fur_type0008,[특가~9/29]바이엘 채널 작은방 거울 붙박이장 데일리서랍형(150~220cm),878400,https://image.hanssem.com/hsimg/gds/1050/837/837103_A1.jpg?v=20250403145710
732,261388,room_0003,fur_type0008,[특가~9/29]피카 갤러리 붙박이장 화이트(행거형/선반형/서랍형),1096000,https://image.hanssem.com/hsimg/gds/1050/261/261388_A1.jpg?v=20250403145711
733,289930,room_0003,fur_type0007,샘베딩 클로즈 옷장 80cm(높이216cm) 2단행거형 6종,219900,https://image.hanssem.com/hsimg/gds/1050/289/289930_A1.jpg?v=20240808145524
734,566306,room_0003,fur_type0007,[특가~9/29]샘베딩 베이직 거울옷장세트 120cm(높이194cm) 선반형 4종,391800,https://image.hanssem.com/hsimg/gds/1050/566/566306_A1.jpg?v=20240809095047
735,1012936,room_0003,fur_type0009,뮤트 프렌치 코너장 103x106cm(2종/택1),761000,https://image.hanssem.com/hsimg/gds/1050/1012/1012936_A1.jpg?v=20250702143022
736,1117869,room_0003,fur_type0007,스케치 엣지 옷장 브릭파우더 50cm(높이 216cm),189000,https://image.hanssem.com/hsimg/gds/1050/1117/1117869_A1.jpg?v=20250905111312
737,935956,room_0003,fur_type0011,샘베딩 마일드 서랍장 5단 800 2종,239900,https://image.hanssem.com/hsimg/gds/1050/935/935956_A1.jpg?v=20240808141114
738,999845,room_0003,fur_type0009,뮤트 화이트 거울옷장 90/100cm(2종/택1),486000,https://image.hanssem.com/hsimg/gds/1050/999/999845_A1.jpg?v=20250702141718
739,810483,room_0003,fur_type0008,[특가~9/29]바이엘 소프트 거울 붙박이장 크림화이트(행거형/선반형/서랍형),1080000,https://image.hanssem.com/hsimg/gds/1050/810/810483_A1.jpg?v=20250403145710
740,1042692,room_0003,fur_type0007,바이엘 거울옷장 화이트 90/100cm(높이216cm),369600,https://image.hanssem.com/hsimg/gds/1050/1042/1042692_A1.jpg?v=20250723132002
741,289939,room_0003,fur_type0007,[특가~9/29]샘베딩 클로즈 옷장세트 240cm(높이216cm) 행거형 6종,688700,https://image.hanssem.com/hsimg/gds/1050/289/289939_A1.jpg?v=20240808144920
742,1112265,room_0003,fur_type0009,샘키즈 데일리 스탠드 행거 (2종/택1),39900,https://image.hanssem.com/hsimg/gds/1050/1112/1112265_A1.jpg?v=20250917153939
743,663021,room_0003,fur_type0007,샘베딩 클로즈 도어 7단(높이216cm) 40cm (몸통미포함) 3종,53000,https://image.hanssem.com/hsimg/gds/1050/663/663021_A1.jpg?v=20240809140757
744,1012931,room_0003,fur_type0009,뮤트 프렌치 옷장 90/100cm(2종/택1),486000,https://image.hanssem.com/hsimg/gds/1050/1012/1012931_A1.jpg?v=20250702142501
745,1066883,room_0003,fur_type0007,샘베딩 스테디 옷장세트 160cm(높이194cm) 서랍형,457500,https://image.hanssem.com/hsimg/gds/1050/1066/1066883_A1.jpg?v=20240912194429
746,811593,room_0003,fur_type0007,바이엘 소프트 거울옷장세트 크림화이트 데일리서랍형 140cm~350cm(높이216cm) 16종,639000,https://image.hanssem.com/hsimg/gds/1050/811/811593_A1.jpg?v=20250805110342
747,39650,room_0003,fur_type0007,샘베딩 베이직 옷장 80cm(높이194cm) 2단행거형 4종,179900,https://image.hanssem.com/hsimg/gds/1050/39/39650_A1.jpg?v=20241205133301
748,1066292,room_0003,fur_type0007,[특가~9/29]샘베딩 퓨어 옷장세트 240cm (높이194cm) 서랍형,690750,https://image.hanssem.com/hsimg/gds/1050/1066/1066292_A1.jpg?v=20241205133404
749,675006,room_0003,fur_type0007,아임빅 슬라이딩 옷장 120cm 선반형 6종,499000,https://image.hanssem.com/hsimg/gds/1050/675/675006_A1.jpg?v=20240809143258
750,1100969,room_0003,fur_type0008,시그니처 리노아 붙박이장 화이트 와이드 장식파우더형(17종/택1),2029200,https://image.hanssem.com/hsimg/gds/1050/1100/1100969_A1.jpg?v=20250626111900
751,993868,room_0003,fur_type0007,조이S 2 옷장800,291000,https://image.hanssem.com/hsimg/gds/1050/993/993868_A1.jpg?v=20250401131026
752,566288,room_0003,fur_type0007,샘베딩 스테디 거울옷장 80cm(높이194cm) 1단행거형 10종,259900,https://image.hanssem.com/hsimg/gds/1050/566/566288_A1.jpg?v=20240923144423
753,645146,room_0003,fur_type0010,[특가~9/29]샘베딩 드레스룸 세트 120cm(높이 216cm) 선반형 2종,232800,https://image.hanssem.com/hsimg/gds/1050/645/645146_A1.jpg?v=20240809111904
754,566305,room_0003,fur_type0007,[특가~9/29]샘베딩 베이직 거울옷장세트 120cm(높이194cm) 서랍형 4종,445800,https://image.hanssem.com/hsimg/gds/1050/566/566305_A1.jpg?v=20240809095138
755,289947,room_0003,fur_type0007,[특가~9/29]샘베딩 클로즈 옷장세트 120cm(높이216cm) 서랍형 6종,453800,https://image.hanssem.com/hsimg/gds/1050/289/289947_A1.jpg?v=20240808145124
756,910214,room_0003,fur_type0007,샘베딩 마일드 옷장 80cm(높이216cm) 선반형 2종,269900,https://image.hanssem.com/hsimg/gds/1050/910/910214_A1.jpg?v=20241127140636
757,1066882,room_0003,fur_type0007,샘베딩 스테디 옷장세트 160cm(높이194cm),533000,https://image.hanssem.com/hsimg/gds/1050/1066/1066882_A1.jpg?v=20240912194429
758,1017782,room_0003,fur_type0009,스테이 플러스 드레스룸 64cm 단독형 4종,229000,https://image.hanssem.com/hsimg/gds/1050/1017/1017782_A1.jpg?v=20240808110958
759,993420,room_0003,fur_type0009,"바흐 드레스룸 연결형 62, 72cm",157000,https://image.hanssem.com/hsimg/gds/1050/993/993420_A1.jpg?v=20240808134728
760,1034712,room_0003,fur_type0008,시그니처 스톤 붙박이장 맞춤설계,23,https://image.hanssem.com/hsimg/gds/550/1034/1034712_A1.jpg?v=20250617171208
761,999843,room_0003,fur_type0009,뮤트 화이트 옷장 90/100cm(2종/택1),373000,https://image.hanssem.com/hsimg/gds/1050/999/999843_A1.jpg?v=20250702141436
762,387680,room_0003,fur_type0007,아임빅 슬라이딩 옷장 120cm 서랍형 6종,609000,https://image.hanssem.com/hsimg/gds/1050/387/387680_A1.jpg?v=20250224133033
763,219656,room_0003,fur_type0007,바이엘 거울옷장세트 화이트 140cm~350cm(높이216cm) 16종,545160,https://image.hanssem.com/hsimg/gds/1050/219/219656_A1.jpg?v=20250805105523
764,910260,room_0003,fur_type0007,샘베딩 부착형 거울(아치형),35000,https://image.hanssem.com/hsimg/gds/1050/910/910260_A1.jpg?v=20240809095908
765,910216,room_0003,fur_type0007,샘베딩 마일드 옷장 80cm(높이216cm) 행거서랍형 2종,307900,https://image.hanssem.com/hsimg/gds/1050/910/910216_A1.jpg?v=20240808174940
766,1029517,room_0003,fur_type0008,바이엘 글로시 슬라이딩 붙박이장 맞춤설계,12,https://image.hanssem.com/hsimg/gds/1050/1029/1029517_A1.jpg?v=20250404131109
767,743209,room_0003,fur_type0009,,,
768,1042687,room_0003,fur_type0007,바이엘 채널 옷장 화이트 50cm(높이216cm),159900,https://image.hanssem.com/hsimg/gds/1050/1042/1042687_A1.jpg?v=20250723130352
769,910254,room_0003,fur_type0007,[특가~9/29]샘베딩 마일드 거울옷장세트 240cm(높이216cm) 행거형 2종,735700,https://image.hanssem.com/hsimg/gds/1050/910/910254_A1.jpg?v=20241127142215
770,1017789,room_0003,fur_type0009,스테이 플러스 드레스룸 70cm 코너형 3종,329000,https://image.hanssem.com/hsimg/gds/1050/1017/1017789_A1.jpg?v=20240808111754
771,1024488,room_0003,fur_type0008,[특가~9/29]아트월 붙박이장 머쉬룸그레이 대칭형(행거형/선반형/서랍형),1112800,https://image.hanssem.com/hsimg/gds/1050/1024/1024488_A1.jpg?v=20250403145710
772,743210,room_0003,fur_type0009,스테이 드레스룸 75cm 코너연결형 2종,191970,https://image.hanssem.com/hsimg/gds/1050/743/743210_A1.jpg?v=20240913104432
773,743246,room_0003,fur_type0009,스테이 드레스룸 세트 248cm 서랍형,497000,https://image.hanssem.com/hsimg/gds/1050/743/743246_A1.jpg?v=20240809111159
774,892038,room_0003,fur_type0007,샘베딩 클로즈 옷장 40cm(높이216cm) 2단행거형 6종,149900,https://image.hanssem.com/hsimg/gds/1050/892/892038_A1.jpg?v=20240809133306
775,910217,room_0003,fur_type0007,샘베딩 마일드 거울옷장 40cm(높이216cm) 2단행거형 1종,242900,https://image.hanssem.com/hsimg/gds/1050/910/910217_A1.jpg?v=20240808175158
776,1054484,room_0003,fur_type0008,매트 슬라이딩 붙박이장 화이트 (행거형/선반형/서랍형),1702000,https://image.hanssem.com/hsimg/gds/1050/1054/1054484_A1.jpg?v=20250404150007
777,811479,room_0003,fur_type0007,바이엘 채널 거울옷장세트 화이트 데일리서랍형 140cm~350cm(높이216cm) 16종,616770,https://image.hanssem.com/hsimg/gds/1050/811/811479_A1.jpg?v=20250821150649
778,604653,room_0003,fur_type0007,샘베딩 클로즈 거울옷장 80cm(높이216cm) 2단행거형 6종,301900,https://image.hanssem.com/hsimg/gds/1050/604/604653_A1.jpg?v=20240809100442
779,128199,room_0003,fur_type0007,샘베딩 베이직 옷장 40cm(높이194cm) 2단행거형 4종,129900,https://image.hanssem.com/hsimg/gds/1050/128/128199_A1.jpg?v=20240808110944
780,703950,room_0003,fur_type0008,[특가~9/29]바이엘 채널 붙박이장 화이트(행거형/선반형/서랍형),847200,https://image.hanssem.com/hsimg/gds/1050/703/703950_A1.jpg?v=20250403145710
781,910237,room_0003,fur_type0007,[특가~9/29]샘베딩 마일드 옷장세트 120cm(높이216cm) 서랍형 2종,448800,https://image.hanssem.com/hsimg/gds/1050/910/910237_A1.jpg?v=20241127140104
782,262302,room_0003,fur_type0007,[특가~9/29]샘베딩 스테디 옷장세트 160cm(높이194cm) 행거형 10종,391800,https://image.hanssem.com/hsimg/gds/1050/262/262302_A1.jpg?v=20240923144423
783,604652,room_0003,fur_type0007,샘베딩 스테디 거울옷장 80cm(높이194cm) 행거서랍형 10종,327900,https://image.hanssem.com/hsimg/gds/1050/604/604652_A1.jpg?v=20240923144423
784,993419,room_0003,fur_type0009,"바흐 드레스룸 연결형 42, 52cm",142000,https://image.hanssem.com/hsimg/gds/1050/993/993419_A1.jpg?v=20240808134620
785,910226,room_0003,fur_type0007,샘베딩 마일드 컴팩트 4단 서랍장 400 2종,219900,https://image.hanssem.com/hsimg/gds/1050/910/910226_A1.jpg?v=20240809095739
786,1066324,room_0003,fur_type0007,[특가~9/29]샘베딩 무드 옷장세트 160cm (높이194cm),447490,https://image.hanssem.com/hsimg/gds/1050/1066/1066324_A1.jpg?v=20240806095723
787,999859,room_0003,fur_type0009,뮤트 화이트 옷장 오픈형(2종/택1),586000,https://image.hanssem.com/hsimg/gds/1050/999/999859_A1.jpg?v=20240808133311
788,657130,room_0003,fur_type0010,[특가~9/29]샘베딩 드레스룸 세트 160cm(높이 194cm) 행거형 2종,191800,https://image.hanssem.com/hsimg/gds/1050/657/657130_A1.jpg?v=20240809141015
789,645161,room_0003,fur_type0010,[특가~9/29]샘베딩 드레스룸 세트 200cm(높이 216cm) 선반형 2종,362700,https://image.hanssem.com/hsimg/gds/1050/645/645161_A1.jpg?v=20240809111730
790,1016194,room_0003,fur_type0008,시그니처 노엘 슬라이딩 붙박이장 화이트 기본형 250~420cm,2041000,https://image.hanssem.com/hsimg/gds/1050/1016/1016194_A1.jpg?v=20250617143225
791,1066313,room_0003,fur_type0007,샘베딩 무드 수납파우더장 40cm (높이194cm),309900,https://image.hanssem.com/hsimg/gds/1050/1066/1066313_A1.jpg?v=20240812171259
792,1066280,room_0003,fur_type0007,샘베딩 거울 멀티장 40cm(높이194cm),199900,https://image.hanssem.com/hsimg/gds/1050/1066/1066280_A1.jpg?v=20240912180924
793,1100974,room_0003,fur_type0008,시그니처 리노아 붙박이장 베이지 수납파우더형(16종/택1),2449100,https://image.hanssem.com/hsimg/gds/1050/1100/1100974_A1.jpg?v=20250626112130
794,1029520,room_0003,fur_type0008,시그니처 스케치 붙박이장 맞춤설계,15,https://image.hanssem.com/hsimg/gds/1050/1029/1029520_A1.jpg?v=20250626151838
795,703619,room_0003,fur_type0007,바이엘 채널 옷장세트 화이트 140cm~350cm(높이216cm) 16종,452760,https://image.hanssem.com/hsimg/gds/1050/703/703619_A1.jpg?v=20250805102602
796,910194,room_0003,fur_type0007,샘베딩 마일드 옷장 40cm(높이216cm) 행거서랍형 4종,219900,https://image.hanssem.com/hsimg/gds/1050/910/910194_A1.jpg?v=20240808171727
797,1117871,room_0003,fur_type0007,스케치 엣지 옷장 브릭파우더 140cm~350cm(높이216cm) 32종,515200,https://image.hanssem.com/hsimg/gds/1050/1117/1117871_A1.jpg?v=20250910164008
798,993425,room_0003,fur_type0009,바흐 드레스룸 연결형 코너장,361000,https://image.hanssem.com/hsimg/gds/1050/993/993425_A1.jpg?v=20240808135300
799,647267,room_0003,fur_type0007,아임빅 슬라이딩 옷장 100cm 선반형 4종,479000,https://image.hanssem.com/hsimg/gds/1050/647/647267_A1.jpg?v=20240809144028
800,39567,room_0003,fur_type0007,[특가~9/29]샘베딩 베이직 옷장세트 160cm(높이194cm) 행거형 4종,371800,https://image.hanssem.com/hsimg/gds/1050/39/39567_A1.jpg?v=20240808094538
801,910225,room_0003,fur_type0007,샘베딩 마일드 파우더장 40cm(높이216cm) 오픈형 2종,359900,https://image.hanssem.com/hsimg/gds/1050/910/910225_A1.jpg?v=20240809095312
802,262290,room_0003,fur_type0007,샘베딩 스테디 옷장 80cm(높이194cm)2단행거형,189900,https://image.hanssem.com/hsimg/gds/1050/262/262290_A1.jpg?v=20250818103748
803,1012933,room_0003,fur_type0009,뮤트 베이지 옷장 90/100cm(2종/택1),378000,https://image.hanssem.com/hsimg/gds/1050/1012/1012933_A1.jpg?v=20250702141949
804,1012935,room_0003,fur_type0009,뮤트 베이지 거울옷장 90/100cm(2종/택1),487000,https://image.hanssem.com/hsimg/gds/1050/1012/1012935_A1.jpg?v=20250702142056
805,910255,room_0003,fur_type0007,[특가~9/29]샘베딩 마일드 거울옷장세트 240cm(높이216cm) 서랍형 2종,807700,https://image.hanssem.com/hsimg/gds/1050/910/910255_A1.jpg?v=20241127140104
806,1012886,room_0003,fur_type0008,시그니처 스톤 붙박이장 기본형(18종/택1),2152000,https://image.hanssem.com/hsimg/gds/1050/1012/1012886_A1.jpg?v=20250617170946
807,910184,room_0003,fur_type0007,샘베딩 마일드 옷장 40cm(높이216cm) 2단행거형 2종,144900,https://image.hanssem.com/hsimg/gds/1050/910/910184_A1.jpg?v=20241127140245
808,1046935,room_0003,fur_type0007,바이엘 글로시 거울옷장 화이트 하이글로시 90/100cm(높이216cm),389600,https://image.hanssem.com/hsimg/gds/1050/1046/1046935_A1.jpg?v=20250723131635
809,910186,room_0003,fur_type0007,샘베딩 마일드 옷장 40cm(높이216cm) 선반형 2종,174900,https://image.hanssem.com/hsimg/gds/1050/910/910186_A1.jpg?v=20241127140401
810,177819,room_0003,fur_type0007,샘베딩 베이직 옷장세트 120cm(높이194cm) 서랍형 4종,399800,https://image.hanssem.com/hsimg/gds/1050/177/177819_A1.jpg?v=20240808140836
811,1066284,room_0003,fur_type0007,[특가~9/29]샘베딩 퓨어 옷장세트 120cm(높이194cm),328500,https://image.hanssem.com/hsimg/gds/1050/1066/1066284_A1.jpg?v=20240812182536
812,1100976,room_0003,fur_type0008,시그니처 글래스 붙박이장 맞춤설계,29,https://image.hanssem.com/hsimg/gds/1050/1100/1100976_A1.jpg?v=20250609094157
813,289959,room_0003,fur_type0007,[특가~9/29]샘베딩 스테디 옷장세트 160cm(높이194cm) 서랍형 10종,453800,https://image.hanssem.com/hsimg/gds/1050/289/289959_A1.jpg?v=20241205134032
814,675007,room_0003,fur_type0007,아임빅 슬라이딩 옷장 120cm 주니어행거형 6종,489000,https://image.hanssem.com/hsimg/gds/1050/675/675007_A1.jpg?v=20240809143211
815,400542,room_0003,fur_type0007,아임빅 슬라이딩 옷장 120cm 행거형 짧은옷장 12종,469000,https://image.hanssem.com/hsimg/gds/1050/400/400542_A1.jpg?v=20240809093239
816,1100970,room_0003,fur_type0008,시그니처 리노아 붙박이장 베이지 와이드 장식파우더형(17종/택1),2029200,https://image.hanssem.com/hsimg/gds/1050/1100/1100970_A1.jpg?v=20250626111930
817,289954,room_0003,fur_type0007,샘베딩 스테디 옷장 80cm(높이194cm) 행거서랍형 10종,277900,https://image.hanssem.com/hsimg/gds/1050/289/289954_A1.jpg?v=20250214163950
818,428971,room_0003,fur_type0007,바이엘 글로시 슬라이딩 옷장 화이트 하이글로시 1600~2000 행거형/수납형(12종/택1),912600,https://image.hanssem.com/hsimg/gds/1050/428/428971_A1.jpg?v=20250403145709
819,1042688,room_0003,fur_type0007,바이엘 채널 옷장 화이트 90/100cm(높이216cm) 데일리서랍형,390780,https://image.hanssem.com/hsimg/gds/1050/1042/1042688_A1.jpg?v=20250723130202
820,993422,room_0003,fur_type0009,바흐 드레스룸 연결형 82cm 특수장,313000,https://image.hanssem.com/hsimg/gds/1050/993/993422_A1.jpg?v=20240809092633
821,39566,room_0003,fur_type0007,샘베딩 베이직 옷장세트 120cm(높이194cm) 선반형 4종,339800,https://image.hanssem.com/hsimg/gds/550/39/39566_A1.jpg?v=20240808094756
822,617720,room_0003,fur_type0007,[특가~9/29]샘베딩 클로즈 거울옷장세트 240cm(높이216cm) 서랍형 6종,811700,https://image.hanssem.com/hsimg/gds/1050/617/617720_A1.jpg?v=20240809100753
823,892143,room_0003,fur_type0010,샘베딩 드레스룸 80cm(높이 216cm) 선반형 2종,163900,https://image.hanssem.com/hsimg/gds/1050/892/892143_A1.jpg?v=20240809100230
824,1066278,room_0003,fur_type0007,샘베딩 퓨어 옷장 80cm (높이194cm) 서랍형,296780,https://image.hanssem.com/hsimg/gds/1050/1066/1066278_A1.jpg?v=20241029155035
825,843614,room_0003,fur_type0008,아트월 붙박이장 엔드판넬(EP)-2종/택1,115000,https://image.hanssem.com/hsimg/gds/550/843/843614_A1.jpg?v=20240402144159
826,647264,room_0003,fur_type0007,아임빅 슬라이딩 낮은옷장 120cm 행거형 6종,399000,https://image.hanssem.com/hsimg/gds/1050/647/647264_A1.jpg?v=20250611170423
827,1046941,room_0003,fur_type0007,아트월 루버옷장 소프트화이트 50cm(높이216cm),219760,https://image.hanssem.com/hsimg/gds/1050/1046/1046941_A1.jpg?v=20250519101039
828,1046974,room_0003,fur_type0007,아트월 거울옷장세트 머쉬룸그레이 대칭형 140cm~350cm(216cm) 16종,561600,https://image.hanssem.com/hsimg/gds/1050/1046/1046974_A1.jpg?v=20250702135001
829,1118504,room_0003,fur_type0008,(소진완료) 바이엘 슬라이딩 붙박이장 화이트 행거형(8.5자),1508000,https://image.hanssem.com/hsimg/gds/1050/1118/1118504_A1.jpg?v=20250916092439
830,274706,room_0003,fur_type0011,샘베딩 스테디 서랍장 5단 600 멀티형 2종,259900,https://image.hanssem.com/hsimg/gds/1050/274/274706_A1.jpg?v=20240808144445
831,743242,room_0003,fur_type0009,스테이 드레스룸 세트 208cm 하부수납형,447000,https://image.hanssem.com/hsimg/gds/1050/743/743242_A1.jpg?v=20240809105612
832,1118503,room_0003,fur_type0008,(소진완료) 바이엘 채널 붙박이장 화이트 행거형(10자),1249000,https://image.hanssem.com/hsimg/gds/1050/1118/1118503_A1.jpg?v=20250925141219
833,892141,room_0003,fur_type0010,샘베딩 드레스룸 40cm(높이 216cm) 2단행거형 2종,92900,https://image.hanssem.com/hsimg/gds/1050/892/892141_A1.jpg?v=20240809100407
834,1024490,room_0003,fur_type0008,[특가~9/29]아트월 거울 붙박이장 머쉬룸그레이 대칭형(행거형/선반형/서랍형),1166400,https://image.hanssem.com/hsimg/gds/1050/1024/1024490_A1.jpg?v=20250403145710
835,910239,room_0003,fur_type0007,[특가~9/29]샘베딩 마일드 옷장세트 160cm(높이216cm) 서랍형 2종,503800,https://image.hanssem.com/hsimg/gds/1050/910/910239_A1.jpg?v=20241127140104
836,1066320,room_0003,fur_type0007,[특가~9/29]샘베딩 무드 옷장세트 120cm(높이194cm),358430,https://image.hanssem.com/hsimg/gds/1050/1066/1066320_A1.jpg?v=20250717163009
837,1072408,room_0003,fur_type0007,[특가~9/29]샘베딩 스테디 옷장세트 120cm(높이194cm) 거울 멀티서랍장형,465800,https://image.hanssem.com/hsimg/gds/1050/1072/1072408_A1.jpg?v=20250717162742
838,1017794,room_0003,fur_type0012,스테이 플러스 드레스룸 아일랜드 서랍장,548000,https://image.hanssem.com/hsimg/gds/1050/1017/1017794_A1.jpg?v=20240808112746
839,1066286,room_0003,fur_type0007,[특가~9/29]샘베딩 퓨어 옷장세트 120cm (높이194cm) 거울 멀티장형,379400,https://image.hanssem.com/hsimg/gds/550/1066/1066286_A1.jpg?v=20240806095723
840,843608,room_0003,fur_type0008,[특가~9/29]아트월 거울 붙박이장 소프트화이트 대칭형(행거형/선반형/서랍형),1166400,https://image.hanssem.com/hsimg/gds/1050/843/843608_A1.jpg?v=20250403145710
841,1017791,room_0003,fur_type0009,스테이 플러스 드레스룸 40cm 전신거울형,361000,https://image.hanssem.com/hsimg/gds/1050/1017/1017791_A1.jpg?v=20240808112225
842,1047375,room_0003,fur_type0008,시그니처 노엘 슬라이딩 붙박이장 베이지 기본형 250~420cm,2041000,https://image.hanssem.com/hsimg/gds/1050/1047/1047375_A1.jpg?v=20250617145320
843,1066325,room_0003,fur_type0007,[특가~9/29]샘베딩 무드 옷장세트 160cm (높이194cm) 서랍형,509540,https://image.hanssem.com/hsimg/gds/1050/1066/1066325_A1.jpg?v=20240806095723
844,743236,room_0003,fur_type0009,스테이 드레스룸 세트 208cm 행거형,355000,https://image.hanssem.com/hsimg/gds/1050/743/743236_A1.jpg?v=20240809105652
845,1066310,room_0003,fur_type0007,샘베딩 무드 거울옷장 80cm(높이194cm),263340,https://image.hanssem.com/hsimg/gds/1050/1066/1066310_A1.jpg?v=20240806095723
846,1012945,room_0003,fur_type0012,뮤트 베이지 4단서랍장(2종/택1),370000,https://image.hanssem.com/hsimg/gds/1050/1012/1012945_A1.jpg?v=20240808132016
847,910212,room_0003,fur_type0007,샘베딩 마일드 옷장 80cm(높이216cm) 2단행거형 2종,209900,https://image.hanssem.com/hsimg/gds/1050/910/910212_A1.jpg?v=20241127140450
848,1066611,room_0003,fur_type0007,샘베딩 퓨어 옷장 80cm (높이194cm) 2단 행거형,193500,https://image.hanssem.com/hsimg/gds/1050/1066/1066611_A1.jpg?v=20241205133617
849,1050283,room_0003,fur_type0007,로렌 크림 옷장 50cm (높이216cm),172380,https://image.hanssem.com/hsimg/gds/1050/1050/1050283_A1.jpg?v=20250702150247
850,171725,room_0003,fur_type0010,샘베딩 드레스룸 40cm(높이 194cm) 행거서랍형 2종,167900,https://image.hanssem.com/hsimg/gds/1050/171/171725_A1.jpg?v=20240808135310
851,837106,room_0003,fur_type0008,[특가~9/29]바이엘 소프트 작은방 붙박이장 데일리서랍형(150~220cm),944000,https://image.hanssem.com/hsimg/gds/1050/837/837106_A1.jpg?v=20250403145710
852,1042694,room_0003,fur_type0007,바이엘 소프트 옷장 크림화이트 50cm(높이216cm),179360,https://image.hanssem.com/hsimg/gds/1050/1042/1042694_A1.jpg?v=20250723131252
853,262300,room_0003,fur_type0007,샘베딩 스테디 옷장 80cm(높이194cm) 선반형 10종,249900,https://image.hanssem.com/hsimg/gds/1050/262/262300_A1.jpg?v=20240923144423
854,892121,room_0003,fur_type0007,샘베딩 스테디 거울옷장 40cm(높이194cm) 선반서랍형 10종,277900,https://image.hanssem.com/hsimg/gds/1050/892/892121_A1.jpg?v=20250214163950
855,775658,room_0003,fur_type0008,[특가~9/29]바이엘 소프트 슬라이딩 붙박이장 크림화이트 거울선반형(26종/택1),1261600,https://image.hanssem.com/hsimg/gds/1050/775/775658_A1.jpg?v=20250403145709
856,837107,room_0003,fur_type0008,[특가~9/29]바이엘 소프트 작은방 거울 붙박이장 데일리서랍형(150~220cm),980000,https://image.hanssem.com/hsimg/gds/1050/837/837107_A1.jpg?v=20250403145710
857,1100975,room_0003,fur_type0008,시그니처 글래스 붙박이장 기본형(18종/택1),2538000,https://image.hanssem.com/hsimg/gds/1050/1100/1100975_A1.jpg?v=20250626112206
858,1024489,room_0003,fur_type0008,[특가~9/29]아트월 붙박이장 머쉬룸그레이 비대칭형(행거형/선반형/서랍형),1123200,https://image.hanssem.com/hsimg/gds/1050/1024/1024489_A1.jpg?v=20250403145710
859,868242,room_0003,fur_type0007,샘베딩 거울옷장 40cm(높이216cm) 선반형 2종,261900,https://image.hanssem.com/hsimg/gds/1050/868/868242_A1.jpg?v=20240809135045
860,647266,room_0003,fur_type0007,아임빅 슬라이딩 옷장 100cm 행거형 짧은옷장 8종,449000,https://image.hanssem.com/hsimg/gds/1050/647/647266_A1.jpg?v=20240809144137
861,1046942,room_0003,fur_type0007,아트월 루버옷장 머쉬룸그레이 50cm(높이216cm),219760,https://image.hanssem.com/hsimg/gds/1050/1046/1046942_A1.jpg?v=20250519101111
862,214529,room_0003,fur_type0007,바이엘 글로시 옷장세트 화이트 하이글로시 140cm~350cm(높이216cm) 16종,488950,https://image.hanssem.com/hsimg/gds/1050/214/214529_A1.jpg?v=20250702113742
863,892137,room_0003,fur_type0007,샘베딩 클로즈 거울옷장 80cm(높이216cm) 행거서랍형 6종,373500,https://image.hanssem.com/hsimg/gds/1050/892/892137_A1.jpg?v=20240809133019
864,1100971,room_0003,fur_type0008,시그니처 리노아 붙박이장 화이트 장식파우더형(16종/택1),2489000,https://image.hanssem.com/hsimg/gds/1050/1100/1100971_A1.jpg?v=20250626111956
865,177822,room_0003,fur_type0007,[특가~9/29]샘베딩 베이직 옷장세트 240cm(높이194cm) 서랍형 4종,631700,https://image.hanssem.com/hsimg/gds/1050/177/177822_A1.jpg?v=20240808140703
866,837105,room_0003,fur_type0008,[특가~9/29]바이엘 소프트 작은방 거울 붙박이장 행거형(150~220cm),833600,https://image.hanssem.com/hsimg/gds/1050/837/837105_A1.jpg?v=20250403145710
867,1047367,room_0003,fur_type0008,시그니처 인피니 붙박이장 화이트 기본형(18종/택1),1613100,https://image.hanssem.com/hsimg/gds/1050/1047/1047367_A1.jpg?v=20250819103521
868,1034718,room_0003,fur_type0008,시그니처 노아 붙박이장 맞춤설계,21,https://image.hanssem.com/hsimg/gds/550/1034/1034718_A1.jpg?v=20250617170457
869,1054761,room_0003,fur_type0008,매트 붙박이장 엔드판넬(EP),123000,https://image.hanssem.com/hsimg/gds/1050/1054/1054761_A1.jpg?v=20240405083747
870,1100978,room_0003,fur_type0008,시그니처 파우더형 붙박이장,견적상담,https://image.hanssem.com/hsimg/gds/1050/1100/1100978_A1.jpg?v=20250609141922
871,213816,room_0003,fur_type0008,[특가~9/29]바이엘 슬라이딩 붙박이장 화이트(행거형/선반형/서랍형),1206400,https://image.hanssem.com/hsimg/gds/1050/213/213816_A1.jpg?v=20250403145709
872,743247,room_0003,fur_type0009,스테이 드레스룸 세트 248cm 서랍+중간서랍형,571000,https://image.hanssem.com/hsimg/gds/1050/743/743247_A1.jpg?v=20240809110332
873,810477,room_0003,fur_type0008,[특가~9/29]바이엘 채널 거울 붙박이장 화이트 데일리서랍형(18종/택1),1077600,https://image.hanssem.com/hsimg/gds/1050/810/810477_A1.jpg?v=20250403145710
874,1016954,room_0003,fur_type0008,시그니처 데코 슬라이딩 붙박이장 베이직형(17종/택1),1953000,https://image.hanssem.com/hsimg/gds/1050/1016/1016954_A1.jpg?v=20250617150740
875,837102,room_0003,fur_type0008,[특가~9/29]바이엘 채널 작은방 붙박이장 데일리서랍형(150~220cm),801600,https://image.hanssem.com/hsimg/gds/1050/837/837102_A1.jpg?v=20250403145710
876,743257,room_0003,fur_type0009,스테이 드레스룸 세트 240+118cm 서랍+거울형,813000,https://image.hanssem.com/hsimg/gds/1050/743/743257_A1.jpg?v=20240809105842
877,910220,room_0003,fur_type0007,샘베딩 마일드 거울옷장 40cm(높이216cm) 선반형 1종,272900,https://image.hanssem.com/hsimg/gds/1050/910/910220_A1.jpg?v=20240809093402
878,1012946,room_0003,fur_type0009,"뮤트 프렌치, 뮤트 베이지 옷장 엔드판넬(EP)",74000,https://image.hanssem.com/hsimg/gds/1050/1012/1012946_A1.jpg?v=20240808132512
879,177823,room_0003,fur_type0007,샘베딩 베이직 거울옷장세트 120cm(높이194cm) 행거형 4종,369800,https://image.hanssem.com/hsimg/gds/1050/177/177823_A1.jpg?v=20240808140627
880,1066855,room_0003,fur_type0007,샘베딩 스테디 거울 멀티서랍장 40cm(높이194cm),299900,https://image.hanssem.com/hsimg/gds/1050/1066/1066855_A1.jpg?v=20240913080309
881,1066884,room_0003,fur_type0007,샘베딩 스테디 옷장세트 240cm(높이194cm),578160,https://image.hanssem.com/hsimg/gds/1050/1066/1066884_A1.jpg?v=20240912194429
882,1066850,room_0003,fur_type0007,샘베딩 스테디 옷장 80cm(높이194cm) 서랍형,277900,https://image.hanssem.com/hsimg/gds/1050/1066/1066850_A1.jpg?v=20240912194429
883,1047369,room_0003,fur_type0008,시그니처 인피니 붙박이장 엔드판넬(EP),121600,https://image.hanssem.com/hsimg/gds/1050/1047/1047369_A1.jpg?v=20250513102905
884,743215,room_0003,fur_type0009,스테이 드레스룸 42cm 연결형 5종,86670,https://image.hanssem.com/hsimg/gds/1050/743/743215_A1.jpg?v=20240809101510
885,1066279,room_0003,fur_type0007,샘베딩 퓨어 거울옷장 80cm (높이194cm),254870,https://image.hanssem.com/hsimg/gds/1050/1066/1066279_A1.jpg?v=20241029155353
886,1016275,room_0003,fur_type0008,시그니처 노아 붙박이장 엔드판넬(EP) 2종/택1,117000,https://image.hanssem.com/hsimg/gds/550/1016/1016275_A1.jpg?v=20250513105125
887,1029518,room_0003,fur_type0008,바이엘 슬라이딩 붙박이장 맞춤설계,12,https://image.hanssem.com/hsimg/gds/1050/1029/1029518_A1.jpg?v=20250404131109
888,604650,room_0003,fur_type0007,샘베딩 스테디 옷장 40cm(높이194cm) 행거서랍형 10종,207900,https://image.hanssem.com/hsimg/gds/1050/604/604650_A1.jpg?v=20250214163950
889,1066879,room_0003,fur_type0007,샘베딩 스테디 옷장세트 120cm(높이194cm) 서랍형,413170,https://image.hanssem.com/hsimg/gds/1050/1066/1066879_A1.jpg?v=20240912194429
890,1100966,room_0003,fur_type0008,시그니처 리노아 붙박이장 화이트 기본형(18종/택1),1598850,https://image.hanssem.com/hsimg/gds/1050/1100/1100966_A1.jpg?v=20250626111743
891,1014146,room_0003,fur_type0008,시그니처 스케치 붙박이장 의류관리형(13종/택1),1303000,https://image.hanssem.com/hsimg/gds/1050/1014/1014146_A1.jpg?v=20250617153536
892,843585,room_0003,fur_type0008,[특가~9/29]아트월 붙박이장 소프트화이트 대칭형(행거형/선반형/서랍형),1112800,https://image.hanssem.com/hsimg/gds/1050/843/843585_A1.jpg?v=20250403145710
893,1100972,room_0003,fur_type0008,시그니처 리노아 붙박이장 베이지 장식파우더형(16종/택1),2489000,https://image.hanssem.com/hsimg/gds/1050/1100/1100972_A1.jpg?v=20250626112027
894,1066881,room_0003,fur_type0007,[특가~9/29]샘베딩 스테디 옷장세트 120cm(높이194cm) 수납파우더장형,465800,https://image.hanssem.com/hsimg/gds/1050/1066/1066881_A1.jpg?v=20240913081609
895,1046947,room_0003,fur_type0007,아트월 콤비옷장 머쉬룸그레이 90/100cm(높이216cm),324720,https://image.hanssem.com/hsimg/gds/1050/1046/1046947_A1.jpg?v=20250702131825
896,1042690,room_0003,fur_type0007,바이엘 옷장 화이트 90/100cm(높이216cm),262400,https://image.hanssem.com/hsimg/gds/1050/1042/1042690_A1.jpg?v=20250723131900
897,269222,room_0003,fur_type0011,샘베딩 스테디 서랍장 5단 800 4종,199900,https://image.hanssem.com/hsimg/gds/1050/269/269222_A1.jpg?v=20250108133907
898,1066322,room_0003,fur_type0007,[특가~9/29]샘베딩 무드 옷장세트 120cm (높이194cm) 거울 멀티장형,405800,https://image.hanssem.com/hsimg/gds/1050/1066/1066322_A1.jpg?v=20240806095723
899,1066847,room_0003,fur_type0007,샘베딩 스테디 옷장 80cm(높이194cm),221940,https://image.hanssem.com/hsimg/gds/1050/1066/1066847_A1.jpg?v=20240912194429
900,910241,room_0003,fur_type0007,[특가~9/29]샘베딩 마일드 옷장세트 240cm(높이216cm) 서랍형 2종,709700,https://image.hanssem.com/hsimg/gds/1050/910/910241_A1.jpg?v=20241127140104
901,604651,room_0003,fur_type0007,샘베딩 스테디 옷장 40cm(높이194cm) 선반서랍형 10종,227900,https://image.hanssem.com/hsimg/gds/1050/604/604651_A1.jpg?v=20250214163950
902,945925,room_0003,fur_type0013,프레임 클래식 옷장 엔드판넬(EP),119100,https://image.hanssem.com/hsimg/gds/1050/945/945925_A1.jpg?v=20250519105111
903,1066285,room_0003,fur_type0007,[특가~9/29]샘베딩 퓨어 옷장세트 120cm (높이194cm) 서랍형,422730,https://image.hanssem.com/hsimg/gds/1050/1066/1066285_A1.jpg?v=20250717163133
904,1047373,room_0003,fur_type0008,시그니처 페어 붙박이장 엔드판넬(EP),119000,https://image.hanssem.com/hsimg/gds/1050/1047/1047373_A1.jpg?v=20250513103107
905,262308,room_0003,fur_type0007,샘베딩 스테디 도어 6단(높이194cm) 40cm (몸통미포함) 4종,50000,https://image.hanssem.com/hsimg/gds/1050/262/262308_A1.jpg?v=20240923144424
906,645137,room_0003,fur_type0010,[특가~9/29]샘베딩 드레스룸 세트 280cm(높이 194cm) 선반형 2종,403600,https://image.hanssem.com/hsimg/gds/1050/645/645137_A1.jpg?v=20240809112125
907,1047368,room_0003,fur_type0008,시그니처 인피니 붙박이장 베이지 기본형(18종/택1),1613100,https://image.hanssem.com/hsimg/gds/1050/1047/1047368_A1.jpg?v=20250617163342
908,1029513,room_0003,fur_type0008,바이엘 붙박이장 맞춤설계,9,https://image.hanssem.com/hsimg/gds/1050/1029/1029513_A1.jpg?v=20250404131109
909,1042689,room_0003,fur_type0007,바이엘 채널 거울옷장 화이트 90/100cm(높이216cm),342400,https://image.hanssem.com/hsimg/gds/1050/1042/1042689_A1.jpg?v=20250723130253
910,703620,room_0003,fur_type0007,바이엘 채널 거울옷장세트 화이트 140cm~350cm(높이216cm) 16종,535150,https://image.hanssem.com/hsimg/gds/1050/703/703620_A1.jpg?v=20250821150747
911,1066287,room_0003,fur_type0007,[특가~9/29]샘베딩 퓨어 옷장세트 120cm (높이194cm) 수납파우더장형,469400,https://image.hanssem.com/hsimg/gds/1050/1066/1066287_A1.jpg?v=20240806095723
912,1017795,room_0003,fur_type0009,스테이 플러스 드레스룸 측면 다용도걸이 2종,17000,https://image.hanssem.com/hsimg/gds/1050/1017/1017795_A1.jpg?v=20250423154529
913,370129,room_0003,fur_type0008,붙박이장 엔드판넬(EP) 2종/택1,101000,https://image.hanssem.com/hsimg/gds/550/370/370129_A1.jpg?v=20240402144000
914,892136,room_0003,fur_type0007,샘베딩 클로즈 거울옷장 40cm(높이216cm) 선반서랍형 6종,305500,https://image.hanssem.com/hsimg/gds/1050/892/892136_A1.jpg?v=20240809134039
915,993421,room_0003,fur_type0009,바흐 드레스룸 연결형 82cm,164000,https://image.hanssem.com/hsimg/gds/1050/993/993421_A1.jpg?v=20240808134835
916,177196,room_0003,fur_type0007,샘베딩 거울옷장 40cm(높이194cm) 선반형 2종,219900,https://image.hanssem.com/hsimg/gds/1050/177/177196_A1.jpg?v=20240808140238
917,1046929,room_0003,fur_type0007,피카 갤러리 옷장 화이트 90/100cm(높이216cm),322400,https://image.hanssem.com/hsimg/gds/1050/1046/1046929_A1.jpg?v=20250723132151
918,1046933,room_0003,fur_type0007,바이엘 글로시 옷장 화이트 하이글로시 50cm(높이216cm),178620,https://image.hanssem.com/hsimg/gds/1050/1046/1046933_A1.jpg?v=20250723131724
919,892119,room_0003,fur_type0007,샘베딩 스테디 거울옷장 40cm(높이194cm) 행거서랍형 10종,257900,https://image.hanssem.com/hsimg/gds/1050/892/892119_A1.jpg?v=20250214163950
920,214525,room_0003,fur_type0007,바이엘 옷장세트 화이트 140cm~350cm(높이216cm) 16종,441980,https://image.hanssem.com/hsimg/gds/1050/214/214525_A1.jpg?v=20250805110601
921,1046944,room_0003,fur_type0007,아트월 루버옷장 머쉬룸그레이 90/100cm(높이216cm),355880,https://image.hanssem.com/hsimg/gds/1050/1046/1046944_A1.jpg?v=20250702131047
922,177837,room_0003,fur_type0007,[특가~9/29]샘베딩 베이직 거울옷장세트 240cm(높이194cm) 행거형 4종,607700,https://image.hanssem.com/hsimg/gds/1050/177/177837_A1.jpg?v=20240808140438
923,1012927,room_0003,fur_type0009,뮤트 프렌치 옷장 45/50cm(3종/택1),291000,https://image.hanssem.com/hsimg/gds/1050/1012/1012927_A1.jpg?v=20250702141517
924,1046934,room_0003,fur_type0007,바이엘 글로시 옷장 화이트 하이글로시 90/100cm(높이216cm),292000,https://image.hanssem.com/hsimg/gds/1050/1046/1046934_A1.jpg?v=20250723131531
925,613376,room_0003,fur_type0007,[특가~9/29]샘베딩 클로즈 거울옷장세트 120cm(높이216cm) 행거형 6종,453800,https://image.hanssem.com/hsimg/gds/1050/613/613376_A1.jpg?v=20240809100633
926,39648,room_0003,fur_type0007,샘베딩 베이직 옷장 40cm(높이194cm) 1단행거형 4종,129900,https://image.hanssem.com/hsimg/gds/1050/39/39648_A1.jpg?v=20240808095549
927,743207,room_0003,fur_type0009,스테이 드레스룸 84cm 단독형 10종,151680,https://image.hanssem.com/hsimg/gds/1050/743/743207_A1.jpg?v=20240913104432
928,1017072,room_0003,fur_type0008,시그니처 데코 슬라이딩 붙박이장 엔드판넬(EP),110000,https://image.hanssem.com/hsimg/gds/1050/1017/1017072_A1.jpg?v=20250605131714
929,289949,room_0003,fur_type0007,[특가~9/29]샘베딩 클로즈 옷장세트 240cm(높이216cm) 서랍형 6종,750700,https://image.hanssem.com/hsimg/gds/1050/289/289949_A1.jpg?v=20240808144853
930,566741,room_0003,fur_type0007,[특가~9/29]샘베딩 스테디 옷장세트 240cm(높이194cm) 행거형 10종,577700,https://image.hanssem.com/hsimg/gds/1050/566/566741_A1.jpg?v=20240923144423
931,1066318,room_0003,fur_type0007,샘베딩 무드 거울 멀티서랍장 40cm(높이194cm),309900,https://image.hanssem.com/hsimg/gds/1050/1066/1066318_A1.jpg?v=20240812171346
932,843611,room_0003,fur_type0008,[특가~9/29]아트월 거울 붙박이장 소프트화이트 비대칭형(행거형/선반형/서랍형),1176800,https://image.hanssem.com/hsimg/gds/1050/843/843611_A1.jpg?v=20250403145710
933,1017784,room_0003,fur_type0009,스테이 플러스 드레스룸 42cm 연결형 4종,128000,https://image.hanssem.com/hsimg/gds/1050/1017/1017784_A1.jpg?v=20240808111243
934,743252,room_0003,fur_type0009,[55딜]스테이 드레스룸 세트 290cm 서랍형,550000,https://image.hanssem.com/hsimg/gds/1050/743/743252_A1.jpg?v=20240809112237
935,1012928,room_0003,fur_type0009,뮤트 베이지 옷장 45/50cm(3종/택1),237000,https://image.hanssem.com/hsimg/gds/1050/1012/1012928_A1.jpg?v=20250702141550
936,177820,room_0003,fur_type0007,[특가~9/29]샘베딩 베이직 옷장세트 160cm(높이194cm) 서랍형 4종,455800,https://image.hanssem.com/hsimg/gds/1050/177/177820_A1.jpg?v=20240808140747
937,302469,room_0003,fur_type0007,바이엘 슬라이딩 옷장 화이트 1600~2000 행거형/수납형(12종/택1),830700,https://image.hanssem.com/hsimg/gds/1050/302/302469_A1.jpg?v=20250403145709
938,39560,room_0003,fur_type0010,샘베딩 드레스룸 80cm(높이 194cm) 1단행거형 2종,99900,https://image.hanssem.com/hsimg/gds/1050/39/39560_A1.jpg?v=20240808094217
939,645136,room_0003,fur_type0010,[특가~9/29]샘베딩 드레스룸 세트 240cm(높이 194cm) 서랍형 2종,387700,https://image.hanssem.com/hsimg/gds/1050/645/645136_A1.jpg?v=20240809112156
940,743235,room_0003,fur_type0009,스테이 드레스룸 세트 166cm 하부수납형,360000,https://image.hanssem.com/hsimg/gds/1050/743/743235_A1.jpg?v=20240809104552
941,171733,room_0003,fur_type0007,샘베딩 베이직 옷장 80cm(높이194cm) 행거서랍형 4종,269900,https://image.hanssem.com/hsimg/gds/1050/171/171733_A1.jpg?v=20241205133824
942,1029521,room_0003,fur_type0008,시그니처 스케치 엣지 붙박이장 맞춤설계,16,https://image.hanssem.com/hsimg/gds/1050/1029/1029521_A1.jpg?v=20250617155521
943,743250,room_0003,fur_type0009,[55딜]스테이 드레스룸 세트 290cm 행거+거울형,550000,https://image.hanssem.com/hsimg/gds/1050/743/743250_A1.jpg?v=20240809112344
944,566734,room_0003,fur_type0007,[특가~9/29]샘베딩 베이직 거울옷장세트 240cm(높이194cm) 서랍형 4종,691700,https://image.hanssem.com/hsimg/gds/1050/566/566734_A1.jpg?v=20240809095518
945,935955,room_0003,fur_type0011,샘베딩 마일드 서랍장 3단 800 2종,165900,https://image.hanssem.com/hsimg/gds/1050/935/935955_A1.jpg?v=20241216165943
946,743220,room_0003,fur_type0009,스테이 드레스룸 세트 126cm 서랍형,379000,https://image.hanssem.com/hsimg/gds/1050/743/743220_A1.jpg?v=20240809103124
947,1047383,room_0003,fur_type0008,시그니처 페어 붙박이장 맞춤설계,16,https://image.hanssem.com/hsimg/gds/1050/1047/1047383_A1.jpg?v=20250627100943
948,811503,room_0003,fur_type0007,바이엘 소프트 옷장세트 크림화이트 140cm~350cm(높이216cm) 16종,493500,https://image.hanssem.com/hsimg/gds/1050/811/811503_A1.jpg?v=20250805103054
949,171726,room_0003,fur_type0010,샘베딩 드레스룸 40cm(높이 194cm) 선반서랍형 2종,187900,https://image.hanssem.com/hsimg/gds/1050/171/171726_A1.jpg?v=20240808135232
950,868248,room_0003,fur_type0010,샘베딩 드레스룸 40cm(높이 216cm) 1단행거형 2종,102900,https://image.hanssem.com/hsimg/gds/1050/868/868248_A1.jpg?v=20240809100824
951,39556,room_0003,fur_type0010,샘베딩 드레스룸 40cm(높이 194cm) 1단행거형 2종,89900,https://image.hanssem.com/hsimg/gds/1050/39/39556_A1.jpg?v=20240808094403
952,743253,room_0003,fur_type0009,스테이 드레스룸 세트 290cm 서랍+거울형,724000,https://image.hanssem.com/hsimg/gds/1050/743/743253_A1.jpg?v=20240809112122
953,910252,room_0003,fur_type0007,[특가~9/29]샘베딩 마일드 거울옷장세트 160cm(높이216cm) 행거형 2종,529800,https://image.hanssem.com/hsimg/gds/1050/910/910252_A1.jpg?v=20250915104020
954,743237,room_0003,fur_type0009,스테이 드레스룸 세트 208cm 거울형,487000,https://image.hanssem.com/hsimg/gds/1050/743/743237_A1.jpg?v=20240809105359
955,810476,room_0003,fur_type0008,[특가~9/29]바이엘 채널 붙박이장 화이트 데일리서랍형(18종/택1),1000800,https://image.hanssem.com/hsimg/gds/1050/810/810476_A1.jpg?v=20250425103112
956,743211,room_0003,fur_type0012,스테이 서랍장 4단 800 아일랜드형 3종,289900,https://image.hanssem.com/hsimg/gds/1050/743/743211_A1.jpg?v=20240809112925
957,743218,room_0003,fur_type0009,스테이 드레스룸 세트 126cm 거울형,387000,https://image.hanssem.com/hsimg/gds/1050/743/743218_A1.jpg?v=20240809102748
958,743245,room_0003,fur_type0009,스테이 드레스룸 세트 248cm 행거형,370000,https://image.hanssem.com/hsimg/gds/1050/743/743245_A1.jpg?v=20240809112013
959,640012,room_0003,fur_type0010,샘베딩 드레스룸 80cm(높이 216cm) 2단행거형 2종,109900,https://image.hanssem.com/hsimg/gds/1050/640/640012_A1.jpg?v=20240809101731
960,1017779,room_0003,fur_type0009,스테이 플러스 드레스룸 84cm 단독형 8종,236000,https://image.hanssem.com/hsimg/gds/1050/1017/1017779_A1.jpg?v=20240808105938
961,1100967,room_0003,fur_type0008,시그니처 리노아 붙박이장 베이지 기본형(18종/택1),1598850,https://image.hanssem.com/hsimg/gds/1050/1100/1100967_A1.jpg?v=20250626111825
962,993869,room_0003,fur_type0007,조이S 2 슬라이딩 옷장1000,668000,https://image.hanssem.com/hsimg/gds/1050/993/993869_A1.jpg?v=20241205150543
963,743213,room_0003,fur_type0009,스테이 드레스룸 62cm 연결형 7종,93960,https://image.hanssem.com/hsimg/gds/1050/743/743213_A1.jpg?v=20240913104432
964,262291,room_0003,fur_type0007,샘베딩 스테디 옷장 80cm(높이194cm) 1단행거형 10종,209900,https://image.hanssem.com/hsimg/gds/1050/262/262291_A1.jpg?v=20250214163950
965,39649,room_0003,fur_type0007,샘베딩 베이직 옷장 40cm(높이194cm) 선반형 4종,159900,https://image.hanssem.com/hsimg/gds/1050/39/39649_A1.jpg?v=20240808095423
966,1066288,room_0003,fur_type0007,[특가~9/29]샘베딩 퓨어 옷장세트 160cm (높이194cm),403690,https://image.hanssem.com/hsimg/gds/1050/1066/1066288_A1.jpg?v=20240806095723
967,289932,room_0003,fur_type0007,샘베딩 클로즈 옷장 80cm(높이216cm) 선반형 6종,279900,https://image.hanssem.com/hsimg/gds/1050/289/289932_A1.jpg?v=20240808145419
968,892125,room_0003,fur_type0007,샘베딩 거울옷장 40cm(높이194cm) 수납박스형 2종,283000,https://image.hanssem.com/hsimg/gds/1050/892/892125_A1.jpg?v=20240809135519
969,910209,room_0003,fur_type0007,샘베딩 마일드 옷장 40cm(높이216cm) 선반서랍형 4종,239900,https://image.hanssem.com/hsimg/gds/1050/910/910209_A1.jpg?v=20240808172533
970,1029522,room_0003,fur_type0008,시그니처 스케치 라인 붙박이장 맞춤설계,19,https://image.hanssem.com/hsimg/gds/1050/1029/1029522_A1.jpg?v=20250626155442
971,993761,room_0003,fur_type0007,내추럴 옷장세트 270~300cm,1218000,https://image.hanssem.com/hsimg/gds/1050/993/993761_A1.jpg?v=20240808135959
972,1066276,room_0003,fur_type0007,샘베딩 퓨어 옷장 40cm (높이194cm),141180,https://image.hanssem.com/hsimg/gds/1050/1066/1066276_A1.jpg?v=20241029155616
973,992899,room_0003,fur_type0012,바흐 드레스룸 아일랜드 서랍장(화이트/그레이),547000,https://image.hanssem.com/hsimg/gds/1050/992/992899_A1.jpg?v=20240808134237
974,973717,room_0003,fur_type0013,아트월 옷장 엔드판넬(EP) 2종/택1,119100,https://image.hanssem.com/hsimg/gds/1050/973/973717_A1.jpg?v=20250519105111
975,743238,room_0003,fur_type0009,스테이 드레스룸 세트 208cm ACC수납형,424000,https://image.hanssem.com/hsimg/gds/1050/743/743238_A1.jpg?v=20240809105316
976,1116036,room_0003,fur_type0011,(아울렛)샘베딩 스테디 서랍장 5단 600 멀티형,216000,https://image.hanssem.com/hsimg/gds/550/1116/1116036_A1.jpg?v=20250912103227
977,843601,room_0003,fur_type0008,[특가~9/29]아트월 붙박이장 소프트화이트 비대칭형(행거형/선반형/서랍형),1123200,https://image.hanssem.com/hsimg/gds/1050/843/843601_A1.jpg?v=20250403145710
978,39557,room_0003,fur_type0010,샘베딩 드레스룸 40cm(높이 194cm) 선반형 2종,119900,https://image.hanssem.com/hsimg/gds/1050/39/39557_A1.jpg?v=20240808094336
979,1029510,room_0003,fur_type0008,바이엘 글로시 붙박이장 맞춤설계,11,https://image.hanssem.com/hsimg/gds/1050/1029/1029510_A1.jpg?v=20250404131109
980,177193,room_0003,fur_type0007,샘베딩 거울도어 6단(높이194cm) 40cm (몸통미포함),100000,https://image.hanssem.com/hsimg/gds/1050/177/177193_A1.jpg?v=20240808135944
981,1050289,room_0003,fur_type0007,로렌 크림 옷장세트 140~350cm (높이216cm),465850,https://image.hanssem.com/hsimg/gds/1050/1050/1050289_A1.jpg?v=20250702150539
982,1066319,room_0003,fur_type0007,샘베딩 무드 라운드파우더장 40cm (높이194cm),309900,https://image.hanssem.com/hsimg/gds/1050/1066/1066319_A1.jpg?v=20240812171427
983,837101,room_0003,fur_type0008,[특가~9/29]바이엘 채널 작은방 거울 붙박이장 행거형(150~220cm),724800,https://image.hanssem.com/hsimg/gds/1050/837/837101_A1.jpg?v=20250403145710
984,910213,room_0003,fur_type0007,샘베딩 마일드 옷장 80cm(높이216cm) 1단행거형 2종,229900,https://image.hanssem.com/hsimg/gds/1050/910/910213_A1.jpg?v=20241127140529
985,910240,room_0003,fur_type0007,[특가~9/29]샘베딩 마일드 옷장세트 240cm(높이216cm) 행거형 2종,637700,https://image.hanssem.com/hsimg/gds/1050/910/910240_A1.jpg?v=20241127141533
986,645147,room_0003,fur_type0010,[특가~9/29]샘베딩 드레스룸 세트 160cm(높이 216cm) 행거형 2종,239800,https://image.hanssem.com/hsimg/gds/1050/645/645147_A1.jpg?v=20240809111832
987,1029515,room_0003,fur_type0008,바이엘 소프트 붙박이장 맞춤설계,11,https://image.hanssem.com/hsimg/gds/1050/1029/1029515_A1.jpg?v=20250404131109
988,1024491,room_0003,fur_type0008,[특가~9/29]아트월 거울 붙박이장 머쉬룸그레이 비대칭(행거형/선반형/서랍형),1176800,https://image.hanssem.com/hsimg/gds/1050/1024/1024491_A1.jpg?v=20250403145711
989,1012884,room_0003,fur_type0008,시그니처 노아 붙박이장 베이지 기본형(36종/택1),1958000,https://image.hanssem.com/hsimg/gds/1050/1012/1012884_A1.jpg?v=20250617165918
990,645145,room_0003,fur_type0010,[특가~9/29]샘베딩 드레스룸 세트 120cm(높이 216cm) 행거형 2종,212800,https://image.hanssem.com/hsimg/gds/1050/645/645145_A1.jpg?v=20240809111932
991,1046967,room_0003,fur_type0007,아트월 옷장세트 소프트화이트 비대칭형 140cm~350cm(216cm) 16종,500800,https://image.hanssem.com/hsimg/gds/1050/1046/1046967_A1.jpg?v=20250702134221
992,775649,room_0003,fur_type0007,바이엘 소프트 슬라이딩 옷장 크림화이트 1600~2000(12종/택1),929760,https://image.hanssem.com/hsimg/gds/1050/775/775649_A1.jpg?v=20250404111036
993,910253,room_0003,fur_type0007,[특가~9/29]샘베딩 마일드 거울옷장세트 160cm(높이216cm) 서랍형 2종,615800,https://image.hanssem.com/hsimg/gds/1050/910/910253_A1.jpg?v=20241127140104
994,1066851,room_0003,fur_type0007,샘베딩 스테디 거울옷장 80cm(높이194cm),260820,https://image.hanssem.com/hsimg/gds/1050/1066/1066851_A1.jpg?v=20240912194429
995,1017788,room_0003,fur_type0009,스테이 플러스 드레스룸 102cm 연결형 2종,162000,https://image.hanssem.com/hsimg/gds/1050/1017/1017788_A1.jpg?v=20240808111629
996,1066326,room_0003,fur_type0007,[특가~9/29]샘베딩 무드 옷장세트 240cm (높이194cm),665760,https://image.hanssem.com/hsimg/gds/1050/1066/1066326_A1.jpg?v=20240806095723
997,1012944,room_0003,fur_type0012,뮤트 프렌치 4단서랍장(2종/택1),399000,https://image.hanssem.com/hsimg/gds/1050/1012/1012944_A1.jpg?v=20240808114417
998,965544,room_0003,fur_type0009,스테이 드레스룸 가방 디바이더(2개입) 2종,32000,https://image.hanssem.com/hsimg/gds/1050/965/965544_A1.jpg?v=20240808140358
999,604654,room_0003,fur_type0007,샘베딩 클로즈 거울옷장 80cm(높이216cm) 1단행거형 6종,321900,https://image.hanssem.com/hsimg/gds/1050/604/604654_A1.jpg?v=20240809100410
1000,743241,room_0003,fur_type0009,스테이 드레스룸 세트 208cm 서랍형,484000,https://image.hanssem.com/hsimg/gds/1050/743/743241_A1.jpg?v=20240809105440
1001,1066885,room_0003,fur_type0007,[특가~9/29]샘베딩 스테디 옷장세트 240cm(높이194cm) 서랍형,663000,https://image.hanssem.com/hsimg/gds/1050/1066/1066885_A1.jpg?v=20240912194429
1002,1034721,room_0003,fur_type0008,시그니처 노엘 슬라이딩 붙박이장 맞춤설계,21,https://image.hanssem.com/hsimg/gds/1050/1034/1034721_A1.jpg?v=20250627102822
1003,1029514,room_0003,fur_type0008,바이엘 채널 붙박이장 맞춤설계,9,https://image.hanssem.com/hsimg/gds/1050/1029/1029514_A1.jpg?v=20250404131109
1004,1029519,room_0003,fur_type0008,바이엘 소프트 슬라이딩 붙박이장 맞춤설계,12,https://image.hanssem.com/hsimg/gds/1050/1029/1029519_A1.jpg?v=20250404131109
1005,177827,room_0003,fur_type0007,[특가~9/29]샘베딩 베이직 거울옷장세트 160cm(높이194cm) 행거형 4종,431800,https://image.hanssem.com/hsimg/gds/1050/177/177827_A1.jpg?v=20240808140526
1006,910185,room_0003,fur_type0007,샘베딩 마일드 옷장 40cm(높이216cm) 1단행거형 2종,154900,https://image.hanssem.com/hsimg/gds/1050/910/910185_A1.jpg?v=20241127140324
1007,645138,room_0003,fur_type0010,[특가~9/29]샘베딩 드레스룸 세트 280cm(높이 194cm) 서랍형 2종,503600,https://image.hanssem.com/hsimg/gds/1050/645/645138_A1.jpg?v=20240809112058
1008,1117870,room_0003,fur_type0007,스케치 엣지 옷장 브릭파우더 90/100cm(높이 216cm),297500,https://image.hanssem.com/hsimg/gds/1050/1117/1117870_A1.jpg?v=20250905111313
1009,289961,room_0003,fur_type0011,샘베딩 베이직 서랍장 4단 800 아일랜드형 2종,279900,https://image.hanssem.com/hsimg/gds/1050/289/289961_A1.jpg?v=20250710092204
1010,910256,room_0003,fur_type0007,샘베딩 라이트골드 거울 도어 6단(높이 194cm) 40cm (몸통미포함),161000,https://image.hanssem.com/hsimg/gds/1050/910/910256_A1.jpg?v=20240809095600
1011,387690,room_0003,fur_type0007,"부착형 전신거울 (옷장,드레스룸 전용)",14000,https://image.hanssem.com/hsimg/gds/1050/387/387690_A1.jpg?v=20240809093015
1012,269221,room_0003,fur_type0011,샘베딩 스테디 서랍장 3단 800 4종,145900,https://image.hanssem.com/hsimg/gds/1050/269/269221_A1.jpg?v=20241007131437
1013,289958,room_0003,fur_type0007,[특가~9/29]샘베딩 스테디 옷장세트 120cm(높이194cm) 서랍형 10종,403800,https://image.hanssem.com/hsimg/gds/1050/289/289958_A1.jpg?v=20240923144423
1014,1046962,room_0003,fur_type0007,아트월 옷장세트 소프트화이트 대칭형 140cm~350cm(216cm) 16종,531200,https://image.hanssem.com/hsimg/gds/1050/1046/1046962_A1.jpg?v=20250702133704
1015,1042691,room_0003,fur_type0007,바이엘 옷장 화이트 50cm(높이216cm),159900,https://image.hanssem.com/hsimg/gds/1050/1042/1042691_A1.jpg?v=20250723132108
1016,1017780,room_0003,fur_type0009,스테이 플러스 드레스룸 82cm 연결형 8종,143000,https://image.hanssem.com/hsimg/gds/1050/1017/1017780_A1.jpg?v=20240808110028
1017,993418,room_0003,fur_type0009,바흐 드레스룸 단독형 84cm,257000,https://image.hanssem.com/hsimg/gds/1050/993/993418_A1.jpg?v=20240808134522
1018,645165,room_0003,fur_type0010,[특가~9/29]샘베딩 드레스룸 세트 280cm(높이 216cm) 선반형 2종,472600,https://image.hanssem.com/hsimg/gds/1050/645/645165_A1.jpg?v=20240809111515
1019,1017787,room_0003,fur_type0009,스테이 플러스 드레스룸 104cm 단독형 2종,255000,https://image.hanssem.com/hsimg/gds/1050/1017/1017787_A1.jpg?v=20240808111541
1020,39652,room_0003,fur_type0007,샘베딩 베이직 옷장 80cm(높이194cm) 1단행거형 4종,199900,https://image.hanssem.com/hsimg/gds/1050/39/39652_A1.jpg?v=20240808095157
1021,657127,room_0003,fur_type0010,[특가~9/29]샘베딩 드레스룸 세트 120cm(높이 194cm) 행거형 2종,181800,https://image.hanssem.com/hsimg/gds/1050/657/657127_A1.jpg?v=20240809140838
1022,1046951,room_0003,fur_type0007,아트월 거울옷장 머쉬룸그레이 90/100cm(높이216cm),316800,https://image.hanssem.com/hsimg/gds/1050/1046/1046951_A1.jpg?v=20250702132229
1023,1046946,room_0003,fur_type0007,아트월 콤비옷장 소프트화이트 90/100cm(높이216cm),324720,https://image.hanssem.com/hsimg/gds/1050/1046/1046946_A1.jpg?v=20250702131206
1024,811400,room_0003,fur_type0007,바이엘 채널 옷장세트 화이트 데일리서랍형 140cm~350cm(높이216cm) 16종,543620,https://image.hanssem.com/hsimg/gds/1050/811/811400_A1.jpg?v=20250805111926
1025,1003943,room_0003,fur_type0008,시그니처 스케치 붙박이장 엔드판넬(EP),74000,https://image.hanssem.com/hsimg/gds/1050/1003/1003943_A1.jpg?v=20250627102519
1026,1046937,room_0003,fur_type0007,아트월 일반옷장 머쉬룸그레이 50cm(높이216cm),184000,https://image.hanssem.com/hsimg/gds/1050/1046/1046937_A1.jpg?v=20250519101006
1027,743217,room_0003,fur_type0009,스테이 드레스룸 세트 126cm 행거형,247000,https://image.hanssem.com/hsimg/gds/1050/743/743217_A1.jpg?v=20240809103251
1028,39565,room_0003,fur_type0007,[특가~9/29]샘베딩 베이직 옷장세트 120cm(높이194cm) 행거형 4종,301800,https://image.hanssem.com/hsimg/gds/1050/39/39565_A1.jpg?v=20240808094623
1029,1042685,room_0003,fur_type0007,바이엘 채널 옷장 화이트 90/100cm(높이216cm),256800,https://image.hanssem.com/hsimg/gds/1050/1042/1042685_A1.jpg?v=20250723110954
1030,945924,room_0003,fur_type0007,프레임 클래식 옷장세트 코튼화이트 140cm~350cm(216cm) 16종,513000,https://image.hanssem.com/hsimg/gds/1050/945/945924_A1.jpg?v=20250805112048
1031,743793,room_0003,fur_type0009,스테이 드레스룸 측면 다용도 걸이 2종,13600,https://image.hanssem.com/hsimg/gds/1050/743/743793_A1.jpg?v=20250423152803
1032,262293,room_0003,fur_type0007,샘베딩 스테디 옷장 40cm(높이194cm) 1단행거형 10종,139900,https://image.hanssem.com/hsimg/gds/1050/262/262293_A1.jpg?v=20250214163950
1033,910259,room_0003,fur_type0007,샘베딩 마일드 도어 7단(높이216cm) 40cm (몸통미포함) 2종,48000,https://image.hanssem.com/hsimg/gds/1050/910/910259_A1.jpg?v=20241127142446
1034,993509,room_0003,fur_type0007,내추럴 옷장 90/100cm,404000,https://image.hanssem.com/hsimg/gds/1050/993/993509_A1.jpg?v=20240808135826
1035,289936,room_0003,fur_type0007,[특가~9/29]샘베딩 클로즈 옷장세트 120cm(높이216cm) 행거형 6종,371800,https://image.hanssem.com/hsimg/gds/1050/289/289936_A1.jpg?v=20240808145051
1036,837104,room_0003,fur_type0008,[특가~9/29]바이엘 소프트 작은방 붙박이장 행거형(150~220cm),797600,https://image.hanssem.com/hsimg/gds/1050/837/837104_A1.jpg?v=20250403145710
1037,1066878,room_0003,fur_type0007,샘베딩 스테디 옷장세트 120cm(높이194cm),331870,https://image.hanssem.com/hsimg/gds/1050/1066/1066878_A1.jpg?v=20240912194429
1038,647268,room_0003,fur_type0007,아임빅 슬라이딩 옷장 100cm 주니어행거형 4종,469000,https://image.hanssem.com/hsimg/gds/1050/647/647268_A1.jpg?v=20240809143931
1039,99207,room_0003,fur_type0011,샘베딩 베이직 서랍장 3단 800 4종,155900,https://image.hanssem.com/hsimg/gds/1050/99/99207_A1.jpg?v=20240808110217
1040,1066281,room_0003,fur_type0007,샘베딩 퓨어 수납파우더장 40cm (높이194cm),299900,https://image.hanssem.com/hsimg/gds/1050/1066/1066281_A1.jpg?v=20240812171052
1041,1012934,room_0003,fur_type0009,뮤트 프렌치 거울옷장 90/100cm(2종/택1),578000,https://image.hanssem.com/hsimg/gds/1050/1012/1012934_A1.jpg?v=20250702142553
1042,1066845,room_0003,fur_type0007,샘베딩 스테디 옷장 40cm(높이194cm),149640,https://image.hanssem.com/hsimg/gds/1050/1066/1066845_A1.jpg?v=20240913090816
1043,1046971,room_0003,fur_type0007,아트월 거울옷장세트 소프트화이트 비대칭형 140cm~350cm(216cm) 16종,553600,https://image.hanssem.com/hsimg/gds/1050/1046/1046971_A1.jpg?v=20250702135132
1044,1066277,room_0003,fur_type0007,샘베딩 퓨어 옷장 80cm (높이194cm),218680,https://image.hanssem.com/hsimg/gds/1050/1066/1066277_A1.jpg?v=20241029155301
1045,262301,room_0003,fur_type0007,[특가~9/29]샘베딩 스테디 옷장세트 120cm(높이194cm) 행거형 10종,321800,https://image.hanssem.com/hsimg/gds/1050/262/262301_A1.jpg?v=20240923144423
1046,177198,room_0003,fur_type0007,샘베딩 베이직 거울옷장 80cm(높이194cm) 1단행거형 4종,259900,https://image.hanssem.com/hsimg/gds/1050/177/177198_A1.jpg?v=20240808140057
1047,1029516,room_0003,fur_type0008,아트월 붙박이장 맞춤설계,12,https://image.hanssem.com/hsimg/gds/1050/1029/1029516_A1.jpg?v=20250404131109
1048,1066301,room_0003,fur_type0007,샘베딩 무드 옷장 80cm(높이194cm),241780,https://image.hanssem.com/hsimg/gds/1050/1066/1066301_A1.jpg?v=20240806095723
1049,743208,room_0003,fur_type0009,스테이 드레스룸 82cm 연결형 10종,99630,https://image.hanssem.com/hsimg/gds/1050/743/743208_A1.jpg?v=20240913104432
1050,229016,room_0003,fur_type0008,[특가~9/29]바이엘 글로시 붙박이장 화이트 하이글로시(행거형/선반형/서랍형),1038400,https://image.hanssem.com/hsimg/gds/1050/229/229016_A1.jpg?v=20250403145711
1051,645123,room_0003,fur_type0010,[특가~9/29]샘베딩 드레스룸 세트 120cm(높이 194cm) 서랍형 2종,281800,https://image.hanssem.com/hsimg/gds/1050/645/645123_A1.jpg?v=20240809112344
1052,743239,room_0003,fur_type0009,스테이 드레스룸 세트 208cm 화장대형,436000,https://image.hanssem.com/hsimg/gds/1050/743/743239_A1.jpg?v=20240809105735
1053,1012885,room_0003,fur_type0008,시그니처 노아 붙박이장 오트밀 기본형(36종/택1),1958000,https://image.hanssem.com/hsimg/gds/1050/1012/1012885_A1.jpg?v=20250617170151
1054,645124,room_0003,fur_type0010,[특가~9/29]샘베딩 드레스룸 세트 160cm(높이 194cm) 서랍형 2종,291800,https://image.hanssem.com/hsimg/gds/1050/645/645124_A1.jpg?v=20240809112310
1055,837100,room_0003,fur_type0008,[특가~9/29]바이엘 채널 작은방 붙박이장 행거형(150~220cm),648000,https://image.hanssem.com/hsimg/gds/1050/837/837100_A1.jpg?v=20250403145710
1056,743256,room_0003,fur_type0009,스테이 드레스룸 세트 240+118cm 행거형,556000,https://image.hanssem.com/hsimg/gds/1050/743/743256_A1.jpg?v=20240913104432
1057,910222,room_0003,fur_type0007,샘베딩 마일드 거울옷장 80cm(높이216cm) 2단행거형 2종,307900,https://image.hanssem.com/hsimg/gds/1050/910/910222_A1.jpg?v=20241127140726
1058,1066323,room_0003,fur_type0007,[특가~9/29]샘베딩 무드 옷장세트 120cm (높이194cm) 라운드파우더장형,505800,https://image.hanssem.com/hsimg/gds/1050/1066/1066323_A1.jpg?v=20240806095723
1059,1066305,room_0003,fur_type0007,샘베딩 무드 옷장 80cm(높이194cm) 서랍형,301900,https://image.hanssem.com/hsimg/gds/1050/1066/1066305_A1.jpg?v=20240806095723
1060,1018633,room_0003,fur_type0008,시그니처 스케치 엣지 붙박이장 기본형(18종/택1),1692000,https://image.hanssem.com/hsimg/gds/1050/1018/1018633_A1.jpg?v=20250626152122
1061,743221,room_0003,fur_type0009,스테이 드레스룸 세트 126cm 하부수납형,344000,https://image.hanssem.com/hsimg/gds/1050/743/743221_A1.jpg?v=20240809103159
1062,910250,room_0003,fur_type0007,[특가~9/29]샘베딩 마일드 거울옷장세트 120cm(높이216cm) 선반형 2종,474800,https://image.hanssem.com/hsimg/gds/1050/910/910250_A1.jpg?v=20241127141731
1063,177197,room_0003,fur_type0007,샘베딩 베이직 거울옷장 80cm(높이194cm) 2단행거형 4종,239900,https://image.hanssem.com/hsimg/gds/1050/177/177197_A1.jpg?v=20240808140208
1064,1066289,room_0003,fur_type0007,[특가~9/29]샘베딩 퓨어 옷장세트 160cm (높이194cm) 서랍형,477750,https://image.hanssem.com/hsimg/gds/1050/1066/1066289_A1.jpg?v=20241205133138
1065,566286,room_0003,fur_type0007,샘베딩 베이직 옷장 80cm(높이194cm) 선반형 4종,229900,https://image.hanssem.com/hsimg/gds/1050/566/566286_A1.jpg?v=20240809095217
1066,99208,room_0003,fur_type0011,샘베딩 베이직 서랍장 3단 + 서랍장 5단 800 4종,371800,https://image.hanssem.com/hsimg/gds/1050/99/99208_A1.jpg?v=20240808110131
1067,811584,room_0003,fur_type0007,바이엘 소프트 거울옷장세트 크림화이트 140cm~350cm(높이216cm) 16종,560250,https://image.hanssem.com/hsimg/gds/1050/811/811584_A1.jpg?v=20250805105415
1068,1042695,room_0003,fur_type0007,바이엘 소프트 옷장 크림화이트 90/100cm(높이216cm)데일리서랍형,419520,https://image.hanssem.com/hsimg/gds/1050/1042/1042695_A1.jpg?v=20250723131032
1069,1017783,room_0003,fur_type0009,스테이 플러스 드레스룸 62cm 연결형 4종,136000,https://image.hanssem.com/hsimg/gds/1050/1017/1017783_A1.jpg?v=20240808111054
1070,1012883,room_0003,fur_type0008,시그니처 스케치 라인 붙박이장 오트밀 기본형 240~420cm,1884000,https://image.hanssem.com/hsimg/gds/1050/1012/1012883_A1.jpg?v=20250626155107
1071,743214,room_0003,fur_type0009,스테이 드레스룸 42cm 목대형 3종,95580,https://image.hanssem.com/hsimg/gds/1050/743/743214_A1.jpg?v=20240809101328
1072,1046943,room_0003,fur_type0007,아트월 루버옷장 소프트화이트 90/100cm(높이216cm),355880,https://image.hanssem.com/hsimg/gds/1050/1046/1046943_A1.jpg?v=20250702130042
1073,566309,room_0003,fur_type0007,[특가~9/29]샘베딩 클로즈 옷장세트 120cm(높이216cm) 선반형 6종,391800,https://image.hanssem.com/hsimg/gds/1050/566/566309_A1.jpg?v=20240809093442
1074,1003942,room_0003,fur_type0008,시그니처 스케치 붙박이장 2단+3단 데일리서랍형(18종/택1),1985000,https://image.hanssem.com/hsimg/gds/1050/1003/1003942_A1.jpg?v=20250626151413
1075,99206,room_0003,fur_type0011,샘베딩 베이직 서랍장 5단 800 4종,215900,https://image.hanssem.com/hsimg/gds/1050/99/99206_A1.jpg?v=20240808110258
1076,1046948,room_0003,fur_type0007,아트월 거울옷장 소프트화이트 90/100cm(높이216cm),316800,https://image.hanssem.com/hsimg/gds/1050/1046/1046948_A1.jpg?v=20250702132026
1077,657125,room_0003,fur_type0010,[특가~9/29]샘베딩 드레스룸 세트 120cm(높이 194cm) 선반형 2종,211800,https://image.hanssem.com/hsimg/gds/1050/657/657125_A1.jpg?v=20240809140932
1078,892135,room_0003,fur_type0007,샘베딩 클로즈 거울옷장 40cm(높이216cm) 행거서랍형 6종,285500,https://image.hanssem.com/hsimg/gds/1050/892/892135_A1.jpg?v=20250811131119
1079,675008,room_0003,fur_type0007,아임빅 슬라이딩 옷장 120cm 주니어서랍형 6종,609000,https://image.hanssem.com/hsimg/gds/1050/675/675008_A1.jpg?v=20250224172059
1080,999858,room_0003,fur_type0012,뮤트 화이트 4단서랍장(2종/택1),370000,https://image.hanssem.com/hsimg/gds/1050/999/999858_A1.jpg?v=20240808133208
1081,999838,room_0003,fur_type0009,뮤트 화이트 옷장 45/50cm(3종/택1),236000,https://image.hanssem.com/hsimg/gds/1050/999/999838_A1.jpg?v=20250702141618
1082,775648,room_0003,fur_type0008,바이엘 소프트 붙박이장 엔드판넬(EP),152000,https://image.hanssem.com/hsimg/gds/550/775/775648_A1.jpg?v=20240902100852
1083,262299,room_0003,fur_type0007,샘베딩 스테디 옷장 40cm(높이194cm) 선반형 10종,169900,https://image.hanssem.com/hsimg/gds/1050/262/262299_A1.jpg?v=20250214163950
1084,892134,room_0003,fur_type0007,샘베딩 클로즈 옷장 40cm(높이216cm) 선반서랍형 6종,239900,https://image.hanssem.com/hsimg/gds/1050/892/892134_A1.jpg?v=20240809132844
1085,645135,room_0003,fur_type0010,[특가~9/29]샘베딩 드레스룸 세트 200cm(높이 194cm) 서랍형 2종,407700,https://image.hanssem.com/hsimg/gds/1050/645/645135_A1.jpg?v=20240809112232
1086,1046928,room_0003,fur_type0007,피카 갤러리 옷장 화이트 50cm(높이216cm),190320,https://image.hanssem.com/hsimg/gds/1050/1046/1046928_A1.jpg?v=20250723132348
1087,387691,room_0003,fur_type0007,"가방 이탈 방지가드(더블유, 아임빅전용)",9000,https://image.hanssem.com/hsimg/gds/550/387/387691_A1.jpg?v=20231121084653
1088,657131,room_0003,fur_type0010,[특가~9/29]샘베딩 드레스룸 세트 200cm(높이 194cm) 선반형 2종,307700,https://image.hanssem.com/hsimg/gds/1050/657/657131_A1.jpg?v=20240809141350
1089,1054479,room_0003,fur_type0008,매트 붙박이장 화이트 (행거형/선반형/서랍형),1156000,https://image.hanssem.com/hsimg/gds/1050/1054/1054479_A1.jpg?v=20250403145711
1090,617712,room_0003,fur_type0007,[특가~9/29]샘베딩 클로즈 거울옷장세트 120cm(높이216cm) 서랍형 6종,535800,https://image.hanssem.com/hsimg/gds/1050/617/617712_A1.jpg?v=20240809100942
1091,289948,room_0003,fur_type0007,[특가~9/29]샘베딩 클로즈 옷장세트 160cm(높이216cm) 서랍형 6종,513800,https://image.hanssem.com/hsimg/gds/1050/289/289948_A1.jpg?v=20240808144948
1092,1014144,room_0003,fur_type0008,시그니처 스케치 붙박이장 리프트업 파우더형 (18종/택1),2120000,https://image.hanssem.com/hsimg/gds/1050/1014/1014144_A1.jpg?v=20250617153203
1093,1047370,room_0003,fur_type0008,시그니처 페어 붙박이장 매트화이트 기본형(18종/택1),1463000,https://image.hanssem.com/hsimg/gds/1050/1047/1047370_A1.jpg?v=20250617163932
1094,1066290,room_0003,fur_type0007,[특가~9/29]샘베딩 퓨어 옷장세트 240cm (높이194cm),591840,https://image.hanssem.com/hsimg/gds/1050/1066/1066290_A1.jpg?v=20240806095723
1095,1066853,room_0003,fur_type0007,샘베딩 스테디 수납파우더장 40cm(높이194cm),299900,https://image.hanssem.com/hsimg/gds/1050/1066/1066853_A1.jpg?v=20240913080309
1096,892140,room_0003,fur_type0010,샘베딩 드레스룸 80cm(높이 194cm) 선반형 2종,149900,https://image.hanssem.com/hsimg/gds/1050/892/892140_A1.jpg?v=20240809100612
1097,617716,room_0003,fur_type0007,[특가~9/29]샘베딩 클로즈 거울옷장세트 160cm(높이216cm) 행거형 6종,533800,https://image.hanssem.com/hsimg/gds/1050/617/617716_A1.jpg?v=20240809100916
1098,1047372,room_0003,fur_type0008,시그니처 페어 붙박이장 애쉬월넛 기본형(18종/택1),1548000,https://image.hanssem.com/hsimg/gds/1050/1047/1047372_A1.jpg?v=20250617164558
1099,810478,room_0003,fur_type0008,[특가~9/29]바이엘 소프트 붙박이장 크림화이트(행거형/선반형/서랍형),1044000,https://image.hanssem.com/hsimg/gds/1050/810/810478_A1.jpg?v=20250403145710
1100,1046930,room_0003,fur_type0007,피카 갤러리 거울옷장 화이트 90/100cm(높이216cm),431200,https://image.hanssem.com/hsimg/gds/1050/1046/1046930_A1.jpg?v=20250723132305
1101,1066294,room_0003,fur_type0007,샘베딩 무드 도어 40cm(높이194cm)(몸통미포함),65000,https://image.hanssem.com/hsimg/gds/1050/1066/1066294_A1.jpg?v=20240806095723
1102,128166,room_0003,fur_type0010,샘베딩 드레스룸 40cm(높이 194cm) 2단행거형 2종,89900,https://image.hanssem.com/hsimg/gds/1050/128/128166_A1.jpg?v=20240808110626
1103,51216,room_0003,fur_type0007,샘베딩 베이직 도어 6단(높이194cm) 40cm (몸통미포함) 2종,40000,https://image.hanssem.com/hsimg/gds/1050/51/51216_A1.jpg?v=20240808104003
1104,1029511,room_0003,fur_type0008,피카 갤러리 붙박이장 맞춤설계,12,https://image.hanssem.com/hsimg/gds/1050/1029/1029511_A1.jpg?v=20250404131109
1105,1054487,room_0003,fur_type0008,매트 붙박이장 맞춤설계,15,https://image.hanssem.com/hsimg/gds/1050/1054/1054487_A1.jpg?v=20250416111554
1106,39571,room_0003,fur_type0007,[특가~9/29]샘베딩 베이직 옷장세트 240cm(높이194cm) 행거형 4종,547700,https://image.hanssem.com/hsimg/gds/1050/39/39571_A1.jpg?v=20241205133431
1107,1012937,room_0003,fur_type0009,뮤트 베이지 코너장 103x106cm(2종/택1),674000,https://image.hanssem.com/hsimg/gds/1050/1012/1012937_A1.jpg?v=20250702143135
1108,1100977,room_0003,fur_type0008,시그니처 리노아 붙박이장 엔드판넬(EP),115900,https://image.hanssem.com/hsimg/gds/1050/1100/1100977_A1.jpg?v=20250626112308
1109,868237,room_0003,fur_type0007,샘베딩 거울옷장 40cm(높이216cm) 1단행거형 2종,237900,https://image.hanssem.com/hsimg/gds/1050/868/868237_A1.jpg?v=20240809135307
1110,210017,room_0003,fur_type0008,[특가~9/29]바이엘 붙박이장 화이트(행거형/선반형/서랍형),904800,https://image.hanssem.com/hsimg/gds/1050/210/210017_A1.jpg?v=20250403145711
1111,1034719,room_0003,fur_type0008,시그니처 데코 슬라이딩 붙박이장 맞춤설계,20,https://image.hanssem.com/hsimg/gds/550/1034/1034719_A1.jpg?v=20250617151150
1112,1046968,room_0003,fur_type0007,아트월 거울옷장세트 소프트화이트 대칭형 140cm~350cm(216cm) 16종,561600,https://image.hanssem.com/hsimg/gds/1050/1046/1046968_A1.jpg?v=20250702134808
1113,617713,room_0003,fur_type0007,[특가~9/29]샘베딩 클로즈 거울옷장세트 160cm(높이216cm) 서랍형 6종,595800,https://image.hanssem.com/hsimg/gds/1050/617/617713_A1.jpg?v=20240809100846
1114,1017790,room_0003,fur_type0009,스테이 플러스 드레스룸 코너형 거울도어,210000,https://image.hanssem.com/hsimg/gds/1050/1017/1017790_A1.jpg?v=20240808111858
1115,910235,room_0003,fur_type0007,[특가~9/29]샘베딩 마일드 옷장세트 120cm(높이216cm) 행거형 2종,356800,https://image.hanssem.com/hsimg/gds/1050/910/910235_A1.jpg?v=20241127141008
1116,743232,room_0003,fur_type0009,스테이 드레스룸 세트 166cm 행거형,260000,https://image.hanssem.com/hsimg/gds/1050/743/743232_A1.jpg?v=20240809105204
1117,566307,room_0003,fur_type0007,[특가~9/29]샘베딩 스테디 옷장세트 120cm(높이194cm) 선반형 10종,351800,https://image.hanssem.com/hsimg/gds/1050/566/566307_A1.jpg?v=20240923144423
1118,617722,room_0003,fur_type0007,[특가~9/29]샘베딩 클로즈 거울옷장세트 240cm(높이216cm) 행거형 6종,749700,https://image.hanssem.com/hsimg/gds/1050/617/617722_A1.jpg?v=20240809100820
1119,910251,room_0003,fur_type0007,[특가~9/29]샘베딩 마일드 거울옷장세트 120cm(높이216cm) 서랍형 2종,546800,https://image.hanssem.com/hsimg/gds/1050/910/910251_A1.jpg?v=20240808150757
1120,657133,room_0003,fur_type0010,[특가~9/29]샘베딩 드레스룸 세트 200cm(높이 194cm) 행거형 2종,277700,https://image.hanssem.com/hsimg/gds/1050/657/657133_A1.jpg?v=20240809141154
1121,910249,room_0003,fur_type0007,[특가~9/29]샘베딩 마일드 거울옷장세트 120cm(높이216cm) 행거형 2종,454800,https://image.hanssem.com/hsimg/gds/1050/910/910249_A1.jpg?v=20241127141642
1122,1042697,room_0003,fur_type0007,바이엘 소프트 거울옷장 크림화이트 90/100cm(높이216cm),366600,https://image.hanssem.com/hsimg/gds/1050/1042/1042697_A1.jpg?v=20250723131150
1123,1066327,room_0003,fur_type0007,[특가~9/29]샘베딩 무드 옷장세트 240cm (높이194cm) 서랍형,738760,https://image.hanssem.com/hsimg/gds/1050/1066/1066327_A1.jpg?v=20240827133610
1124,1012938,room_0003,fur_type0009,뮤트 프렌치 옷장 오픈형(2종/택1),615000,https://image.hanssem.com/hsimg/gds/1050/1012/1012938_A1.jpg?v=20240808114530
1125,1016274,room_0003,fur_type0008,[시그니처]스케치 라인 붙박이장 엔드판넬(EP) 3종/택1,117000,https://image.hanssem.com/hsimg/gds/550/1016/1016274_A1.jpg?v=20250627101723
1126,910238,room_0003,fur_type0007,[특가~9/29]샘베딩 마일드 옷장세트 160cm(높이216cm) 행거형 2종,431800,https://image.hanssem.com/hsimg/gds/1050/910/910238_A1.jpg?v=20241127141157
1127,910223,room_0003,fur_type0007,샘베딩 마일드 거울옷장 80cm(높이216cm) 1단행거형 2종,327900,https://image.hanssem.com/hsimg/gds/1050/910/910223_A1.jpg?v=20241127140858
1128,566312,room_0003,fur_type0007,피카 갤러리 거울옷장세트 화이트 140cm~350cm(높이216cm) 16종,634480,https://image.hanssem.com/hsimg/gds/1050/566/566312_A1.jpg?v=20250702122247
1129,910258,room_0003,fur_type0007,샘베딩 라이트골드 거울 도어 7단(높이 216cm) 40cm (몸통미포함),146000,https://image.hanssem.com/hsimg/gds/1050/910/910258_A1.jpg?v=20240809095643
1130,289931,room_0003,fur_type0007,샘베딩 클로즈 옷장 80cm(높이216cm) 1단행거형 6종,239900,https://image.hanssem.com/hsimg/gds/1050/289/289931_A1.jpg?v=20240808145451
1131,1012943,room_0003,fur_type0009,뮤트 베이지 옷장 오픈형(2종/택1),586000,https://image.hanssem.com/hsimg/gds/1050/1012/1012943_A1.jpg?v=20240808132343
1132,1046973,room_0003,fur_type0007,아트월 옷장세트 머쉬룸그레이 비대칭형 140cm~350cm(216cm) 16종,500800,https://image.hanssem.com/hsimg/gds/1050/1046/1046973_A1.jpg?v=20250702134623
1133,657141,room_0003,fur_type0010,[특가~9/29]샘베딩 드레스룸 세트 240cm(높이 194cm) 행거형 2종,287700,https://image.hanssem.com/hsimg/gds/1050/657/657141_A1.jpg?v=20240809141450
1134,566730,room_0003,fur_type0007,[특가~9/29]샘베딩 베이직 거울옷장세트 160cm(높이194cm) 서랍형 4종,515800,https://image.hanssem.com/hsimg/gds/1050/566/566730_A1.jpg?v=20240809095549
1135,647351,room_0003,fur_type0007,아임빅 슬라이딩 낮은옷장 120cm 주니어행거형 6종,399000,https://image.hanssem.com/hsimg/gds/1050/647/647351_A1.jpg?v=20250611170331
1136,1047380,room_0003,fur_type0008,시그니처 스케치 엣지 붙박이장 엔드판넬(EP),110000,https://image.hanssem.com/hsimg/gds/1050/1047/1047380_A1.jpg?v=20250513104423
1137,647265,room_0003,fur_type0007,아임빅 슬라이딩 낮은옷장 120cm 선반형 6종,419000,https://image.hanssem.com/hsimg/gds/1050/647/647265_A1.jpg?v=20250611170359
1138,1046972,room_0003,fur_type0007,아트월 옷장세트 머쉬룸그레이 대칭형 140cm~350cm(216cm) 16종,531200,https://image.hanssem.com/hsimg/gds/1050/1046/1046972_A1.jpg?v=20250702133853
1139,999847,room_0003,fur_type0009,뮤트 화이트 코너장 103x106cm(2종/택1),674000,https://image.hanssem.com/hsimg/gds/1050/999/999847_A1.jpg?v=20250702143158
1140,1016280,room_0003,fur_type0008,시그니처 노엘 슬라이딩 붙박이장 엔드판넬(EP) 2종/택1,139000,https://image.hanssem.com/hsimg/gds/550/1016/1016280_A1.jpg?v=20250513105834
1141,171722,room_0003,fur_type0007,샘베딩 베이직 옷장 40cm(높이194cm) 행거서랍형 8종,199900,https://image.hanssem.com/hsimg/gds/1050/171/171722_A1.jpg?v=20240808135754
1142,811513,room_0003,fur_type0007,바이엘 소프트 옷장세트 크림화이트 데일리서랍형 140cm~350cm(높이216cm) 16종,591000,https://image.hanssem.com/hsimg/gds/1050/811/811513_A1.jpg?v=20250805110125
1143,1050284,room_0003,fur_type0007,로렌 크림 옷장 90/100cm (높이216cm),274400,https://image.hanssem.com/hsimg/gds/1050/1050/1050284_A1.jpg?v=20250702150419
1144,1017792,room_0003,fur_type0009,스테이 플러스 드레스룸 파우더형 2종,400000,https://image.hanssem.com/hsimg/gds/1050/1017/1017792_A1.jpg?v=20240808112649
1145,703955,room_0003,fur_type0008,[특가~9/29]바이엘 채널 거울 붙박이장 화이트(행거형/선반형/서랍형),924000,https://image.hanssem.com/hsimg/gds/1050/703/703955_A1.jpg?v=20250403145710
1146,1003940,room_0003,fur_type0008,시그니처 스케치 붙박이장 2단 데일리서랍형(18종/택1),1622000,https://image.hanssem.com/hsimg/gds/1050/1003/1003940_A1.jpg?v=20250626151457
1147,1014147,room_0003,fur_type0008,시그니처 스케치 붙박이장 기본형(18종/택1),1514000,https://image.hanssem.com/hsimg/gds/1050/1014/1014147_A1.jpg?v=20250626142743
1148,910224,room_0003,fur_type0007,샘베딩 마일드 파우더장 40cm(높이216cm) 수납형 2종,349900,https://image.hanssem.com/hsimg/gds/1050/910/910224_A1.jpg?v=20240809095243
1149,868249,room_0003,fur_type0010,샘베딩 드레스룸 40cm(높이 216cm) 선반형 2종,122900,https://image.hanssem.com/hsimg/gds/1050/868/868249_A1.jpg?v=20240809100910
1150,1047382,room_0003,fur_type0008,시그니처 인피니 붙박이장 맞춤설계,17,https://image.hanssem.com/hsimg/gds/1050/1047/1047382_A1.jpg?v=20250617163704
1151,1046978,room_0003,fur_type0007,프레임 클래식 옷장 코튼화이트 50cm(높이216cm),190760,https://image.hanssem.com/hsimg/gds/1050/1046/1046978_A1.jpg?v=20250702140154
1152,318749,room_0003,fur_type0008,[특가~9/29]바이엘 글로시 슬라이딩 붙박이장 화이트 하이글로시(행거형/선반형/서랍형),1322400,https://image.hanssem.com/hsimg/gds/1050/318/318749_A1.jpg?v=20250403145709
1153,810486,room_0003,fur_type0008,[특가~9/29]바이엘 소프트 거울붙박이장 크림화이트 데일리서랍형(18종/택1),1226400,https://image.hanssem.com/hsimg/gds/550/810/810486_A1.jpg?v=20250403145710
1154,1046975,room_0003,fur_type0007,아트월 거울옷장세트 머쉬룸그레이 비대칭형 140cm~350cm(216cm) 16종,553600,https://image.hanssem.com/hsimg/gds/1050/1046/1046975_A1.jpg?v=20250702135306
1155,219660,room_0003,fur_type0007,바이엘 글로시 거울옷장세트 화이트 하이글로시 140cm~350cm(높이216cm) 16종,582890,https://image.hanssem.com/hsimg/gds/1050/219/219660_A1.jpg?v=20250702145059
1156,892138,room_0003,fur_type0007,샘베딩 거울옷장 40cm(높이216cm) 2단행거형 2종,231900,https://image.hanssem.com/hsimg/gds/1050/892/892138_A1.jpg?v=20240809133403
1157,1046979,room_0003,fur_type0007,프레임 클래식 옷장 코튼화이트 90/100cm(높이216cm),330720,https://image.hanssem.com/hsimg/gds/1050/1046/1046979_A1.jpg?v=20250702140319
1158,743233,room_0003,fur_type0009,스테이 드레스룸 세트 166cm 서랍형,397000,https://image.hanssem.com/hsimg/gds/1050/743/743233_A1.jpg?v=20240809103330
1159,1066852,room_0003,fur_type0007,샘베딩 스테디 거울옷장 80cm(높이194cm) 서랍형,327900,https://image.hanssem.com/hsimg/gds/1050/1066/1066852_A1.jpg?v=20240912194429
1160,1046940,room_0003,fur_type0007,아트월 일반옷장 머쉬룸그레이 90/100cm(높이216cm),286400,https://image.hanssem.com/hsimg/gds/1050/1046/1046940_A1.jpg?v=20250702125905
1161,892133,room_0003,fur_type0007,샘베딩 클로즈 옷장 40cm(높이216cm) 행거서랍형 6종,219900,https://image.hanssem.com/hsimg/gds/1050/892/892133_A1.jpg?v=20240809135156
1162,39559,room_0003,fur_type0010,샘베딩 드레스룸 80cm(높이 194cm) 2단행거형 2종,99900,https://image.hanssem.com/hsimg/gds/1050/39/39559_A1.jpg?v=20240808094300
1163,1066274,room_0003,fur_type0007,샘베딩 퓨어 도어 40cm(높이194cm)(몸통미포함),49000,https://image.hanssem.com/hsimg/gds/1050/1066/1066274_A1.jpg?v=20240806095722
1164,1066880,room_0003,fur_type0007,[특가~9/29]샘베딩 스테디 옷장세트 120cm(높이194cm) 거울 멀티장형,375800,https://image.hanssem.com/hsimg/gds/1050/1066/1066880_A1.jpg?v=20240913081609
1165,743243,room_0003,fur_type0009,스테이 드레스룸 세트 208cm 하부수납+선반형,468000,https://image.hanssem.com/hsimg/gds/1050/743/743243_A1.jpg?v=20240809105519
1166,743212,room_0003,fur_type0009,스테이 드레스룸 64cm 단독형 7종,146150,https://image.hanssem.com/hsimg/gds/1050/743/743212_A1.jpg?v=20240809102028
1167,1042803,room_0004,fur_type0014,밸런스S 필로우탑 매트리스 SS,890000,https://image.hanssem.com/hsimg/gds/1050/1042/1042803_A1.jpg?v=20250820162330
1168,1106098,room_0004,fur_type0015,호텔침대 세레네차콜 침대 SS 쿠션형 리모컨형 (매트 별도),1392000,https://image.hanssem.com/hsimg/gds/1050/1106/1106098_A1.jpg?v=20250703113334
1169,484623,room_0004,fur_type0016,리즈 화장대형 서랍장,299000,https://image.hanssem.com/hsimg/gds/1050/484/484623_A1.jpg?v=20241002162012
1170,979724,room_0004,fur_type0016,호텔침대 포에트우디 화장대 콘솔형,263000,https://image.hanssem.com/hsimg/gds/1050/979/979724_A1.jpg?v=20241002162013
1171,1064062,room_0004,fur_type0014,밸런스 볼륨탑 매트리스 Q/K/KK,520960,https://image.hanssem.com/hsimg/gds/1050/1064/1064062_A1.jpg?v=20250820162437
1172,932391,room_0004,fur_type0016,호텔침대 포에트 콘솔화장대 SET,355000,https://image.hanssem.com/hsimg/gds/1050/932/932391_A1.jpg?v=20250912105411
1173,993601,room_0004,fur_type0015,밀란 303 스튜디오 Q/K 일반형 (매트별도),943000,https://image.hanssem.com/hsimg/gds/1050/993/993601_A1.jpg?v=20250814142354
1174,1065877,room_0004,fur_type0016,호텔침대 어반글로우 3단 와이드 서랍장 1400,724000,https://image.hanssem.com/hsimg/gds/1050/1065/1065877_A1.jpg?v=20250912111816
1175,1046388,room_0004,fur_type0016,호텔침대 세레네차콜 서랍장 2단 800,327000,https://image.hanssem.com/hsimg/gds/1050/1046/1046388_A1.jpg?v=20240725131801
1176,1118429,room_0004,fur_type0015,(소진완료) 호텔침대 포에트 침대 Q/K 매트별도(헤드 민자형/하부 일반형),747000,https://image.hanssem.com/hsimg/gds/1050/1118/1118429_A1.jpg?v=20250909090431
1177,1081735,room_0004,fur_type0015,[55딜]스테디 컴피 패밀리침대 Q 퀸 일반형 (매트별도),550000,https://image.hanssem.com/hsimg/gds/1050/1081/1081735_A1.jpg?v=20250407171148
1178,992452,room_0004,fur_type0015,우든 침대SS 낮은헤드 (매트별도),284000,https://image.hanssem.com/hsimg/gds/1050/992/992452_A1.jpg?v=20250806142455
1179,1103275,room_0004,fur_type0016,호텔침대 룬소프트 코너협탁,394000,https://image.hanssem.com/hsimg/gds/1050/1103/1103275_A1.jpg?v=20250827164927
1180,993604,room_0004,fur_type0015,밀란 303 스튜디오 SS 수납형 (매트별도),849000,https://image.hanssem.com/hsimg/gds/1050/993/993604_A1.jpg?v=20240828102459
1181,1081478,room_0004,fur_type0015,플래드 패브릭침대 무헤드형 화이트 Q (매트별도),299000,https://image.hanssem.com/hsimg/gds/1050/1081/1081478_A1.jpg?v=20250403152055
1182,644540,room_0004,fur_type0015,[특가~9/29]아임빅 수납침대SS 일반헤드형+노뜨 매트리스,512640,https://image.hanssem.com/hsimg/gds/1050/644/644540_A1.jpg?v=20250928122841
1183,890978,room_0004,fur_type0015,"스테디 하이 패밀리침대 SS+SS (가드옵션, 데이베드 옵션, 매트별도)",1610100,https://image.hanssem.com/hsimg/gds/1050/890/890978_A1.jpg?v=20241111171545
1184,1018212,room_0004,fur_type0014,노뜨 일체형침대 포켓스프링 라텍스폼탑 S,319000,https://image.hanssem.com/hsimg/gds/1050/1018/1018212_A1.jpg?v=20250820163850
1185,932390,room_0004,fur_type0016,호텔침대포에트 거울 원형,76000,https://image.hanssem.com/hsimg/gds/1050/932/932390_A1.jpg?v=20250912105333
1186,932385,room_0004,fur_type0016,호텔침대 포에트 서랍장 3단 1000,359000,https://image.hanssem.com/hsimg/gds/1050/932/932385_A1.jpg?v=20250912110834
1187,979722,room_0004,fur_type0017,호텔침대 포에트우디 협탁,48000,https://image.hanssem.com/hsimg/gds/1050/979/979722_A1.jpg?v=20241002162013
1188,932389,room_0004,fur_type0016,호텔침대 포에트 화장대 콘솔형,279000,https://image.hanssem.com/hsimg/gds/1050/932/932389_A1.jpg?v=20250912105244
1189,993028,room_0004,fur_type0016,호텔침대 뉴트럴화이트 서랍장 3단 1000,466000,https://image.hanssem.com/hsimg/gds/1050/993/993028_A1.jpg?v=20241021170349
1190,1081482,room_0004,fur_type0015,플래드 엣지 패브릭침대 화이트 Q + 밸런스 매트리스 (2종),988260,https://image.hanssem.com/hsimg/gds/1050/1081/1081482_A1.jpg?v=20250912175456
1191,724134,room_0004,fur_type0015,"호텔침대 포엠 침대 SS (하부서랍 포함, 색상2종, 매트별도)",429000,https://image.hanssem.com/hsimg/gds/1050/724/724134_A1.jpg?v=20241127104830
1192,1051572,room_0004,fur_type0014,밸런스S 슬림탑 매트리스 SS,461000,https://image.hanssem.com/hsimg/gds/1050/1051/1051572_A1.jpg?v=20250820162757
1193,1042804,room_0004,fur_type0014,밸런스S 필로우탑 매트리스 Q/K/KK,1290000,https://image.hanssem.com/hsimg/gds/1050/1042/1042804_A1.jpg?v=20250820162256
1194,723675,room_0004,fur_type0014,컴포트 하단 매트리스 SS (매트별도),235000,https://image.hanssem.com/hsimg/gds/1050/723/723675_A1.jpg?v=20240604103754
1195,993373,room_0004,fur_type0016,유로 602 필로우 데스크 화장대,476000,https://image.hanssem.com/hsimg/gds/550/993/993373_A1.jpg?v=20240923110003
1196,1106100,room_0004,fur_type0015,호텔침대 그로브오크 침대 SS 리모컨형 (매트 별도),1020000,https://image.hanssem.com/hsimg/gds/1050/1106/1106100_A1.jpg?v=20250904152450
1197,948677,room_0004,fur_type0014,노뜨 메모리폼탑 매트리스 SS 시공,259000,https://image.hanssem.com/hsimg/gds/1050/948/948677_A1.jpg?v=20250820163454
1198,1115943,room_0004,fur_type0016,호텔침대 모노 패널 600 (색상2종),269000,https://image.hanssem.com/hsimg/gds/1050/1115/1115943_A1.jpg?v=20250904202941
1199,644566,room_0004,fur_type0015,샘베딩 플레인 침대 SS 서랍형+노뜨 매트리스,494520,https://image.hanssem.com/hsimg/gds/1050/644/644566_A1.jpg?v=20250512100131
1200,1103160,room_0004,fur_type0014,포터블 메모리폼 토퍼 패드/소파패드,79000,https://image.hanssem.com/hsimg/gds/1050/1103/1103160_A1.jpg?v=20250514142003
1201,1107457,room_0004,fur_type0014,(아울렛) 슬리핑코드 SS 매트리스 알러지케어 패드,88000,https://image.hanssem.com/hsimg/gds/550/1107/1107457_A1.jpg?v=20250811173141
1202,1046386,room_0004,fur_type0016,호텔침대 그로브오크 화장대 거울,102000,https://image.hanssem.com/hsimg/gds/1050/1046/1046386_A1.jpg?v=20250220161603
1203,1081750,room_0004,fur_type0015,스테디 컴피 패밀리침대 2100 사이드 가드프레임,290000,https://image.hanssem.com/hsimg/gds/1050/1081/1081750_A1.jpg?v=20250407172008
1204,1046393,room_0004,fur_type0016,호텔침대 세레네차콜 화장대 패브릭 스툴,174000,https://image.hanssem.com/hsimg/gds/1050/1046/1046393_A1.jpg?v=20240812143847
1205,993030,room_0004,fur_type0016,호텔침대 뉴트럴화이트 서랍장 3단 와이드 1400,698000,https://image.hanssem.com/hsimg/gds/1050/993/993030_A1.jpg?v=20240725141233
1206,1046391,room_0004,fur_type0016,호텔침대 세레네차콜 서랍장 3단 와이드 1400,790000,https://image.hanssem.com/hsimg/gds/1050/1046/1046391_A1.jpg?v=20250716165509
1207,266871,room_0004,fur_type0016,샘베딩 클로즈 거울 800,72900,https://image.hanssem.com/hsimg/gds/1050/266/266871_A1.jpg?v=20240416185011
1208,979726,room_0004,fur_type0016,호텔침대 포에트우디 서랍장 3단,359000,https://image.hanssem.com/hsimg/gds/1050/979/979726_A1.jpg?v=20241002162013
1209,993090,room_0004,fur_type0016,유로 602 필로우 3 와이드서랍장 1400,821000,https://image.hanssem.com/hsimg/gds/1050/993/993090_A1.jpg?v=20240620104128
1210,993087,room_0004,fur_type0016,유로 602 필로우 협탁,275000,https://image.hanssem.com/hsimg/gds/1050/993/993087_A1.jpg?v=20250806150440
1211,837472,room_0004,fur_type0016,멜로우 미니 사이드테이블,55000,https://image.hanssem.com/hsimg/gds/1050/837/837472_A1.jpg?v=20241002162012
1212,1115940,room_0004,fur_type0015,"호텔침대 모노침대 KK (색상2종, 하부서랍 선택, 매트별도)",611250,https://image.hanssem.com/hsimg/gds/1050/1115/1115940_A1.jpg?v=20250915162951
1213,993603,room_0004,fur_type0015,밀란 303 스튜디오 SS 일반형 (매트별도),694000,https://image.hanssem.com/hsimg/gds/1050/993/993603_A1.jpg?v=20250814142601
1214,993796,room_0004,fur_type0015,유로 606 시에나침대 Q (매트별도),1814000,https://image.hanssem.com/hsimg/gds/1050/993/993796_A1.jpg?v=20250822180116
1215,411762,room_0004,fur_type0015,샘베딩 플레인 침대 SS 슈퍼싱글 일반형 (매트별도),245900,https://image.hanssem.com/hsimg/gds/1050/411/411762_A1.jpg?v=20250512100131
1216,724132,room_0004,fur_type0015,"호텔침대 포엠 침대 SS (색상2종, 매트별도)",339000,https://image.hanssem.com/hsimg/gds/1050/724/724132_A1.jpg?v=20241216100337
1217,932387,room_0004,fur_type0016,호텔침대 포에트 서랍장 3단 와이드1400,549000,https://image.hanssem.com/hsimg/gds/1050/932/932387_A1.jpg?v=20250912110930
1218,1103271,room_0004,fur_type0015,"호텔침대 룬소프트 침대 Q/K,KK 리모컨형 (매트별도)",1389000,https://image.hanssem.com/hsimg/gds/1050/1103/1103271_A1.jpg?v=20250828142745
1219,1115349,room_0004,fur_type0014,"포시즌 7 하드,미디움 매트리스 SS",3190000,https://image.hanssem.com/hsimg/gds/1050/1115/1115349_A1.jpg?v=20250919105113
1220,992634,room_0004,fur_type0016,호텔침대 유로 502 화장대 의자(2종/택1),139000,https://image.hanssem.com/hsimg/gds/1050/992/992634_A1.jpg?v=20250806143625
1221,724133,room_0004,fur_type0015,"호텔침대 포엠 침대 SS 패널형 (색상2종, 매트별도)",488000,https://image.hanssem.com/hsimg/gds/1050/724/724133_A1.jpg?v=20241028100206
1222,319572,room_0004,fur_type0015,스테디2 패밀리침대 Q+SS 한쪽가드형 (매트별도),636660,https://image.hanssem.com/hsimg/gds/1050/319/319572_A1.jpg?v=20250310141700
1223,1115941,room_0004,fur_type0015,"호텔침대 모노침대 SS (색상2종, 하부서랍 선택, 매트별도)",412500,https://image.hanssem.com/hsimg/gds/1050/1115/1115941_A1.jpg?v=20250915163045
1224,1121751,room_0004,fur_type0014,(아울렛) 밸런스 볼륨탑 매트리스 SS,233000,https://image.hanssem.com/hsimg/gds/550/1121/1121751_A1.jpg?v=20250922201813
1225,1093829,room_0004,fur_type0015,샘베딩 플레인 침대SS (색상/하부서랍 선택) + 밸런스 매트리스SS (2종),544310,https://image.hanssem.com/hsimg/gds/1050/1093/1093829_A1.jpg?v=20250609145629
1226,819104,room_0004,fur_type0014,노뜨 컴포트 매트리스 패밀리형,335920,https://image.hanssem.com/hsimg/gds/1050/819/819104_A1.jpg?v=20250820163047
1227,1106085,room_0004,fur_type0015,호텔침대 아트월월넛 침대 SS 리모컨형 (매트 별도),931000,https://image.hanssem.com/hsimg/gds/550/1106/1106085_A1.jpg?v=20250703113334
1228,1081741,room_0004,fur_type0015,"스테디 컴피 패밀리침대 K 가드형 (데이베드 옵션, 매트별도)",853320,https://image.hanssem.com/hsimg/gds/1050/1081/1081741_A1.jpg?v=20250407171526
1229,644565,room_0004,fur_type0015,샘베딩 플레인 침대 SS 일반형+노뜨 매트리스,407160,https://image.hanssem.com/hsimg/gds/1050/644/644565_A1.jpg?v=20250407100226
1230,993391,room_0004,fur_type0016,호텔침대 부티크 서랍장 3단 1000,576000,https://image.hanssem.com/hsimg/gds/1050/993/993391_A1.jpg?v=20250806150644
1231,1081461,room_0004,fur_type0015,"페블 패브릭 침대 KK (색상 2종, 매트별도)",1442000,https://image.hanssem.com/hsimg/gds/1050/1081/1081461_A1.jpg?v=20250410173048
1232,1106095,room_0004,fur_type0015,"호텔침대 세레네차콜 침대 Q/K,KK 쿠션형 리모컨형 (매트 별도)",1742000,https://image.hanssem.com/hsimg/gds/1050/1106/1106095_A1.jpg?v=20250703113334
1233,1064061,room_0004,fur_type0014,밸런스 볼륨탑 매트리스 SS,399000,https://image.hanssem.com/hsimg/gds/1050/1064/1064061_A1.jpg?v=20250820162401
1234,1115942,room_0004,fur_type0016,호텔침대 모노 패널 350 (색상2종),249000,https://image.hanssem.com/hsimg/gds/1050/1115/1115942_A1.jpg?v=20250904202941
1235,1048630,room_0004,fur_type0015,호텔침대 캔버스 하단매트형 SS + 노뜨 매트리스,724570,https://image.hanssem.com/hsimg/gds/1050/1048/1048630_A1.jpg?v=20241127132132
1236,932382,room_0004,fur_type0016,호텔침대 포에트 패널 450 1개입,249000,https://image.hanssem.com/hsimg/gds/1050/932/932382_A1.jpg?v=20241002162013
1237,1118432,room_0004,fur_type0015,(소진완료) 스테디2 패밀리침대 Q+SS 한쪽가드형 매트별도(소프트 베이지/한쪽가드형),786000,https://image.hanssem.com/hsimg/gds/1050/1118/1118432_A1.jpg?v=20250923081756
1238,1068560,room_0004,fur_type0016,[특가~9/29]PP 디자인 스툴(3종/택1),19900,https://image.hanssem.com/hsimg/gds/1050/1068/1068560_A1.jpg?v=20250915132054
1239,1081480,room_0004,fur_type0015,플래드 심플 패브릭침대 화이트 Q + 밸런스 매트리스 (2종),1003860,https://image.hanssem.com/hsimg/gds/1050/1081/1081480_A1.jpg?v=20250912175556
1240,1106099,room_0004,fur_type0015,"호텔침대 그로브오크 침대 Q/K,KK 리모컨형 (매트 별도)",1236000,https://image.hanssem.com/hsimg/gds/1050/1106/1106099_A1.jpg?v=20250904152015
1241,979719,room_0004,fur_type0015,"호텔침대 포에트우디 침대 Q/K (하부서랍 선택, 매트별도)",574080,https://image.hanssem.com/hsimg/gds/1050/979/979719_A1.jpg?v=20250512100131
1242,1081475,room_0004,fur_type0015,플래드 엣지 패브릭침대 화이트 SS (매트별도),479000,https://image.hanssem.com/hsimg/gds/1050/1081/1081475_A1.jpg?v=20250403151630
1243,948679,room_0004,fur_type0014,노뜨 메모리폼탑 매트리스 Q 시공,355000,https://image.hanssem.com/hsimg/gds/1050/948/948679_A1.jpg?v=20250820163415
1244,932383,room_0004,fur_type0016,호텔침대 포에트 수납 협탁,99000,https://image.hanssem.com/hsimg/gds/1050/932/932383_A1.jpg?v=20250912110513
1245,890981,room_0004,fur_type0015,"스테디 하이 패밀리침대 Q+Q (가드옵션, 데이베드 옵션, 매트별도)",1920600,https://image.hanssem.com/hsimg/gds/1050/890/890981_A1.jpg?v=20241111171228
1246,319573,room_0004,fur_type0015,스테디2 패밀리침대 Q+Q 한쪽가드형 (매트별도),680400,https://image.hanssem.com/hsimg/gds/1050/319/319573_A1.jpg?v=20250310141700
1247,1046390,room_0004,fur_type0016,호텔침대 세레네차콜 서랍장 3단 1000,489000,https://image.hanssem.com/hsimg/gds/1050/1046/1046390_A1.jpg?v=20250716170227
1248,795515,room_0004,fur_type0015,아임빅 수납침대 SS 패브릭헤드형+노뜨 매트리스,648180,https://image.hanssem.com/hsimg/gds/1050/795/795515_A1.jpg?v=20250414144604
1249,993607,room_0004,fur_type0016,밀란303스튜디오 5단서랍장,608000,https://image.hanssem.com/hsimg/gds/1050/993/993607_A1.jpg?v=20250806153552
1250,505286,room_0004,fur_type0015,샘베딩 플레인 전면수납 침대 SS 서랍형 (매트별도),435900,https://image.hanssem.com/hsimg/gds/1050/505/505286_A1.jpg?v=20241127132835
1251,1007019,room_0004,fur_type0015,호텔침대 캔버스 침대 K 하단매트형 (매트별도),879000,https://image.hanssem.com/hsimg/gds/1050/1007/1007019_A1.jpg?v=20241127140651
1252,1081738,room_0004,fur_type0015,스테디 컴피 패밀리침대 K 킹 일반형 (매트별도),599000,https://image.hanssem.com/hsimg/gds/1050/1081/1081738_A1.jpg?v=20250407171401
1253,1051573,room_0004,fur_type0014,밸런스S 슬림탑 매트리스 Q,663000,https://image.hanssem.com/hsimg/gds/1050/1051/1051573_A1.jpg?v=20250820162838
1254,1007018,room_0004,fur_type0015,호텔침대 캔버스 침대 Q 하단매트형 (매트별도),689000,https://image.hanssem.com/hsimg/gds/1050/1007/1007018_A1.jpg?v=20241127140950
1255,993732,room_0004,fur_type0015,호텔침대 부티크 침대 Q PU가죽 (매트 별도),1109000,https://image.hanssem.com/hsimg/gds/550/993/993732_A1.jpg?v=20241127141314
1256,723674,room_0004,fur_type0014,컴포트 하단 매트리스 Q (매트별도),275000,https://image.hanssem.com/hsimg/gds/1050/723/723674_A1.jpg?v=20250812132943
1257,1081749,room_0004,fur_type0015,스테디 컴피 패밀리침대 1500 사이드 가드프레임,250000,https://image.hanssem.com/hsimg/gds/1050/1081/1081749_A1.jpg?v=20250910090236
1258,955496,room_0004,fur_type0014,노뜨 메모리폼탑 매트리스 패밀리형,535040,https://image.hanssem.com/hsimg/gds/1050/955/955496_A1.jpg?v=20250820163746
1259,890983,room_0004,fur_type0015,스테디 하이 패밀리침대 2100 사이드 가드프레임,387000,https://image.hanssem.com/hsimg/gds/1050/890/890983_A1.jpg?v=20241111171132
1260,992714,room_0004,fur_type0014,포시즌 하단 베이스  Q,456000,https://image.hanssem.com/hsimg/gds/1050/992/992714_A1.jpg?v=20250806143136
1261,505285,room_0004,fur_type0015,샘베딩 플레인 전면수납 침대 SS (매트별도),345900,https://image.hanssem.com/hsimg/gds/1050/505/505285_A1.jpg?v=20241127132923
1262,932393,room_0004,fur_type0016,호텔침대 포에트 수납장 400 (높이 2종),123200,https://image.hanssem.com/hsimg/gds/1050/932/932393_A1.jpg?v=20250912111126
1263,1061428,room_0004,fur_type0016,(아울렛) 부티크 스툴 패브릭 (오트베이지 컬러),111000,https://image.hanssem.com/hsimg/gds/1050/1061/1061428_A1.jpg?v=20250910094249
1264,724131,room_0004,fur_type0015,"호텔침대 포엠 침대 Q/K 패널형 (하부서랍 포함, 색상2종, 매트별도)",678000,https://image.hanssem.com/hsimg/gds/1050/724/724131_A1.jpg?v=20241202100105
1265,724138,room_0004,fur_type0016,호텔침대 포엠 서랍장 3단,219000,https://image.hanssem.com/hsimg/gds/1050/724/724138_A1.jpg?v=20241002162012
1266,1091699,room_0004,fur_type0015,클로즈 침대SS (색상/하부서랍 선택) + 밸런스 매트리스SS (2종),694540,https://image.hanssem.com/hsimg/gds/1050/1091/1091699_A1.jpg?v=20250609145739
1267,1065869,room_0004,fur_type0016,호텔침대 어반글로우 멀티패널 350 1개입,419000,https://image.hanssem.com/hsimg/gds/1050/1065/1065869_A1.jpg?v=20250912111324
1268,1081748,room_0004,fur_type0015,"스테디 컴피 패밀리침대 Q+Q (가드옵션, 데이베드 옵션, 매트별도)",1384500,https://image.hanssem.com/hsimg/gds/1050/1081/1081748_A1.jpg?v=20250407171829
1269,246226,room_0004,fur_type0014,노뜨 일체형침대 포켓스프링 SS 화이트,299000,https://image.hanssem.com/hsimg/gds/1050/246/246226_A1.jpg?v=20250820163921
1270,890976,room_0004,fur_type0015,스테디 하이 패밀리침대 K 킹 일반형 (매트별도),809100,https://image.hanssem.com/hsimg/gds/1050/890/890976_A1.jpg?v=20250312101616
1271,993809,room_0004,fur_type0016,호텔침대 부티크 협탁 스틸 화이트,233000,https://image.hanssem.com/hsimg/gds/1050/993/993809_A1.jpg?v=20250806152810
1272,1106069,room_0004,fur_type0016,호텔침대 아트월월넛 ACC수납함,114000,https://image.hanssem.com/hsimg/gds/1050/1106/1106069_A1.jpg?v=20250703113041
1273,1115952,room_0004,fur_type0015,"호텔침대 어반글로우 침대 KK (하부서랍 선택, 매트별도)",993000,https://image.hanssem.com/hsimg/gds/1050/1115/1115952_A1.jpg?v=20250826143333
1274,993609,room_0004,fur_type0016,밀란 303 스튜디오 SL 화장대 세트,602000,https://image.hanssem.com/hsimg/gds/1050/993/993609_A1.jpg?v=20240819174929
1275,1037634,room_0004,fur_type0015,아임빅 수납침대SS 플랫헤드형+노뜨 매트리스,698100,https://image.hanssem.com/hsimg/gds/1050/1037/1037634_A1.jpg?v=20241216100337
1276,487359,room_0004,fur_type0016,리즈 3단 미니 서랍장,85000,https://image.hanssem.com/hsimg/gds/1050/487/487359_A1.jpg?v=20241002162012
1277,644564,room_0004,fur_type0015,샘베딩 베이직 침대 SS 서랍형+노뜨 매트리스,466100,https://image.hanssem.com/hsimg/gds/1050/644/644564_A1.jpg?v=20250205163841
1278,1037632,room_0004,fur_type0015,아임빅 수납침대SS 와이드책상형 (매트별도),679000,https://image.hanssem.com/hsimg/gds/1050/1037/1037632_A1.jpg?v=20240819100053
1279,993029,room_0004,fur_type0016,호텔침대 뉴트럴화이트 서랍장 3단 1000 전도방지,539000,https://image.hanssem.com/hsimg/gds/1050/993/993029_A1.jpg?v=20241021170306
1280,1106089,room_0004,fur_type0015,호텔침대 뉴트럴화이트 침대 SS 민자형 리모컨형 (매트 별도),948000,https://image.hanssem.com/hsimg/gds/1050/1106/1106089_A1.jpg?v=20250915162643
1281,993623,room_0004,fur_type0016,밀란303스튜디오 핀조명 SET,55000,https://image.hanssem.com/hsimg/gds/1050/993/993623_A1.jpg?v=20240227154448
1282,724139,room_0004,fur_type0016,호텔침대 포엠 서랍장 5단,299000,https://image.hanssem.com/hsimg/gds/1050/724/724139_A1.jpg?v=20241002162012
1283,1064629,room_0004,fur_type0015,"호텔침대 포에트 침대 SS (헤드2종,하부서랍 선택) + 밸런스 매트리스(2종)",718410,https://image.hanssem.com/hsimg/gds/1050/1064/1064629_A1.jpg?v=20250609151626
1284,1081477,room_0004,fur_type0015,플래드 패브릭침대 무헤드형 화이트 SS (매트별도),239000,https://image.hanssem.com/hsimg/gds/1050/1081/1081477_A1.jpg?v=20250403151938
1285,1081458,room_0004,fur_type0015,"모먼트 패브릭 침대 KK (코타베이지, 매트별도)",1378000,https://image.hanssem.com/hsimg/gds/1050/1081/1081458_A1.jpg?v=20250403145813
1286,1020950,room_0004,fur_type0015,[시즌오프]보니타 가죽 침대 Q/K (매트별도),1233800,https://image.hanssem.com/hsimg/gds/1050/1020/1020950_A1.jpg?v=20250717153357
1287,993768,room_0004,fur_type0016,유로 605 슬로우 스틸협탁브라운,242000,https://image.hanssem.com/hsimg/gds/1050/993/993768_A1.jpg?v=20240809174209
1288,1115958,room_0004,fur_type0015,호텔침대 포에트 루바형 침대 KK (하부서랍 선택) + 밸런스 볼륨탑 매트리스,1450080,https://image.hanssem.com/hsimg/gds/1050/1115/1115958_A1.jpg?v=20250912175125
1289,170798,room_0004,fur_type0015,침대 부착형 LED 간접조명,55000,https://image.hanssem.com/hsimg/gds/1050/170/170798_A1.jpg?v=20231208152744
1290,1037645,room_0004,fur_type0016,아임빅 3단 서랍장 800,321600,https://image.hanssem.com/hsimg/gds/1050/1037/1037645_A1.jpg?v=20241002162013
1291,979720,room_0004,fur_type0016,호텔침대 포에트우디 패널 협탁형 350,220000,https://image.hanssem.com/hsimg/gds/1050/979/979720_A1.jpg?v=20241002162013
1292,1103279,room_0004,fur_type0016,호텔침대 룬소프트 화장대 패브릭스툴,174000,https://image.hanssem.com/hsimg/gds/1050/1103/1103279_A1.jpg?v=20250904110829
1293,890972,room_0004,fur_type0015,스테디 하이 패밀리침대 SS 일반형 (매트별도),609300,https://image.hanssem.com/hsimg/gds/1050/890/890972_A1.jpg?v=20241111172111
1294,1065883,room_0004,fur_type0016,호텔침대 어반글로우 코너 사이드선반,172000,https://image.hanssem.com/hsimg/gds/1050/1065/1065883_A1.jpg?v=20250912111954
1295,1081734,room_0004,fur_type0015,"스테디 컴피 패밀리침대 SS 가드형 (데이베드 옵션, 매트별도)",704340,https://image.hanssem.com/hsimg/gds/1050/1081/1081734_A1.jpg?v=20250407171057
1296,1081732,room_0004,fur_type0015,스테디 컴피 패밀리침대 SS 일반형 (매트별도),459000,https://image.hanssem.com/hsimg/gds/1050/1081/1081732_A1.jpg?v=20250407170853
1297,1115939,room_0004,fur_type0015,"호텔침대 모노침대 Q/K (색상2종, 하부서랍 선택, 매트별도)",545250,https://image.hanssem.com/hsimg/gds/1050/1115/1115939_A1.jpg?v=20250915162742
1298,1115945,room_0004,fur_type0016,호텔침대 모노 3단 와이드 서랍장 1400 (색상2종),595000,https://image.hanssem.com/hsimg/gds/1050/1115/1115945_A1.jpg?v=20250912133835
1299,1007021,room_0004,fur_type0015,호텔침대 캔버스 침대 Q 수납형 (매트별도),739000,https://image.hanssem.com/hsimg/gds/1050/1007/1007021_A1.jpg?v=20250512100131
1300,1037644,room_0004,fur_type0016,아임빅 미니서랍장 400,255200,https://image.hanssem.com/hsimg/gds/1050/1037/1037644_A1.jpg?v=20241002162013
1301,993606,room_0004,fur_type0016,밀란303스튜디오 3단서랍장,432000,https://image.hanssem.com/hsimg/gds/1050/993/993606_A1.jpg?v=20250806151129
1302,1092300,room_0004,fur_type0014,스테이 리버서블 메모리폼 토퍼 SS/Q,129000,https://image.hanssem.com/hsimg/gds/1050/1092/1092300_A1.jpg?v=20250520133802
1303,1064597,room_0004,fur_type0015,아임빅 수납침대 SS 무헤드형 + 밸런스 매트리스(2종),659880,https://image.hanssem.com/hsimg/gds/1050/1064/1064597_A1.jpg?v=20250820164417
1304,724136,room_0004,fur_type0016,호텔침대 포엠 거울 화장대,229000,https://image.hanssem.com/hsimg/gds/1050/724/724136_A1.jpg?v=20241202100105
1305,1081479,room_0004,fur_type0015,플래드 심플 패브릭침대 화이트 SS + 밸런스 매트리스 (2종),790140,https://image.hanssem.com/hsimg/gds/1050/1081/1081479_A1.jpg?v=20250912175616
1306,1106097,room_0004,fur_type0015,호텔침대 세레네차콜 침대 SS 목대형 리모컨형 (매트 별도),1052000,https://image.hanssem.com/hsimg/gds/1050/1106/1106097_A1.jpg?v=20250703113334
1307,973865,room_0004,fur_type0015,티오 벙커침대 SS + 토퍼,1216000,https://image.hanssem.com/hsimg/gds/1050/973/973865_A1.jpg?v=20250714102514
1308,256256,room_0004,fur_type0015,침대 안전가드 (아임빅침대 전용),45430,https://image.hanssem.com/hsimg/gds/1050/256/256256_A1.jpg?v=20250211145333
1309,1065876,room_0004,fur_type0016,호텔침대 어반글로우 3단 서랍장,481000,https://image.hanssem.com/hsimg/gds/1050/1065/1065876_A1.jpg?v=20250912111724
1310,1071030,room_0004,fur_type0015,조이S 2 멀티침대 SS,599000,https://image.hanssem.com/hsimg/gds/1050/1071/1071030_A1.jpg?v=20250623134524
1311,1081746,room_0004,fur_type0015,"스테디 컴피 패밀리침대 Q+SS (가드옵션, 데이베드 옵션, 매트별도)",1269060,https://image.hanssem.com/hsimg/gds/1050/1081/1081746_A1.jpg?v=20250407171701
1312,1081733,room_0004,fur_type0015,"스테디 컴피 패밀리침대 SS 와이드헤드형 (협탁 옵션, 매트별도)",609020,https://image.hanssem.com/hsimg/gds/1050/1081/1081733_A1.jpg?v=20250415160122
1313,1007020,room_0004,fur_type0015,호텔침대 캔버스 침대 SS 수납형 (매트별도),549000,https://image.hanssem.com/hsimg/gds/1050/1007/1007020_A1.jpg?v=20241127110500
1314,992805,room_0004,fur_type0016,유로 604 협탁,366000,https://image.hanssem.com/hsimg/gds/1050/992/992805_A1.jpg?v=20250806152056
1315,1106086,room_0004,fur_type0015,"호텔침대 뉴트럴화이트 침대 Q/K,KK 루바형 리모컨형 (매트 별도)",1203000,https://image.hanssem.com/hsimg/gds/1050/1106/1106086_A1.jpg?v=20250915162045
1316,1038160,room_0004,fur_type0014,밸런스S 유로탑 매트리스 Q/K/KK,890000,https://image.hanssem.com/hsimg/gds/1050/1038/1038160_A1.jpg?v=20250820162726
1317,992785,room_0004,fur_type0016,호텔침대 아트월월넛 협탁,155000,https://image.hanssem.com/hsimg/gds/1050/992/992785_A1.jpg?v=20250806142807
1318,1007016,room_0004,fur_type0015,"캔버스 침대 Q 하단매트형 (무헤드, 매트별도)",489000,https://image.hanssem.com/hsimg/gds/1050/1007/1007016_A1.jpg?v=20241127141027
1319,1106094,room_0004,fur_type0015,"호텔침대 세레네차콜 침대 Q/K,KK 목대형 리모컨형 (매트 별도)",1306000,https://image.hanssem.com/hsimg/gds/1050/1106/1106094_A1.jpg?v=20250703113334
1320,724128,room_0004,fur_type0015,"호텔침대 포엠 침대 Q/K (색상2종, 매트별도)",449000,https://image.hanssem.com/hsimg/gds/1050/724/724128_A1.jpg?v=20241216100337
1321,1081753,room_0004,fur_type0016,스테디 컴피 침대 협탁,145140,https://image.hanssem.com/hsimg/gds/1050/1081/1081753_A1.jpg?v=20250407172138
1322,993034,room_0004,fur_type0016,호텔침대 뉴트럴화이트 화장대 수납형,523000,https://image.hanssem.com/hsimg/gds/1050/993/993034_A1.jpg?v=20240725152328
1323,229714,room_0004,fur_type0014,노뜨 일체형침대 포켓스프링 S 그레이,289000,https://image.hanssem.com/hsimg/gds/1050/229/229714_A1.jpg?v=20250820164103
1324,1103273,room_0004,fur_type0016,호텔침대 룬소프트 패널,494000,https://image.hanssem.com/hsimg/gds/1050/1103/1103273_A1.jpg?v=20250828090946
1325,1061836,room_0004,fur_type0015,스테디 하이 패밀리침대 1500 사이드 가드프레임,361000,https://image.hanssem.com/hsimg/gds/1050/1061/1061836_A1.jpg?v=20241111170846
1326,1081476,room_0004,fur_type0015,플래드 엣지 패브릭침대 화이트 Q (매트별도),569000,https://image.hanssem.com/hsimg/gds/1050/1081/1081476_A1.jpg?v=20250403151827
1327,1081484,room_0004,fur_type0015,플래드 패브릭침대 무헤드형 화이트 Q + 밸런스 매트리스 (2종),710710,https://image.hanssem.com/hsimg/gds/1050/1081/1081484_A1.jpg?v=20250912175400
1328,1064735,room_0004,fur_type0015,호텔침대 어반글로우 침대 Q/K (하부서랍 선택) + 밸런스 매트리스 (2종),1096680,https://image.hanssem.com/hsimg/gds/1050/1064/1064735_A1.jpg?v=20250915170010
1329,1081739,room_0004,fur_type0015,"스테디 컴피 패밀리침대 K 와이드헤드형 (협탁 옵션, 매트별도)",725940,https://image.hanssem.com/hsimg/gds/1050/1081/1081739_A1.jpg?v=20250415160122
1330,948680,room_0004,fur_type0014,노뜨 메모리폼탑 매트리스 K  시공,385000,https://image.hanssem.com/hsimg/gds/1050/948/948680_A1.jpg?v=20250820150632
1331,1081460,room_0004,fur_type0015,"페블 패브릭 침대 K (색상 2종, 매트별도)",1258000,https://image.hanssem.com/hsimg/gds/1050/1081/1081460_A1.jpg?v=20250410172929
1332,319574,room_0004,fur_type0015,스테디2 패밀리침대 측프레임 단독_2개입 (색상2종),159000,https://image.hanssem.com/hsimg/gds/1050/319/319574_A1.jpg?v=20250304084827
1333,1115949,room_0004,fur_type0016,호텔침대 모노 연결철물,15000,https://image.hanssem.com/hsimg/gds/1050/1115/1115949_A1.jpg?v=20250826143333
1334,993825,room_0004,fur_type0016,호텔침대 부티크 패널 패브릭,412000,https://image.hanssem.com/hsimg/gds/1050/993/993825_A1.jpg?v=20250806152633
1335,1037635,room_0004,fur_type0015,아임빅 수납침대SS 와이드책상형+노뜨 매트리스,847770,https://image.hanssem.com/hsimg/gds/1050/1037/1037635_A1.jpg?v=20241216100337
1336,1081483,room_0004,fur_type0015,플래드 패브릭침대 무헤드형 화이트 SS + 밸런스 매트리스 (2종),533610,https://image.hanssem.com/hsimg/gds/1050/1081/1081483_A1.jpg?v=20250912175420
1337,1081473,room_0004,fur_type0015,플래드 심플 패브릭침대 화이트 SS (매트별도),499000,https://image.hanssem.com/hsimg/gds/1050/1081/1081473_A1.jpg?v=20250403150511
1338,993026,room_0004,fur_type0016,호텔침대 뉴트럴화이트 서랍장 2단 800,299000,https://image.hanssem.com/hsimg/gds/1050/993/993026_A1.jpg?v=20241021165911
1339,1081459,room_0004,fur_type0015,"페블 패브릭 침대 Q (색상 2종, 매트별도)",1216000,https://image.hanssem.com/hsimg/gds/1050/1081/1081459_A1.jpg?v=20250410173227
1340,1046385,room_0004,fur_type0016,호텔침대 그로브오크 콘솔형 화장대 800,374000,https://image.hanssem.com/hsimg/gds/1050/1046/1046385_A1.jpg?v=20240725134048
1341,1046387,room_0004,fur_type0016,호텔침대 세레네차콜 협탁,184000,https://image.hanssem.com/hsimg/gds/1050/1046/1046387_A1.jpg?v=20240725131604
1342,1081457,room_0004,fur_type0015,"모먼트 패브릭 침대 K (색상 2종, 매트별도)",1194000,https://image.hanssem.com/hsimg/gds/1050/1081/1081457_A1.jpg?v=20250410174405
1343,890974,room_0004,fur_type0015,스테디 하이 패밀리침대 Q 퀸 일반형 (매트별도),761400,https://image.hanssem.com/hsimg/gds/1050/890/890974_A1.jpg?v=20241111171924
1344,979729,room_0004,fur_type0017,호텔침대 포에트우디 서랍장 손잡이 6개입,25000,https://image.hanssem.com/hsimg/gds/1050/979/979729_A1.jpg?v=20241002162013
1345,1020236,room_0004,fur_type0016,호텔침대 캔버스 핀조명,55000,https://image.hanssem.com/hsimg/gds/1050/1020/1020236_A1.jpg?v=20240925110951
1346,229713,room_0004,fur_type0014,노뜨 일체형침대 포켓스프링 S 화이트,279000,https://image.hanssem.com/hsimg/gds/1050/229/229713_A1.jpg?v=20250820163950
1347,1065874,room_0004,fur_type0016,호텔침대 어반글로우 화장대패널 550,643000,https://image.hanssem.com/hsimg/gds/1050/1065/1065874_A1.jpg?v=20250912111603
1348,932388,room_0004,fur_type0016,호텔침대 포에트 서랍장 5단 800,459000,https://image.hanssem.com/hsimg/gds/1050/932/932388_A1.jpg?v=20250912111027
1349,932418,room_0004,fur_type0016,호텔침대 포에트/어반글로우 연결철물 SET,16000,https://image.hanssem.com/hsimg/gds/1050/932/932418_A1.jpg?v=20240925110532
1350,1020951,room_0004,fur_type0016,보니타 협탁,350000,https://image.hanssem.com/hsimg/gds/1050/1020/1020951_A1.jpg?v=20250716171308
1351,993624,room_0004,fur_type0016,밀란 303 스튜디오 스탠드,18000,https://image.hanssem.com/hsimg/gds/1050/993/993624_A1.jpg?v=20250806153415
1352,973901,room_0004,fur_type0015,"티오 그로우 슬라이딩 딥 수납침대 SS (매트별도, 컬러 택1)",557280,https://image.hanssem.com/hsimg/gds/1050/973/973901_A1.jpg?v=20250221165415
1353,837512,room_0004,fur_type0014,노뜨 라텍스탑 매트리스 Q,295000,https://image.hanssem.com/hsimg/gds/1050/837/837512_A1.jpg?v=20250820163232
1354,1048631,room_0004,fur_type0015,호텔침대 캔버스 수납형 SS + 노뜨 매트리스,713700,https://image.hanssem.com/hsimg/gds/1050/1048/1048631_A1.jpg?v=20241127110600
1355,993423,room_0004,fur_type0015,유로 604 프렌치침대 K (매트별도),1546000,https://image.hanssem.com/hsimg/gds/1050/993/993423_A1.jpg?v=20240626160912
1356,816305,room_0004,fur_type0016,아임빅 라운드협탁,64000,https://image.hanssem.com/hsimg/gds/1050/816/816305_A1.jpg?v=20241216100337
1357,890977,room_0004,fur_type0015,"스테디 하이 패밀리침대 K 가드형 (데이베드 옵션, 매트별도)",1221300,https://image.hanssem.com/hsimg/gds/1050/890/890977_A1.jpg?v=20250312101347
1358,1106083,room_0004,fur_type0015,"호텔침대 아트월월넛 침대 Q/K,KK 리모컨형 (매트 별도)",1127000,https://image.hanssem.com/hsimg/gds/1050/1106/1106083_A1.jpg?v=20250728152634
1359,993810,room_0004,fur_type0016,호텔침대 부티크 테이블 스틸엣지,223000,https://image.hanssem.com/hsimg/gds/1050/993/993810_A1.jpg?v=20250806152938
1360,644568,room_0004,fur_type0015,샘베딩 플레인 전면수납 침대 SS 서랍형+노뜨 매트리스,599820,https://image.hanssem.com/hsimg/gds/1050/644/644568_A1.jpg?v=20241127132618
1361,724130,room_0004,fur_type0015,"호텔침대 포엠 침대 Q/K (하부서랍 포함, 색상2종, 매트별도)",549000,https://image.hanssem.com/hsimg/gds/1050/724/724130_A1.jpg?v=20241127141522
1362,992715,room_0004,fur_type0014,포시즌 하단 베이스  K,622000,https://image.hanssem.com/hsimg/gds/1050/992/992715_A1.jpg?v=20250806143253
1363,1106104,room_0004,fur_type0016,호텔침대 세레네차콜 패널  일반형,408000,https://image.hanssem.com/hsimg/gds/1050/1106/1106104_A1.jpg?v=20250828111928
1364,992850,room_0004,fur_type0016,로건 화장대 거울,150000,https://image.hanssem.com/hsimg/gds/1050/992/992850_A1.jpg?v=20240227152741
1365,1037636,room_0004,fur_type0015,아임빅 수납침대SS 화장대형+노뜨 매트리스,877500,https://image.hanssem.com/hsimg/gds/1050/1037/1037636_A1.jpg?v=20241216100337
1366,1081481,room_0004,fur_type0015,플래드 엣지 패브릭침대 화이트 SS + 밸런스 매트리스 (2종),776100,https://image.hanssem.com/hsimg/gds/1050/1081/1081481_A1.jpg?v=20250912175517
1367,992688,room_0004,fur_type0016,호텔침대 아트월월넛 서랍장 2단 800,299000,https://image.hanssem.com/hsimg/gds/1050/992/992688_A1.jpg?v=20241021170623
1368,993085,room_0004,fur_type0015,유로 602 필로우침대 SS (매트별도),1161000,https://image.hanssem.com/hsimg/gds/1050/993/993085_A1.jpg?v=20250616141026
1369,1081747,room_0004,fur_type0015,"스테디 컴피 패밀리침대 K+SS (가드옵션, 데이베드 옵션, 매트별도)",1295580,https://image.hanssem.com/hsimg/gds/1050/1081/1081747_A1.jpg?v=20250407171745
1370,1106070,room_0004,fur_type0016,호텔침대 아트월월넛 화장대거울 원형,100000,https://image.hanssem.com/hsimg/gds/1050/1106/1106070_A1.jpg?v=20250818133248
1371,1037641,room_0004,fur_type0016,아임빅 다용도 악세서리 걸이,30400,https://image.hanssem.com/hsimg/gds/1050/1037/1037641_A1.jpg?v=20241002162013
1372,1118521,room_0004,fur_type0015,(소진완료) 아임빅 수납침대 SS 일반헤드형 매트별도(헤드 화이트/하부 화이트),491000,https://image.hanssem.com/hsimg/gds/1050/1118/1118521_A1.jpg?v=20250909090431
1373,724135,room_0004,fur_type0015,"호텔침대 포엠 침대 SS 패널형 (하부서랍 포함, 색상2종, 매트별도)",578000,https://image.hanssem.com/hsimg/gds/1050/724/724135_A1.jpg?v=20240724181122
1374,993605,room_0004,fur_type0016,밀란303스튜디오 협탁,165000,https://image.hanssem.com/hsimg/gds/1050/993/993605_A1.jpg?v=20250806151351
1375,890980,room_0004,fur_type0015,"스테디 하이 패밀리침대 K+SS (가드옵션, 데이베드 옵션, 매트별도)",1816200,https://image.hanssem.com/hsimg/gds/1050/890/890980_A1.jpg?v=20250312101200
1376,1071029,room_0004,fur_type0015,조이S 2 조명 침대 SS,479000,https://image.hanssem.com/hsimg/gds/1050/1071/1071029_A1.jpg?v=20250623134601
1377,890985,room_0004,fur_type0015,스테디 하이 패밀리침대 구름 수납선반,71100,https://image.hanssem.com/hsimg/gds/1050/890/890985_A1.jpg?v=20240814160550
1378,1037643,room_0004,fur_type0016,아임빅 행잉거울,64800,https://image.hanssem.com/hsimg/gds/1050/1037/1037643_A1.jpg?v=20241002162013
1379,1115947,room_0004,fur_type0016,호텔침대 모노 화장대 거울 (색상2종),69000,https://image.hanssem.com/hsimg/gds/1050/1115/1115947_A1.jpg?v=20250904203031
1380,993025,room_0004,fur_type0016,호텔침대 뉴트럴화이트 협탁,155000,https://image.hanssem.com/hsimg/gds/1050/993/993025_A1.jpg?v=20241021165543
1381,1115948,room_0004,fur_type0016,호텔침대 모노 화장대 SET (색상2종),358000,https://image.hanssem.com/hsimg/gds/1050/1115/1115948_A1.jpg?v=20250904203031
1382,993805,room_0004,fur_type0015,호텔침대 부티크 침대 K 패브릭 ( 매트 별도 ),1316000,https://image.hanssem.com/hsimg/gds/1050/993/993805_A1.jpg?v=20241127141208
1383,993731,room_0004,fur_type0015,호텔침대 부티크 침대 K PU가죽 (매트 별도),1235000,https://image.hanssem.com/hsimg/gds/550/993/993731_A1.jpg?v=20241127141336
1384,992800,room_0004,fur_type0016,유로 604 3단 서랍장 1000,698000,https://image.hanssem.com/hsimg/gds/1050/992/992800_A1.jpg?v=20250814142013
1385,993733,room_0004,fur_type0015,호텔침대 부티크 침대 SS PU가죽 (매트 별도),860000,https://image.hanssem.com/hsimg/gds/550/993/993733_A1.jpg?v=20250312100452
1386,993797,room_0004,fur_type0016,유로 606 시에나 사이드테이블,287000,https://image.hanssem.com/hsimg/gds/1050/993/993797_A1.jpg?v=20240227154331
1387,1115954,room_0004,fur_type0015,"호텔침대 모노침대 Q/K (색상2종, 하부서랍 선택) + 밸런스 매트리스(2종)",921990,https://image.hanssem.com/hsimg/gds/1050/1115/1115954_A1.jpg?v=20250915163146
1388,837474,room_0004,fur_type0016,멜로우 북케이스,115000,https://image.hanssem.com/hsimg/gds/1050/837/837474_A1.jpg?v=20241002162012
1389,795503,room_0004,fur_type0015,아임빅 수납침대 SS 조명헤드형 (매트별도),469000,https://image.hanssem.com/hsimg/gds/1050/795/795503_A1.jpg?v=20250623100241
1390,993390,room_0004,fur_type0016,호텔침대 부티크 협탁,233000,https://image.hanssem.com/hsimg/gds/1050/993/993390_A1.jpg?v=20240820093100
1391,1106105,room_0004,fur_type0016,호텔침대 세레네차콜 패널  코너형,530000,https://image.hanssem.com/hsimg/gds/1050/1106/1106105_A1.jpg?v=20250828112305
1392,993800,room_0004,fur_type0016,유로 606 시에나 3단 와이드서랍장1400,942000,https://image.hanssem.com/hsimg/gds/1050/993/993800_A1.jpg?v=20250211150514
1393,390420,room_0004,fur_type0014,디퍼 베이직 토퍼 매트리스 SS,118000,https://image.hanssem.com/hsimg/gds/1050/390/390420_A1.jpg?v=20250106143114
1394,1064596,room_0004,fur_type0015,아임빅 수납침대 SS 패브릭헤드형 + 밸런스 매트리스(2종),788420,https://image.hanssem.com/hsimg/gds/1050/1064/1064596_A1.jpg?v=20250610100403
1395,1115946,room_0004,fur_type0016,호텔침대 모노 화장대 800 (색상2종),289000,https://image.hanssem.com/hsimg/gds/1050/1115/1115946_A1.jpg?v=20250904203031
1396,1059044,room_0004,fur_type0014,(아울렛) 노뜨 컴포트 매트리스 SS,137000,https://image.hanssem.com/hsimg/gds/550/1059/1059044_A1.jpg?v=20250922201834
1397,973871,room_0004,fur_type0015,티오 벙커침대 SS ㄱ자책상형+토퍼,1389610,https://image.hanssem.com/hsimg/gds/1050/973/973871_A1.jpg?v=20250221165414
1398,1007022,room_0004,fur_type0015,캔버스 침대 하단 매트리스 SS + 노뜨 매트리스,523920,https://image.hanssem.com/hsimg/gds/1050/1007/1007022_A1.jpg?v=20250623100241
1399,1081745,room_0004,fur_type0015,"스테디 컴피 패밀리침대 SS+SS (가드옵션, 데이베드 옵션, 매트별도)",1147380,https://image.hanssem.com/hsimg/gds/1050/1081/1081745_A1.jpg?v=20250407171619
1400,1106074,room_0004,fur_type0016,호텔침대 뉴트럴화이트 화장대거울 원형,100000,https://image.hanssem.com/hsimg/gds/1050/1106/1106074_A1.jpg?v=20250818133550
1401,487360,room_0004,fur_type0016,리즈 수납형 화장대,289000,https://image.hanssem.com/hsimg/gds/1050/487/487360_A1.jpg?v=20241002162012
1402,1106068,room_0004,fur_type0016,호텔침대 아트월월넛 사이드선반,405000,https://image.hanssem.com/hsimg/gds/1050/1106/1106068_A1.jpg?v=20250818132705
1403,993392,room_0004,fur_type0016,호텔침대 부티크 화장대,465000,https://image.hanssem.com/hsimg/gds/550/993/993392_A1.jpg?v=20250806150131
1404,1106103,room_0004,fur_type0016,호텔침대 뉴트럴화이트  패널,369000,https://image.hanssem.com/hsimg/gds/1050/1106/1106103_A1.jpg?v=20250828112028
1405,1065875,room_0004,fur_type0016,호텔침대 어반글로우 사이드 테이블,160000,https://image.hanssem.com/hsimg/gds/1050/1065/1065875_A1.jpg?v=20250912111644
1406,644567,room_0004,fur_type0015,샘베딩 플레인 전면수납 침대 SS+노뜨 매트리스,506920,https://image.hanssem.com/hsimg/gds/1050/644/644567_A1.jpg?v=20241127133023
1407,1115350,room_0004,fur_type0014,"포시즌 6 하드,미디움,소프트 매트리스 Q/K/KK",2680000,https://image.hanssem.com/hsimg/gds/1050/1115/1115350_A1.jpg?v=20250919104627
1408,1020952,room_0004,fur_type0016,보니타 3단 서랍장 1000,748000,https://image.hanssem.com/hsimg/gds/1050/1020/1020952_A1.jpg?v=20250717150320
1409,993387,room_0004,fur_type0017,호텔침대 부티크 패널 PU가죽,402000,https://image.hanssem.com/hsimg/gds/550/993/993387_A1.jpg?v=20250814141658
1410,1103277,room_0004,fur_type0016,호텔침대 룬소프트 블랑 사이드테이블,130000,https://image.hanssem.com/hsimg/gds/1050/1103/1103277_A1.jpg?v=20250828140636
1411,644563,room_0004,fur_type0015,샘베딩 베이직 침대 SS+노뜨 매트리스,372840,https://image.hanssem.com/hsimg/gds/1050/644/644563_A1.jpg?v=20250205163527
1412,1007017,room_0004,fur_type0015,호텔침대 캔버스 침대 SS 하단매트형 (매트별도),559000,https://image.hanssem.com/hsimg/gds/1050/1007/1007017_A1.jpg?v=20241127110427
1413,1107323,room_0004,fur_type0014,에브리 논슬립 메모리폼 토퍼 전용 커버 SS/Q,45900,https://image.hanssem.com/hsimg/gds/1050/1107/1107323_A1.jpg?v=20250724113728
1414,1081755,room_0004,fur_type0015,스테디 컴피 패밀리침대 무드조명,59000,https://image.hanssem.com/hsimg/gds/1050/1081/1081755_A1.jpg?v=20250407172223
1415,1064594,room_0004,fur_type0015,아임빅 수납침대 SS 조명헤드형 + 밸런스 매트리스(2종),764610,https://image.hanssem.com/hsimg/gds/1050/1064/1064594_A1.jpg?v=20250609154035
1416,1119133,room_0004,fur_type0015,호텔침대 아트월월넛 침대 Q/K 리모컨형 + 포시즌6 매트리스 K,3556200,https://image.hanssem.com/hsimg/gds/1050/1119/1119133_A1.jpg?v=20250904154210
1417,993083,room_0004,fur_type0015,유로 602 필로우침대 KK (매트별도),1970000,https://image.hanssem.com/hsimg/gds/1050/993/993083_A1.jpg?v=20240620101959
1418,1064593,room_0004,fur_type0015,아임빅 수납침대 SS 슬림수납헤드형 + 밸런스 매트리스(2종),717440,https://image.hanssem.com/hsimg/gds/1050/1064/1064593_A1.jpg?v=20250609154035
1419,1038180,room_0004,fur_type0014,밸런스S 유로탑 매트리스 SS,590000,https://image.hanssem.com/hsimg/gds/1050/1038/1038180_A1.jpg?v=20250820162640
1420,1081736,room_0004,fur_type0015,"스테디 컴피 패밀리침대 Q 와이드헤드형 (협탁 옵션, 매트별도)",694120,https://image.hanssem.com/hsimg/gds/1050/1081/1081736_A1.jpg?v=20250415160122
1421,993033,room_0004,fur_type0016,호텔침대 뉴트럴화이트 화장대콘솔형,354000,https://image.hanssem.com/hsimg/gds/1050/993/993033_A1.jpg?v=20240725152644
1422,891120,room_0004,fur_type0014,노뜨 라텍스탑 매트리스 패밀리형,417000,https://image.hanssem.com/hsimg/gds/1050/891/891120_A1.jpg?v=20250820163323
1423,1020949,room_0004,fur_type0015,[시즌오프]보니타 패브릭 침대 Q/K (매트별도),1422600,https://image.hanssem.com/hsimg/gds/1050/1020/1020949_A1.jpg?v=20250717153500
1424,1115351,room_0004,fur_type0014,"포시즌 6 하드,미디움,소프트 매트리스 SS",1850000,https://image.hanssem.com/hsimg/gds/1050/1115/1115351_A1.jpg?v=20250919104826
1425,993808,room_0004,fur_type0016,호텔침대 부티크 스툴 패브릭,182000,https://image.hanssem.com/hsimg/gds/1050/993/993808_A1.jpg?v=20250806150837
1426,992564,room_0004,fur_type0014,밀란102 키즈 매트리스 SS,327000,https://image.hanssem.com/hsimg/gds/1050/992/992564_A1.jpg?v=20250903140939
1427,973904,room_0004,fur_type0015,티오 그로우 슬라이딩 딥 수납침대 SS+가드+샘키즈 매트 (컬러 택1),857000,https://image.hanssem.com/hsimg/gds/1050/973/973904_A1.jpg?v=20250903135800
1428,1115953,room_0004,fur_type0015,"호텔침대 포에트 루바형 침대 KK (하부서랍 선택,매트별도)",815100,https://image.hanssem.com/hsimg/gds/1050/1115/1115953_A1.jpg?v=20250826143333
1429,1037646,room_0004,fur_type0016,아임빅 파티션 화장대,338400,https://image.hanssem.com/hsimg/gds/1050/1037/1037646_A1.jpg?v=20241216100337
1430,319571,room_0004,fur_type0015,[55딜]스테디2 패밀리침대 SS+SS 한쪽가드형 (매트별도),550000,https://image.hanssem.com/hsimg/gds/1050/319/319571_A1.jpg?v=20250310141700
1431,992454,room_0004,fur_type0015,우든 침대 SS 수납형 (매트별도),654000,https://image.hanssem.com/hsimg/gds/1050/992/992454_A1.jpg?v=20250814143830
1432,979727,room_0004,fur_type0016,호텔침대 포에트우디 서랍장 3단 와이드,499000,https://image.hanssem.com/hsimg/gds/1050/979/979727_A1.jpg?v=20241002162013
1433,170796,room_0004,fur_type0015,"샘베딩 플레인 침대 Q,K 메이플 서랍형 (매트별도)",439900,https://image.hanssem.com/hsimg/gds/1050/170/170796_A1.jpg?v=20250310164215
1434,1037633,room_0004,fur_type0015,아임빅 수납침대SS 화장대형 (매트별도),709000,https://image.hanssem.com/hsimg/gds/1050/1037/1037633_A1.jpg?v=20240813164309
1435,466259,room_0004,fur_type0014,디퍼 베이직 토퍼 매트리스 Q,168000,https://image.hanssem.com/hsimg/gds/1050/466/466259_A1.jpg?v=20250106143114
1436,1115957,room_0004,fur_type0015,호텔침대 어반글로우 침대 KK (하부서랍 선택) + 밸런스 볼륨탑 매트리스,1373400,https://image.hanssem.com/hsimg/gds/1050/1115/1115957_A1.jpg?v=20250912175148
1437,795505,room_0004,fur_type0015,아임빅 수납침대 SS 패브릭헤드형 (매트별도),489000,https://image.hanssem.com/hsimg/gds/1050/795/795505_A1.jpg?v=20240807080242
1438,993801,room_0004,fur_type0016,유로 606 시에나 데스크 1000,375000,https://image.hanssem.com/hsimg/gds/1050/993/993801_A1.jpg?v=20240227154331
1439,1046384,room_0004,fur_type0016,호텔침대 그로브오크 서랍장 3단 와이드 1400,779000,https://image.hanssem.com/hsimg/gds/1050/1046/1046384_A1.jpg?v=20240725133449
1440,287987,room_0004,fur_type0015,"샘베딩 플레인 침대 Q,K 화이트 서랍형 (매트별도)",439900,https://image.hanssem.com/hsimg/gds/1050/287/287987_A1.jpg?v=20250310164629
1441,932378,room_0004,fur_type0015,"[특가~9/29]호텔침대 포에트 침대 SS (헤드 2종, 하부서랍 선택,매트별도)",408750,https://image.hanssem.com/hsimg/gds/1050/932/932378_A1.jpg?v=20250912104401
1442,1065882,room_0004,fur_type0016,호텔침대 어반글로우 악세서리 수납함,139000,https://image.hanssem.com/hsimg/gds/1050/1065/1065882_A1.jpg?v=20250912111901
1443,1018877,room_0004,fur_type0016,폴딩 백레스트 수납스툴 등받이 화장대 의자,52900,https://image.hanssem.com/hsimg/gds/1050/1018/1018877_A1.jpg?v=20250630170427
1444,773278,room_0004,fur_type0015,클로즈 침대 SS + 노뜨 매트리스,573300,https://image.hanssem.com/hsimg/gds/1050/773/773278_A1.jpg?v=20250512100131
1445,837470,room_0004,fur_type0016,멜로우 콘솔 화장대,349000,https://image.hanssem.com/hsimg/gds/1050/837/837470_A1.jpg?v=20241002162012
1446,1118431,room_0004,fur_type0015,"(소진완료) 호텔침대 아트월월넛 침대 Q/K,KK 리모컨형 매트 별도(사이즈 Q/K)",1127000,https://image.hanssem.com/hsimg/gds/1050/1118/1118431_A1.jpg?v=20250916092439
1447,1064059,room_0004,fur_type0014,[특가~9/29]밸런스 파인탑 매트리스 SS,289000,https://image.hanssem.com/hsimg/gds/1050/1064/1064059_A1.jpg?v=20250820162519
1448,948687,room_0004,fur_type0014,노뜨 메모리폼탑 매트리스 K DIY,365000,https://image.hanssem.com/hsimg/gds/1050/948/948687_A1.jpg?v=20250820163542
1449,1091700,room_0004,fur_type0015,클로즈 침대Q/K (색상/하부서랍 선택) + 밸런스 매트리스Q/K (2종),908200,https://image.hanssem.com/hsimg/gds/1050/1091/1091700_A1.jpg?v=20250710165431
1450,1115955,room_0004,fur_type0015,"호텔침대 모노침대 KK (색상2종, 하부서랍 선택) + 밸런스 볼륨탑 매트리스",1230960,https://image.hanssem.com/hsimg/gds/1050/1115/1115955_A1.jpg?v=20250915163325
1451,1062734,room_0004,fur_type0014,(아울렛) 노뜨 라텍스탑 매트리스 SS,160000,https://image.hanssem.com/hsimg/gds/1050/1062/1062734_A1.jpg?v=20250922201833
1452,641215,room_0004,fur_type0014,노뜨 컴포트 매트리스SS,169000,https://image.hanssem.com/hsimg/gds/1050/641/641215_A1.jpg?v=20250829154456
1453,992691,room_0004,fur_type0016,호텔침대 아트월월넛 서랍장 3단 와이드 1400,698000,https://image.hanssem.com/hsimg/gds/1050/992/992691_A1.jpg?v=20240725100326
1454,1118892,room_0004,fur_type0015,[550만원딜 특가]그로브오크  호텔침대/포시즌6 매트리스K+인칸토 식탁세트,5500000,https://image.hanssem.com/hsimg/gds/1050/1118/1118892_A1.jpg?v=20250908091441
1455,1093314,room_0004,fur_type0014,스테이 리버서블 메모리폼 토퍼 전용 교체용 커버,39900,https://image.hanssem.com/hsimg/gds/1050/1093/1093314_A1.jpg?v=20250416084625
1456,1037631,room_0004,fur_type0015,아임빅 수납침대SS 플랫헤드형 (매트별도),539000,https://image.hanssem.com/hsimg/gds/1050/1037/1037631_A1.jpg?v=20241021100026
1457,932394,room_0004,fur_type0016,호텔침대 포에트 수납장 800 (높이 2종),199080,https://image.hanssem.com/hsimg/gds/1050/932/932394_A1.jpg?v=20250912105949
1458,979728,room_0004,fur_type0016,호텔침대 포에트우디 서랍장 손잡이 2개입,10000,https://image.hanssem.com/hsimg/gds/1050/979/979728_A1.jpg?v=20241002162013
1459,724140,room_0004,fur_type0016,호텔침대 포엠 스툴 원형 가죽,89000,https://image.hanssem.com/hsimg/gds/1050/724/724140_A1.jpg?v=20241002162012
1460,932381,room_0004,fur_type0016,호텔침대 포에트 패널 350 1개입,259000,https://image.hanssem.com/hsimg/gds/1050/932/932381_A1.jpg?v=20250912110239
1461,890979,room_0004,fur_type0015,"스테디 하이 패밀리침대 Q+SS (가드옵션, 데이베드 옵션, 매트별도)",1768500,https://image.hanssem.com/hsimg/gds/1050/890/890979_A1.jpg?v=20241111171441
1462,1093827,room_0004,fur_type0015,샘베딩 베이직 침대SS (색상/하부서랍 선택) + 밸런스 매트리스SS (2종),535350,https://image.hanssem.com/hsimg/gds/1050/1093/1093827_A1.jpg?v=20250609145658
1463,890984,room_0004,fur_type0015,스테디 하이 패밀리침대 1100 풋보드,218700,https://image.hanssem.com/hsimg/gds/1050/890/890984_A1.jpg?v=20241111171041
1464,993602,room_0004,fur_type0015,밀란 303 스튜디오 Q/K 수납형 (매트별도),1099000,https://image.hanssem.com/hsimg/gds/1050/993/993602_A1.jpg?v=20240227152636
1465,890975,room_0004,fur_type0015,"스테디 하이 패밀리침대 Q 가드형 (데이베드 옵션, 매트별도)",1172700,https://image.hanssem.com/hsimg/gds/1050/890/890975_A1.jpg?v=20241111171837
1466,993027,room_0004,fur_type0016,호텔침대 뉴트럴화이트 서랍장 2단 1000,354000,https://image.hanssem.com/hsimg/gds/1050/993/993027_A1.jpg?v=20241021165947
1467,948682,room_0004,fur_type0014,노뜨 메모리폼탑 매트리스 SS DIY,249000,https://image.hanssem.com/hsimg/gds/1050/948/948682_A1.jpg?v=20250820163702
1468,992682,room_0004,fur_type0016,호텔침대 아트월월넛 사이드벤치 (좌방석미포함),209000,https://image.hanssem.com/hsimg/gds/1050/992/992682_A1.jpg?v=20240925111150
1469,932384,room_0004,fur_type0016,호텔침대 포에트 협탁 원형,119900,https://image.hanssem.com/hsimg/gds/1050/932/932384_A1.jpg?v=20250912110656
1470,1065878,room_0004,fur_type0016,호텔침대 어반글로우 콘솔형 화장대 800 (2종),383000,https://image.hanssem.com/hsimg/gds/1050/1065/1065878_A1.jpg?v=20250912102411
1471,411763,room_0004,fur_type0015,샘베딩 플레인 침대 SS 슈퍼싱글 서랍형 (매트별도),335900,https://image.hanssem.com/hsimg/gds/1050/411/411763_A1.jpg?v=20250310162958
1472,1103274,room_0004,fur_type0016,호텔침대 룬소프트 2단 협탁,245000,https://image.hanssem.com/hsimg/gds/1050/1103/1103274_A1.jpg?v=20250828111331
1473,890973,room_0004,fur_type0015,"스테디 하이 패밀리침대 SS 가드형 (데이베드 옵션, 매트별도)",1012500,https://image.hanssem.com/hsimg/gds/1050/890/890973_A1.jpg?v=20241111172020
1474,1046371,room_0004,fur_type0016,호텔침대 그로브오크 협탁,179000,https://image.hanssem.com/hsimg/gds/1050/1046/1046371_A1.jpg?v=20240725134151
1475,993804,room_0004,fur_type0015,호텔침대 부티크 침대 KK 패브릭 ( 매트 별도 ),1441000,https://image.hanssem.com/hsimg/gds/1050/993/993804_A1.jpg?v=20250625101758
1476,958147,room_0004,fur_type0015,샘베딩 베이직 침대 Q/K (매트별도),273880,https://image.hanssem.com/hsimg/gds/1050/958/958147_A1.jpg?v=20241216100337
1477,333153,room_0004,fur_type0015,아임빅 수납침대 SS 슬림수납헤드형 (매트별도),399000,https://image.hanssem.com/hsimg/gds/1050/333/333153_A1.jpg?v=20250623100241
1478,1046373,room_0004,fur_type0016,호텔침대 그로브오크 서랍장 3단 1000,499000,https://image.hanssem.com/hsimg/gds/1050/1046/1046373_A1.jpg?v=20240725133558
1479,1064592,room_0004,fur_type0015,아임빅 수납침대SS 일반헤드형 + 밸런스 매트리스(2종),676830,https://image.hanssem.com/hsimg/gds/1050/1064/1064592_A1.jpg?v=20250609154035
1480,1115956,room_0004,fur_type0015,"호텔침대 모노침대 SS (색상2종, 하부서랍 선택) + 밸런스 매트리스(2종)",684740,https://image.hanssem.com/hsimg/gds/1050/1115/1115956_A1.jpg?v=20250915163439
1481,319569,room_0004,fur_type0015,스테디2 패밀리침대 Q (매트별도),429000,https://image.hanssem.com/hsimg/gds/1050/319/319569_A1.jpg?v=20250310141700
1482,1081737,room_0004,fur_type0015,"스테디 컴피 패밀리침대 Q 가드형 (데이베드 옵션, 매트별도)",826020,https://image.hanssem.com/hsimg/gds/1050/1081/1081737_A1.jpg?v=20250407171317
1483,992689,room_0004,fur_type0016,호텔침대 아트월월넛 서랍장 2단 1000,354000,https://image.hanssem.com/hsimg/gds/1050/992/992689_A1.jpg?v=20241021170734
1484,1037647,room_0004,fur_type0016,아임빅 와이드 수납책상 1200,337600,https://image.hanssem.com/hsimg/gds/1050/1037/1037647_A1.jpg?v=20250519150628
1485,1046372,room_0004,fur_type0016,호텔침대 그로브오크 서랍장 2단 800,331000,https://image.hanssem.com/hsimg/gds/1050/1046/1046372_A1.jpg?v=20240725134311
1486,1115348,room_0004,fur_type0014,"포시즌 7 하드,미디움 매트리스 Q/K/KK",4190000,https://image.hanssem.com/hsimg/gds/1050/1115/1115348_A1.jpg?v=20250919104955
1487,724129,room_0004,fur_type0015,"호텔침대 포엠 침대 Q/K 패널형 (색상2종, 매트별도)",598000,https://image.hanssem.com/hsimg/gds/1050/724/724129_A1.jpg?v=20250408090243
1488,993799,room_0004,fur_type0016,유로 606 시에나 3단 서랍장1000,681000,https://image.hanssem.com/hsimg/gds/1050/993/993799_A1.jpg?v=20250211151203
1489,1105014,room_0004,fur_type0016,(아울렛) 호텔침대 포엠 원형스툴 가죽 (베이지 컬러),72000,https://image.hanssem.com/hsimg/gds/550/1105/1105014_A1.jpg?v=20250811173141
1490,724141,room_0004,fur_type0016,호텔침대 포엠 수납형 패브릭 스툴,99000,https://image.hanssem.com/hsimg/gds/1050/724/724141_A1.jpg?v=20241002162012
1491,87081,room_0004,fur_type0015,샘베딩 플레인 침대 Q/K 메이플 일반형 (매트별도),339900,https://image.hanssem.com/hsimg/gds/1050/87/87081_A1.jpg?v=20250512100131
1492,932380,room_0004,fur_type0015,"[특가~9/29]호텔침대 포에트 침대 Q/K (헤드 2종, 하부서랍 선택,매트별도)",552780,https://image.hanssem.com/hsimg/gds/1050/932/932380_A1.jpg?v=20250912104458
1493,724150,room_0004,fur_type0016,호텔침대 포엠 공용패널 1개 (색상2종),159000,https://image.hanssem.com/hsimg/gds/1050/724/724150_A1.jpg?v=20241002162013
1494,1046392,room_0004,fur_type0016,호텔침대 세레네차콜 데스크 화장대 1100,573000,https://image.hanssem.com/hsimg/gds/1050/1046/1046392_A1.jpg?v=20250716165326
1495,1115352,room_0004,fur_type0014,"포시즌 5 하드,미디움 매트리스 Q/K/KK",1960000,https://image.hanssem.com/hsimg/gds/1050/1115/1115352_A1.jpg?v=20250919105238
1496,1115353,room_0004,fur_type0014,"포시즌 5 하드,미디움 매트리스 SS",1130000,https://image.hanssem.com/hsimg/gds/1050/1115/1115353_A1.jpg?v=20250919105435
1497,993730,room_0004,fur_type0015,호텔침대 부티크 침대 KK PU가죽 (매트 별도),1358000,https://image.hanssem.com/hsimg/gds/550/993/993730_A1.jpg?v=20250312100729
1498,948684,room_0004,fur_type0014,노뜨 메모리폼탑 매트리스 Q DIY,335000,https://image.hanssem.com/hsimg/gds/1050/948/948684_A1.jpg?v=20250820163622
1499,319568,room_0004,fur_type0015,스테디2 패밀리침대 SS (매트별도),379000,https://image.hanssem.com/hsimg/gds/1050/319/319568_A1.jpg?v=20250310141700
1500,1064060,room_0004,fur_type0014,[특가~9/29]밸런스 파인탑 매트리스Q/K,396640,https://image.hanssem.com/hsimg/gds/1050/1064/1064060_A1.jpg?v=20250820162557
1501,1041149,room_0004,fur_type0015,클로즈 침대 SS (매트별도),390640,https://image.hanssem.com/hsimg/gds/1050/1041/1041149_A1.jpg?v=20250928123214
1502,1106107,room_0004,fur_type0016,호텔침대 그로브오크 패널  코너형,504000,https://image.hanssem.com/hsimg/gds/1050/1106/1106107_A1.jpg?v=20250904152929
1503,1115944,room_0004,fur_type0016,호텔침대 모노 3단 서랍장 1000 (색상2종),369000,https://image.hanssem.com/hsimg/gds/1050/1115/1115944_A1.jpg?v=20250904203031
1504,723673,room_0004,fur_type0014,컴포트 하단 매트리스 K (매트별도),395000,https://image.hanssem.com/hsimg/gds/1050/723/723673_A1.jpg?v=20250812133013
1505,644541,room_0004,fur_type0015,아임빅 수납침대 SS 슬림수납헤드형+노뜨 매트리스,582750,https://image.hanssem.com/hsimg/gds/1050/644/644541_A1.jpg?v=20250829154456
1506,1103272,room_0004,fur_type0015,호텔침대 룬소프트 침대 SS 리모컨형 (매트별도),1178000,https://image.hanssem.com/hsimg/gds/1050/1103/1103272_A1.jpg?v=20250828142819
1507,644555,room_0004,fur_type0015,그루 원목 범퍼침대 SS+노뜨 매트리스,563920,https://image.hanssem.com/hsimg/gds/1050/644/644555_A1.jpg?v=20250612150225
1508,992827,room_0004,fur_type0016,유로 504 데코 화장대 의자,99000,https://image.hanssem.com/hsimg/gds/1050/992/992827_A1.jpg?v=20240628101722
1509,1041147,room_0004,fur_type0015,클로즈 침대 Q/K (매트별도),514020,https://image.hanssem.com/hsimg/gds/1050/1041/1041147_A1.jpg?v=20250407100226
1510,795512,room_0004,fur_type0015,아임빅 수납침대 SS 조명헤드형+노뜨 매트리스,636020,https://image.hanssem.com/hsimg/gds/1050/795/795512_A1.jpg?v=20250630105703
1511,993031,room_0004,fur_type0016,호텔침대 뉴트럴화이트 거울,123000,https://image.hanssem.com/hsimg/gds/1050/993/993031_A1.jpg?v=20240725152809
1512,992453,room_0004,fur_type0015,우든 침대 SS (매트별도),437000,https://image.hanssem.com/hsimg/gds/1050/992/992453_A1.jpg?v=20250814143342
1513,893988,room_0004,fur_type0015,스테디 하이 패밀리침대 연결철물SET,32400,https://image.hanssem.com/hsimg/gds/1050/893/893988_A1.jpg?v=20240808133123
1514,993086,room_0004,fur_type0016,유로 602 필로우 3단 서랍장 1000,576000,https://image.hanssem.com/hsimg/gds/1050/993/993086_A1.jpg?v=20250806144631
1515,1103278,room_0004,fur_type0016,호텔침대 룬소프트 데스크화장대,348000,https://image.hanssem.com/hsimg/gds/1050/1103/1103278_A1.jpg?v=20250828144417
1516,1081752,room_0004,fur_type0015,스테디 컴피 패밀리침대 1100 풋보드,200000,https://image.hanssem.com/hsimg/gds/1050/1081/1081752_A1.jpg?v=20250407172057
1517,1091705,room_0004,fur_type0016,플래지어 모블 협탁 (색상 2종),310000,https://image.hanssem.com/hsimg/gds/1050/1091/1091705_A1.jpg?v=20250522085504
1518,287986,room_0004,fur_type0015,"샘베딩 플레인 침대 Q,K 화이트 일반형 (매트별도)",339900,https://image.hanssem.com/hsimg/gds/1050/287/287986_A1.jpg?v=20250407100226
1519,1051368,room_0004,fur_type0014,휴 365 접이식 토퍼 커버 (SS/Q),35900,https://image.hanssem.com/hsimg/gds/1050/1051/1051368_A1.jpg?v=20250724111540
1520,613993,room_0004,fur_type0014,휴 365 접이식 메모리폼 토퍼 매트리스 SS/Q,99000,https://image.hanssem.com/hsimg/gds/1050/613/613993_A1.jpg?v=20250812082935
1521,958148,room_0004,fur_type0015,샘베딩 베이직 침대 SS (매트별도),210740,https://image.hanssem.com/hsimg/gds/1050/958/958148_A1.jpg?v=20241127133308
1522,1018219,room_0004,fur_type0014,노뜨 일체형침대 포켓스프링 라텍스폼탑 SS,339000,https://image.hanssem.com/hsimg/gds/1050/1018/1018219_A1.jpg?v=20250820163822
1523,333136,room_0004,fur_type0015,아임빅 수납침대 SS 무헤드형 (매트별도),365000,https://image.hanssem.com/hsimg/gds/1050/333/333136_A1.jpg?v=20250623100241
1524,1106087,room_0004,fur_type0015,호텔침대 뉴트럴화이트 침대 Q/K 민자형 리모컨형 (매트 별도),1154000,https://image.hanssem.com/hsimg/gds/1050/1106/1106087_A1.jpg?v=20250915162318
1525,641216,room_0004,fur_type0014,노뜨 컴포트 매트리스Q,255000,https://image.hanssem.com/hsimg/gds/1050/641/641216_A1.jpg?v=20250820163009
1526,1065860,room_0004,fur_type0015,"호텔침대 어반글로우 침대 SS (하부서랍 선택, 매트별도)",653000,https://image.hanssem.com/hsimg/gds/1050/1065/1065860_A1.jpg?v=20250915165657
1527,993610,room_0004,fur_type0016,밀란303스튜디오 슬림수납장,501000,https://image.hanssem.com/hsimg/gds/1050/993/993610_A1.jpg?v=20250806153722
1528,992260,room_0004,fur_type0016,루나 화장대 의자,153000,https://image.hanssem.com/hsimg/gds/1050/992/992260_A1.jpg?v=20240910110817
1529,1106101,room_0004,fur_type0016,호텔침대 아트월월넛  패널,329000,https://image.hanssem.com/hsimg/gds/1050/1106/1106101_A1.jpg?v=20250828111826
1530,1037642,room_0004,fur_type0016,아임빅 행잉조명,41600,https://image.hanssem.com/hsimg/gds/1050/1037/1037642_A1.jpg?v=20241002162013
1531,1065862,room_0004,fur_type0015,호텔침대 어반글로우 침대 SS (하부서랍 선택) + 노뜨 매트리스 (3종),681720,https://image.hanssem.com/hsimg/gds/1050/1065/1065862_A1.jpg?v=20250915165836
1532,1106106,room_0004,fur_type0016,호텔침대 그로브오크 패널  일반형,391000,https://image.hanssem.com/hsimg/gds/1050/1106/1106106_A1.jpg?v=20250904152710
1533,1118891,room_0004,fur_type0015,[550만원딜 특가]뉴트럴화이트 호텔침대/포시즌6 매트리스K+프라임 리츠 RC 4인 소파,5500000,https://image.hanssem.com/hsimg/gds/1050/1118/1118891_A1.jpg?v=20250908091512
1534,1049172,room_0004,fur_type0016,호텔침대 세레네차콜 패널 일반형 엔드판넬,88400,https://image.hanssem.com/hsimg/gds/1050/1049/1049172_A1.jpg?v=20240925110616
1535,1106072,room_0004,fur_type0016,호텔침대 뉴트럴화이트 사이드선반,405000,https://image.hanssem.com/hsimg/gds/1050/1106/1106072_A1.jpg?v=20250818133429
1536,890986,room_0004,fur_type0015,스테디 하이 패밀리침대 무드조명,63900,https://image.hanssem.com/hsimg/gds/1050/890/890986_A1.jpg?v=20240814160550
1537,246227,room_0004,fur_type0014,노뜨 일체형침대 포켓스프링 SS 그레이,319000,https://image.hanssem.com/hsimg/gds/1050/246/246227_A1.jpg?v=20250820164025
1538,1007023,room_0004,fur_type0016,호텔침대 캔버스 패널,205000,https://image.hanssem.com/hsimg/gds/1050/1007/1007023_A1.jpg?v=20240724171257
1539,979725,room_0004,fur_type0016,호텔침대 포에트 우디 콘솔화장대 SET,339000,https://image.hanssem.com/hsimg/gds/1050/979/979725_A1.jpg?v=20241002162013
1540,1064630,room_0004,fur_type0015,"호텔침대 포에트 침대 Q/K (헤드2종,하부서랍 선택) + 밸런스 매트리스(2종)",987910,https://image.hanssem.com/hsimg/gds/1050/1064/1064630_A1.jpg?v=20250710164328
1541,724137,room_0004,fur_type0016,호텔침대 포엠 화장대 슬라이딩형,329000,https://image.hanssem.com/hsimg/gds/1050/724/724137_A1.jpg?v=20250407100226
1542,979721,room_0004,fur_type0016,호텔침대 포에트우디 패널 선반형 350,235000,https://image.hanssem.com/hsimg/gds/1050/979/979721_A1.jpg?v=20241002162013
1543,993369,room_0004,fur_type0016,유로 605 슬로우 데스크 화장대,476000,https://image.hanssem.com/hsimg/gds/1050/993/993369_A1.jpg?v=20240809150717
1544,487358,room_0004,fur_type0016,리즈 미니 화장대,159000,https://image.hanssem.com/hsimg/gds/1050/487/487358_A1.jpg?v=20241002162012
1545,993625,room_0004,fur_type0016,밀란 303 스튜디오 북엔드 ACC,22000,https://image.hanssem.com/hsimg/gds/1050/993/993625_A1.jpg?v=20250806153223
1546,1081474,room_0004,fur_type0015,플래드 심플 패브릭침대 화이트 Q (매트별도),589000,https://image.hanssem.com/hsimg/gds/1050/1081/1081474_A1.jpg?v=20250403150625
1547,1064734,room_0004,fur_type0015,호텔침대 어반글로우 침대 SS (하부서랍 선택) + 밸런스 매트리스 (2종),780750,https://image.hanssem.com/hsimg/gds/1050/1064/1064734_A1.jpg?v=20250915165914
1548,959675,room_0004,fur_type0015,"호텔침대 포엠 침대 SS + 노뜨 매트리스 3종 (색상 2종, 하부서랍선택)",649880,https://image.hanssem.com/hsimg/gds/1050/959/959675_A1.jpg?v=20241002162013
1549,585524,room_0004,fur_type0016,담 전신거울 (블랙),85000,https://image.hanssem.com/hsimg/gds/550/585/585524_A1.jpg?v=20240920163537
1550,1065861,room_0004,fur_type0015,"호텔침대 어반글로우 침대 Q/K (하부서랍 선택,매트별도)",870000,https://image.hanssem.com/hsimg/gds/1050/1065/1065861_A1.jpg?v=20250915165738
1551,1119132,room_0004,fur_type0015,호텔침대 포에트 루바형 침대 Q/K 서랍형 + 포시즌6 매트리스 K,3430200,https://image.hanssem.com/hsimg/gds/1050/1119/1119132_A1.jpg?v=20250904154155
1552,979718,room_0004,fur_type0015,"호텔침대 포에트우디 침대 SS (하부서랍 선택, 매트별도)",404040,https://image.hanssem.com/hsimg/gds/1050/979/979718_A1.jpg?v=20241202100105
1553,959676,room_0004,fur_type0015,"호텔침대 포에트 침대 SS + 노뜨 매트리스 3종 (헤드2종, 하부서랍 선택)",589820,https://image.hanssem.com/hsimg/gds/1050/959/959676_A1.jpg?v=20250407100226
1554,992455,room_0004,fur_type0015,우든 침대 SS 낮은헤드 수납형 (매트별도),495000,https://image.hanssem.com/hsimg/gds/1050/992/992455_A1.jpg?v=20250814144006
1555,992801,room_0004,fur_type0016,유로 604 3단 와이드서랍장 1200,932000,https://image.hanssem.com/hsimg/gds/1050/992/992801_A1.jpg?v=20250814142158
1556,1049169,room_0004,fur_type0016,호텔침대 그로브오크 패널 일반형 엔드판넬,74400,https://image.hanssem.com/hsimg/gds/1050/1049/1049169_A1.jpg?v=20240925110649
1557,1106071,room_0004,fur_type0016,호텔침대 아트월월넛 화장대 패브릭스툴 사각,215000,https://image.hanssem.com/hsimg/gds/1050/1106/1106071_A1.jpg?v=20250703113041
1558,992713,room_0004,fur_type0014,포시즌 하단 베이스  SS,404000,https://image.hanssem.com/hsimg/gds/1050/992/992713_A1.jpg?v=20250806143033
1559,1094255,room_0004,fur_type0016,(아울렛)호텔침대 유로 502 화장대 의자,91000,https://image.hanssem.com/hsimg/gds/550/1094/1094255_A1.jpg?v=20250910094206
1560,1037640,room_0004,fur_type0016,아임빅 스틸 선반 2종,47200,https://image.hanssem.com/hsimg/gds/1050/1037/1037640_A1.jpg?v=20241002162013
1561,685989,room_0004,fur_type0015,그루 원목 범퍼침대 SS (매트별도),399000,https://image.hanssem.com/hsimg/gds/1050/685/685989_A1.jpg?v=20250612150225
1562,979723,room_0004,fur_type0016,"호텔침대 포에트우디 협탁 스틸 (컬러 3종, 택1)",95000,https://image.hanssem.com/hsimg/gds/1050/979/979723_A1.jpg?v=20241002162013
1563,1081455,room_0004,fur_type0015,"모먼트 패브릭 침대 Q (색상 2종, 매트별도)",1129000,https://image.hanssem.com/hsimg/gds/1050/1081/1081455_A1.jpg?v=20250410174727
1564,993798,room_0004,fur_type0016,유로 606 시에나협탁,335000,https://image.hanssem.com/hsimg/gds/1050/993/993798_A1.jpg?v=20240508132102
1565,1071028,room_0004,fur_type0015,조이S 2 일반 침대 SS,379000,https://image.hanssem.com/hsimg/gds/1050/1071/1071028_A1.jpg?v=20250623134630
1566,1106073,room_0004,fur_type0016,호텔침대 뉴트럴화이트 ACC수납함,114000,https://image.hanssem.com/hsimg/gds/1050/1106/1106073_A1.jpg?v=20250703113041
1567,1080063,room_0004,fur_type0016,[특가~9/29]PP 디자인 스툴 1+1 (3종/택1),39900,https://image.hanssem.com/hsimg/gds/550/1080/1080063_A1.jpg?v=20250915132052
1568,993806,room_0004,fur_type0015,호텔침대 부티크 침대 Q 패브릭 ( 매트 별도 ),1152000,https://image.hanssem.com/hsimg/gds/1050/993/993806_A1.jpg?v=20241127141125
1569,1107322,room_0004,fur_type0014,에브리 논슬립 메모리폼 토퍼 SS/Q,149000,https://image.hanssem.com/hsimg/gds/1050/1107/1107322_A1.jpg?v=20250724113728
1570,993084,room_0004,fur_type0015,유로 602 필로우침대 QK (매트별도),1721000,https://image.hanssem.com/hsimg/gds/1050/993/993084_A1.jpg?v=20250903103228
1571,1007024,room_0004,fur_type0015,호텔침대 캔버스 헤드쿠션 (2개입),49560,https://image.hanssem.com/hsimg/gds/1050/1007/1007024_A1.jpg?v=20250512104046
1572,993794,room_0004,fur_type0015,유로 606 시에나침대 KK (매트별도),2073000,https://image.hanssem.com/hsimg/gds/1050/993/993794_A1.jpg?v=20250822174801
1573,837511,room_0004,fur_type0014,노뜨 라텍스탑 매트리스  K,315000,https://image.hanssem.com/hsimg/gds/1050/837/837511_A1.jpg?v=20250623100241
1574,993795,room_0004,fur_type0015,유로 606 시에나침대 K (매트별도),1866000,https://image.hanssem.com/hsimg/gds/1050/993/993795_A1.jpg?v=20250822175844
1575,333145,room_0004,fur_type0015,아임빅 수납침대 SS 일반헤드형 (매트별도),379000,https://image.hanssem.com/hsimg/gds/1050/333/333145_A1.jpg?v=20250623100241
1576,993608,room_0004,fur_type0016,밀란303스튜디오 플랩화장대,409000,https://image.hanssem.com/hsimg/gds/1050/993/993608_A1.jpg?v=20250806145816
1577,1020953,room_0004,fur_type0016,보니타 사이드 테이블,327000,https://image.hanssem.com/hsimg/gds/1050/1020/1020953_A1.jpg?v=20240126154330
1578,993807,room_0004,fur_type0015,호텔침대 부티크 침대 SS 패브릭 ( 매트 별도 ),922000,https://image.hanssem.com/hsimg/gds/1050/993/993807_A1.jpg?v=20241127104902
1579,1106088,room_0004,fur_type0015,호텔침대 뉴트럴화이트 침대 SS 루바형 리모컨형 (매트 별도),993000,https://image.hanssem.com/hsimg/gds/1050/1106/1106088_A1.jpg?v=20250915162520
1580,1007015,room_0004,fur_type0015,"캔버스 침대 SS 하단매트형 (무헤드, 매트별도)",389000,https://image.hanssem.com/hsimg/gds/1050/1007/1007015_A1.jpg?v=20241127110356
1581,992690,room_0004,fur_type0016,호텔침대 아트월월넛 서랍장 3단 1000,466000,https://image.hanssem.com/hsimg/gds/1050/992/992690_A1.jpg?v=20241021172146
1582,837513,room_0004,fur_type0014,노뜨 라텍스탑 매트리스 SS,209000,https://image.hanssem.com/hsimg/gds/1050/837/837513_A1.jpg?v=20250820163136
1583,1046395,room_0004,fur_type0016,호텔침대 세레네차콜 조명 거울,274000,https://image.hanssem.com/hsimg/gds/1050/1046/1046395_A1.jpg?v=20240725131909
1584,644539,room_0004,fur_type0015,아임빅 수납침대 SS 무헤드형+노뜨 매트리스,529620,https://image.hanssem.com/hsimg/gds/1050/644/644539_A1.jpg?v=20250630105703
1585,1065870,room_0004,fur_type0016,호텔침대 어반글로우 멀티패널 450 (서랍선택) 1개입,391000,https://image.hanssem.com/hsimg/gds/1050/1065/1065870_A1.jpg?v=20250912111430
1586,933100,room_0005,fur_type0018,샘키즈 슬라이딩침대 SS 풋보드형+샘키즈 알러지케어 매트리스 SS 2개,1127000,https://image.hanssem.com/hsimg/gds/1050/933/933100_A1.jpg?v=20250908095946
1587,1070388,room_0005,fur_type0019,샘키즈 키큰옷장 오픈 박스선반형 400,165000,https://image.hanssem.com/hsimg/gds/1050/1070/1070388_A1.jpg?v=20250908095947
1588,1115045,room_0005,fur_type0020,샘키즈 수납행거장(소) 1305,149900,https://image.hanssem.com/hsimg/gds/1050/1115/1115045_A1.jpg?v=20250923204047
1589,1004610,room_0005,fur_type0021,샘키즈 교구장세트 낮은 도어형 1800+책상의자세트 높이조절형 1000,587200,https://image.hanssem.com/hsimg/gds/1050/1004/1004610_A1.jpg?v=20250908095200
1590,1114131,room_0005,fur_type0018,샘키즈 보나 하이가드 데이베드 범퍼가드 4면형(DIY),270000,https://image.hanssem.com/hsimg/gds/1050/1114/1114131_A1.jpg?v=20250923150331
1591,1003398,room_0005,fur_type0020,샘키즈 교구장 낮은 도어/자석보드 도어,31500,https://image.hanssem.com/hsimg/gds/1050/1003/1003398_A1.jpg?v=20240708162136
1592,1070316,room_0005,fur_type0018,[특가~9/29]샘키즈 하이가드 데이베드 범퍼가드 4면형 (DIY),239000,https://image.hanssem.com/hsimg/gds/1050/1070/1070316_A1.jpg?v=20250908095200
1593,967851,room_0005,fur_type0019,샘키즈 옷장세트 1800 A형,460000,https://image.hanssem.com/hsimg/gds/1050/967/967851_A1.jpg?v=20250922203529
1594,829864,room_0005,fur_type0020,[특가~9/29]샘키즈 책장 1305,129900,https://image.hanssem.com/hsimg/gds/1050/829/829864_A1.jpg?v=20250908094923
1595,1011187,room_0005,fur_type0019,버니2 낮은 옷장 800,257000,https://image.hanssem.com/hsimg/gds/550/1011/1011187_A1.jpg?v=20240227170824
1596,1029560,room_0005,fur_type0020,샘키즈 1단 수납책장 1305 크림옐로우,155900,https://image.hanssem.com/hsimg/gds/1050/1029/1029560_A1.jpg?v=20250908094922
1597,992546,room_0005,fur_type0020,버니 수납장860,203000,https://image.hanssem.com/hsimg/gds/1050/992/992546_A1.jpg?v=20240704163337
1598,1003421,room_0005,fur_type0020,샘키즈 교구장 이동선반 600,14400,https://image.hanssem.com/hsimg/gds/550/1003/1003421_A1.jpg?v=20250908100201
1599,895785,room_0005,fur_type0020,"샘키즈 슬라이딩 수납장 자석보드형 책장,박스 2000",489000,https://image.hanssem.com/hsimg/gds/1050/895/895785_A1.jpg?v=20250908095159
1600,825273,room_0005,fur_type0020,샘키즈 수납장 1305+장난감정리대 세트,335800,https://image.hanssem.com/hsimg/gds/1050/825/825273_A1.jpg?v=20250908094923
1601,1070409,room_0005,fur_type0019,샘키즈 키큰옷장 세트 1200 서랍형+엔드 선반박스형,514000,https://image.hanssem.com/hsimg/gds/1050/1070/1070409_A1.jpg?v=20250908095947
1602,765075,room_0005,fur_type0019,[특가~9/29](아울렛) 보나 주니어 옷장 80cm 서랍형 2단행거 (핑크/그레이),309000,https://image.hanssem.com/hsimg/gds/1050/765/765075_A1.jpg?v=20250924113711
1603,1029572,room_0005,fur_type0020,샘키즈 1단 수납책장 1305 브라운,159900,https://image.hanssem.com/hsimg/gds/1050/1029/1029572_A1.jpg?v=20250908094922
1604,819250,room_0005,fur_type0018,(아울렛) 보나 침대 안전가드,35000,https://image.hanssem.com/hsimg/gds/1050/819/819250_A1.jpg?v=20250923155050
1605,933099,room_0005,fur_type0018,[특가~9/29]샘키즈 슬라이딩침대 SS 일반형+샘키즈 알러지케어 매트리스 SS 2개,1077000,https://image.hanssem.com/hsimg/gds/1050/933/933099_A1.jpg?v=20250908095946
1606,829880,room_0005,fur_type0020,샘키즈 낮은 수납책장 870,105900,https://image.hanssem.com/hsimg/gds/1050/829/829880_A1.jpg?v=20250926140452
1607,759412,room_0005,fur_type0020,샘키즈/보나/모모로 옷장 전용 수납스토리 2개입 (2종/택1),9000,https://image.hanssem.com/hsimg/gds/1050/759/759412_A1.jpg?v=20250908100201
1608,825244,room_0005,fur_type0020,샘키즈 낮은장 세트,365700,https://image.hanssem.com/hsimg/gds/1050/825/825244_A1.jpg?v=20250908095159
1609,819244,room_0005,fur_type0018,샘키즈 데이베드 안전가드 140cm,75000,https://image.hanssem.com/hsimg/gds/1050/819/819244_A1.jpg?v=20250908095946
1610,967858,room_0005,fur_type0019,[특가~9/29]샘키즈 옷장세트 1200 A형,395000,https://image.hanssem.com/hsimg/gds/1050/967/967858_A1.jpg?v=20250908095947
1611,703545,room_0005,fur_type0019,[특가~9/29](아울렛) 보나 2단 행거형 베이비장세트 194cm (핑크/그레이),518000,https://image.hanssem.com/hsimg/gds/1050/703/703545_A1.jpg?v=20250924112234
1612,825270,room_0005,fur_type0020,샘키즈 장난감정리대+전면책장,341800,https://image.hanssem.com/hsimg/gds/1050/825/825270_A1.jpg?v=20250908095159
1613,932996,room_0005,fur_type0018,샘키즈 디자인 안전가드 120cm (수납침대/슬라이딩침대용),75000,https://image.hanssem.com/hsimg/gds/1050/932/932996_A1.jpg?v=20250908095946
1614,395985,room_0005,fur_type0020,샘키즈 수납장 1005 모던,205900,https://image.hanssem.com/hsimg/gds/1050/395/395985_A1.jpg?v=20250908094922
1615,1115098,room_0005,fur_type0020,샘키즈 1단 수납책장 870 크림오트밀,125900,https://image.hanssem.com/hsimg/gds/1050/1115/1115098_A1.jpg?v=20250923150331
1616,1070368,room_0005,fur_type0019,샘키즈 키큰옷장 손잡이(DIY),8100,https://image.hanssem.com/hsimg/gds/1050/1070/1070368_A1.jpg?v=20250908100201
1617,967846,room_0005,fur_type0019,샘키즈 낮은 오픈옷장 600,120000,https://image.hanssem.com/hsimg/gds/1050/967/967846_A1.jpg?v=20250908095947
1618,1003412,room_0005,fur_type0020,샘키즈 낮은 교구장 세트 낮은 도어형 1200,271300,https://image.hanssem.com/hsimg/gds/1050/1003/1003412_A1.jpg?v=20250908095200
1619,992545,room_0005,fur_type0020,버니 2단책장 1000,149000,https://image.hanssem.com/hsimg/gds/1050/992/992545_A1.jpg?v=20240704161830
1620,1115031,room_0005,fur_type0020,샘키즈 책장 435,69900,https://image.hanssem.com/hsimg/gds/1050/1115/1115031_A1.jpg?v=20250923150330
1621,1029580,room_0005,fur_type0020,샘키즈 낮은 수납장 1305 파스텔,139900,https://image.hanssem.com/hsimg/gds/1050/1029/1029580_A1.jpg?v=20250922201248
1622,1115115,room_0005,fur_type0020,샘키즈 미니박스 수납장 870 크림오트밀,135900,https://image.hanssem.com/hsimg/gds/1050/1115/1115115_A1.jpg?v=20250923150331
1623,1057601,room_0005,fur_type0018,샘키즈 옷장세트 120cm+데이베드 SS+샘키즈 알러지케어 매트리스 (안전가드 140cm),938000,https://image.hanssem.com/hsimg/gds/1050/1057/1057601_A1.jpg?v=20250908095200
1624,1070315,room_0005,fur_type0018,샘키즈 하이가드 데이베드 범퍼가드 3면형 (DIY),178000,https://image.hanssem.com/hsimg/gds/1050/1070/1070315_A1.jpg?v=20250908095200
1625,1029567,room_0005,fur_type0020,샘키즈 미니박스 수납장 870 브라운,139900,https://image.hanssem.com/hsimg/gds/1050/1029/1029567_A1.jpg?v=20250908094922
1626,1114436,room_0005,fur_type0022,샘키즈 보나 일반책상 기본형,185900,https://image.hanssem.com/hsimg/gds/1050/1114/1114436_A1.jpg?v=20250923150332
1627,967854,room_0005,fur_type0019,샘키즈 높은 옷장세트 1200 B형,603000,https://image.hanssem.com/hsimg/gds/1050/967/967854_A1.jpg?v=20250922210020
1628,992541,room_0005,fur_type0018,버니 데이베드SS,643000,https://image.hanssem.com/hsimg/gds/1050/992/992541_A1.jpg?v=20250605113229
1629,819966,room_0005,fur_type0020,샘키즈 수납장 1305 뉴트럴베이지+뚜껑 3개,167400,https://image.hanssem.com/hsimg/gds/550/819/819966_A1.jpg?v=20250908094921
1630,978549,room_0005,fur_type0018,샘키즈 데이베드 SS 3면형+샘키즈 오가닉양면 토퍼 SS,528000,https://image.hanssem.com/hsimg/gds/1050/978/978549_A1.jpg?v=20250908095200
1631,1118489,room_0005,fur_type0020,(소진완료) 샘키즈 수납장 870 뉴트럴베이지 (몸통)라이트메이플(박스)하프베이지,170000,https://image.hanssem.com/hsimg/gds/1050/1118/1118489_A1.jpg?v=20250923081756
1632,1114432,room_0005,fur_type0022,샘키즈 보나 서랍책상 낮은상부장형,365900,https://image.hanssem.com/hsimg/gds/1050/1114/1114432_A1.jpg?v=20250923150332
1633,967859,room_0005,fur_type0019,샘키즈 옷장세트 1200 B형,300000,https://image.hanssem.com/hsimg/gds/1050/967/967859_A1.jpg?v=20250922203103
1634,25634,room_0005,fur_type0020,"가구 모서리보호캡 (투명젤리타입,공용)",1490,https://image.hanssem.com/hsimg/gds/550/25/25634_A1.jpg?v=20240102113521
1635,1070363,room_0005,fur_type0019,샘키즈 키큰옷장 코너장 오픈형,245000,https://image.hanssem.com/hsimg/gds/1050/1070/1070363_A1.jpg?v=20250908095947
1636,894724,room_0005,fur_type0020,"샘키즈 슬라이딩 수납장 옷장,책장 870",180000,https://image.hanssem.com/hsimg/gds/1050/894/894724_A1.jpg?v=20250908095159
1637,1029587,room_0005,fur_type0020,샘키즈 전면책장 870+장난감정리함 870,319800,https://image.hanssem.com/hsimg/gds/1050/1029/1029587_A1.jpg?v=20250922200610
1638,1015558,room_0005,fur_type0018,버니2 분리/조립 시공 서비스,150000,https://image.hanssem.com/hsimg/gds/1050/1015/1015558_A1.jpg?v=20240704170507
1639,1003404,room_0005,fur_type0020,샘키즈 교구장세트 자석보드형 1100,275050,https://image.hanssem.com/hsimg/gds/1050/1003/1003404_A1.jpg?v=20250922202209
1640,976445,room_0005,fur_type0018,샘키즈 디즈니 클립 2P DIY,24000,https://image.hanssem.com/hsimg/gds/1050/976/976445_A1.jpg?v=20250212152007
1641,1003409,room_0005,fur_type0020,샘키즈 교구장세트 낮은 도어형 1800,409200,https://image.hanssem.com/hsimg/gds/1050/1003/1003409_A1.jpg?v=20250908095200
1642,1070410,room_0005,fur_type0019,샘키즈 키큰옷장 세트 1200 서랍형+엔드 행거박스형,504000,https://image.hanssem.com/hsimg/gds/1050/1070/1070410_A1.jpg?v=20250908095947
1643,829883,room_0005,fur_type0020,샘키즈 장난감정리대 600,175900,https://image.hanssem.com/hsimg/gds/1050/829/829883_A1.jpg?v=20250908095159
1644,1048774,room_0005,fur_type0020,샘키즈 1단 미니박스 수납책장 1305 뉴트럴베이지,179900,https://image.hanssem.com/hsimg/gds/1050/1048/1048774_A1.jpg?v=20250908094922
1645,895790,room_0005,fur_type0020,"샘키즈 슬라이딩 수납장 자석보드형 책장,옷장 2000",489000,https://image.hanssem.com/hsimg/gds/1050/895/895790_A1.jpg?v=20250908095159
1646,1114357,room_0005,fur_type0019,샘키즈 보나 프레임 키큰옷장 400,224640,https://image.hanssem.com/hsimg/gds/1050/1114/1114357_A1.jpg?v=20250923150331
1647,970245,room_0005,fur_type0019,샘키즈 옷장 전용 ACC (DIY손잡이),8100,https://image.hanssem.com/hsimg/gds/1050/970/970245_A1.jpg?v=20240705143237
1648,1029563,room_0005,fur_type0020,샘키즈 낮은 수납책장 870 크림옐로우,105900,https://image.hanssem.com/hsimg/gds/1050/1029/1029563_A1.jpg?v=20250908094922
1649,859307,room_0005,fur_type0020,[특가~9/29]샘키즈 낮은수납장 1305+낮은책장 1305 세트,255800,https://image.hanssem.com/hsimg/gds/1050/859/859307_A1.jpg?v=20250908094923
1650,1115117,room_0005,fur_type0020,샘키즈 1단 미니박스 수납책장 1305 크림오트밀,175900,https://image.hanssem.com/hsimg/gds/1050/1115/1115117_A1.jpg?v=20250923150331
1651,1114334,room_0005,fur_type0019,샘키즈 보나 수납장 340,115900,https://image.hanssem.com/hsimg/gds/1050/1114/1114334_A1.jpg?v=20250923150331
1652,967847,room_0005,fur_type0019,샘키즈 낮은 도어장 600,140000,https://image.hanssem.com/hsimg/gds/1050/967/967847_A1.jpg?v=20250908095947
1653,703537,room_0005,fur_type0019,[특가~9/29](아울렛) 보나 5단 서랍장 80cm (핑크/그레이),255000,https://image.hanssem.com/hsimg/gds/1050/703/703537_A1.jpg?v=20250923155050
1654,1114129,room_0005,fur_type0018,샘키즈 보나 하부수납 데이베드 SS 3면형,805000,https://image.hanssem.com/hsimg/gds/1050/1114/1114129_A1.jpg?v=20250923150331
1655,1029573,room_0005,fur_type0020,샘키즈 1단 미니박스 수납책장 1305 브라운,179900,https://image.hanssem.com/hsimg/gds/1050/1029/1029573_A1.jpg?v=20250908094922
1656,1114427,room_0005,fur_type0018,샘키즈 보나 일반헤드 침대 SS 서랍형,499000,https://image.hanssem.com/hsimg/gds/1050/1114/1114427_A1.jpg?v=20250923150332
1657,1029577,room_0005,fur_type0020,샘키즈 낮은 수납책장 870 브라운,105900,https://image.hanssem.com/hsimg/gds/1050/1029/1029577_A1.jpg?v=20250908094922
1658,1003405,room_0005,fur_type0020,샘키즈 교구장세트 낮은 도어형 1200,303300,https://image.hanssem.com/hsimg/gds/1050/1003/1003405_A1.jpg?v=20250908095159
1659,1114344,room_0005,fur_type0019,샘키즈 보나 낮은 상부장 800,75000,https://image.hanssem.com/hsimg/gds/1050/1114/1114344_A1.jpg?v=20250923150331
1660,1115138,room_0005,fur_type0020,샘키즈 수납장 1305 컬러믹스,155900,https://image.hanssem.com/hsimg/gds/1050/1115/1115138_A1.jpg?v=20250923150331
1661,1114431,room_0005,fur_type0022,샘키즈 보나 서랍책상 높은상부장형,415900,https://image.hanssem.com/hsimg/gds/1050/1114/1114431_A1.jpg?v=20250923150332
1662,1011185,room_0005,fur_type0020,버니2 3단 책장 800,168000,https://image.hanssem.com/hsimg/gds/1050/1011/1011185_A1.jpg?v=20240704160002
1663,932988,room_0005,fur_type0018,샘키즈 침대 스텝스툴,75000,https://image.hanssem.com/hsimg/gds/1050/932/932988_A1.jpg?v=20250908095946
1664,1114380,room_0005,fur_type0019,샘키즈 보나 프레임 옷장+낮은상부장 세트 1600,696000,https://image.hanssem.com/hsimg/gds/1050/1114/1114380_A1.jpg?v=20250923150332
1665,1114435,room_0005,fur_type0022,샘키즈 보나 일반책상 낮은상부장형,255900,https://image.hanssem.com/hsimg/gds/1050/1114/1114435_A1.jpg?v=20250923150332
1666,992542,room_0005,fur_type0018,버니 벙커침대 SS 계단장형 (매트 별도),1516000,https://image.hanssem.com/hsimg/gds/1050/992/992542_A1.jpg?v=20250611162945
1667,1029575,room_0005,fur_type0020,샘키즈 1단 미니박스 수납책장 870  브라운,139900,https://image.hanssem.com/hsimg/gds/1050/1029/1029575_A1.jpg?v=20250908094922
1668,394141,room_0005,fur_type0020,샘키즈 낮은 전면책장 870,119900,https://image.hanssem.com/hsimg/gds/1050/394/394141_A1.jpg?v=20250922204609
1669,1048779,room_0005,fur_type0020,샘키즈 미니박스 수납장 435 모던,95900,https://image.hanssem.com/hsimg/gds/1050/1048/1048779_A1.jpg?v=20250922160230
1670,1114413,room_0005,fur_type0019,샘키즈 보나 일반 키큰옷장세트1200 행거형+오픈 행거서랍형,511910,https://image.hanssem.com/hsimg/gds/1050/1114/1114413_A1.jpg?v=20250923150332
1671,848854,room_0005,fur_type0018,[특가~9/29]샘키즈 데이베드 SS 4면형 (안전가드 100cm)+샘키즈 알러지케어 매트리스 SS,498000,https://image.hanssem.com/hsimg/gds/1050/848/848854_A1.jpg?v=20250908095200
1672,1029541,room_0005,fur_type0020,샘키즈 디자인책장 435,95900,https://image.hanssem.com/hsimg/gds/1050/1029/1029541_A1.jpg?v=20250908094923
1673,825274,room_0005,fur_type0020,샘키즈 수납장 1305+전면책장 세트,325800,https://image.hanssem.com/hsimg/gds/1050/825/825274_A1.jpg?v=20250908094923
1674,1114351,room_0005,fur_type0019,샘키즈 보나 프레임 키큰옷장 행거형 800,315900,https://image.hanssem.com/hsimg/gds/1050/1114/1114351_A1.jpg?v=20250923150331
1675,932998,room_0005,fur_type0018,샘키즈 침대 조명(DIY),59000,https://image.hanssem.com/hsimg/gds/1050/932/932998_A1.jpg?v=20250908095946
1676,1114368,room_0005,fur_type0019,샘키즈 보나 프레임 옷장세트 1600,552000,https://image.hanssem.com/hsimg/gds/1050/1114/1114368_A1.jpg?v=20250923150332
1677,1029545,room_0005,fur_type0020,샘키즈 하우스 상부책장 870,99900,https://image.hanssem.com/hsimg/gds/1050/1029/1029545_A1.jpg?v=20250908095159
1678,1115043,room_0005,fur_type0020,샘키즈 수납행거장(소) 870,115900,https://image.hanssem.com/hsimg/gds/1050/1115/1115043_A1.jpg?v=20250923201748
1679,1048771,room_0005,fur_type0020,[특가~9/29]샘키즈 미니박스 수납장 1305 뉴트럴베이지,177900,https://image.hanssem.com/hsimg/gds/1050/1048/1048771_A1.jpg?v=20250908094922
1680,1115051,room_0005,fur_type0020,샘키즈 수납장 870 크림오트밀,125900,https://image.hanssem.com/hsimg/gds/1050/1115/1115051_A1.jpg?v=20250923150331
1681,978556,room_0005,fur_type0018,샘키즈 낮은벙커침대 SS (일반 안전가드)+샘키즈 오가닉양면 토퍼 SS,1093000,https://image.hanssem.com/hsimg/gds/1050/978/978556_A1.jpg?v=20250908095946
1682,703548,room_0005,fur_type0019,(아울렛) 보나 긴옷형 베이비장세트 240cm (핑크/그레이),589000,https://image.hanssem.com/hsimg/gds/1050/703/703548_A1.jpg?v=20250923155901
1683,825271,room_0005,fur_type0020,샘키즈 장난감정리대+전면책장 낮은 세트,225800,https://image.hanssem.com/hsimg/gds/1050/825/825271_A1.jpg?v=20250908095159
1684,978552,room_0005,fur_type0018,샘키즈 수납침대 SS 일반형+샘키즈 오가닉양면 토퍼 SS,789000,https://image.hanssem.com/hsimg/gds/1050/978/978552_A1.jpg?v=20250908095200
1685,958425,room_0005,fur_type0018,샘키즈 낮은벙커침대 SS (디자인 안전가드)+매트+2단수납장 1305 세트,1202900,https://image.hanssem.com/hsimg/gds/1050/958/958425_A1.jpg?v=20250908095946
1686,1114415,room_0005,fur_type0019,샘키즈 보나 프레임 키큰옷장세트 1200 행거형+오픈 행거서랍형,567720,https://image.hanssem.com/hsimg/gds/1050/1114/1114415_A1.jpg?v=20250923150332
1687,1114429,room_0005,fur_type0018,샘키즈 보나 침대 안전가드 115cm,55000,https://image.hanssem.com/hsimg/gds/1050/1114/1114429_A1.jpg?v=20250923150332
1688,1114350,room_0005,fur_type0019,샘키즈 보나 일반 키큰옷장 멀티행거형 800,289900,https://image.hanssem.com/hsimg/gds/1050/1114/1114350_A1.jpg?v=20250923150331
1689,895797,room_0005,fur_type0020,"샘키즈 슬라이딩 수납장 전면책장형 옷장,박스 2000",439000,https://image.hanssem.com/hsimg/gds/550/895/895797_A1.jpg?v=20250908095159
1690,1114378,room_0005,fur_type0019,샘키즈 보나 일반 옷장+낮은상부장 세트 1600,664000,https://image.hanssem.com/hsimg/gds/1050/1114/1114378_A1.jpg?v=20250923150332
1691,1040547,room_0005,fur_type0020,샘키즈 1단 수납책장 1305 파스텔,159900,https://image.hanssem.com/hsimg/gds/1050/1040/1040547_A1.jpg?v=20250922195755
1692,1114419,room_0005,fur_type0019,샘키즈 보나 프레임 키큰옷장세트 1200 행거형+오픈 선반서랍형,583680,https://image.hanssem.com/hsimg/gds/1050/1114/1114419_A1.jpg?v=20250923150332
1693,1115110,room_0005,fur_type0020,샘키즈 미니박스 수납장 1305 크림오트밀,175900,https://image.hanssem.com/hsimg/gds/1050/1115/1115110_A1.jpg?v=20250923150331
1694,967853,room_0005,fur_type0019,샘키즈 높은 옷장세트 1200 A형,563000,https://image.hanssem.com/hsimg/gds/1050/967/967853_A1.jpg?v=20250922203414
1695,1029556,room_0005,fur_type0020,샘키즈 수납장 435 크림옐로우,89900,https://image.hanssem.com/hsimg/gds/1050/1029/1029556_A1.jpg?v=20250926082747
1696,1073159,room_0005,fur_type0018,샘키즈 하이가드 데이베드SS 3면형+샘키즈 알러지케어 매트리스 SS,583000,https://image.hanssem.com/hsimg/gds/1050/1073/1073159_A1.jpg?v=20250908095200
1697,1070385,room_0005,fur_type0019,샘키즈 키큰옷장 일반형 400,155000,https://image.hanssem.com/hsimg/gds/1050/1070/1070385_A1.jpg?v=20250908095947
1698,895798,room_0005,fur_type0020,"샘키즈 슬라이딩 수납장 전면책장형 책장,옷장 2000",439000,https://image.hanssem.com/hsimg/gds/550/895/895798_A1.jpg?v=20250908095159
1699,1070321,room_0005,fur_type0020,샘키즈 벤치책상,149000,https://image.hanssem.com/hsimg/gds/1050/1070/1070321_A1.jpg?v=20250909100409
1700,1002457,room_0005,fur_type0019,샘키즈 옷장세트 1200 A형+샘키즈 1305 수납장,574900,https://image.hanssem.com/hsimg/gds/1050/1002/1002457_A1.jpg?v=20250922202522
1701,1115156,room_0005,fur_type0020,샘키즈 미니박스 수납장 870 컬러믹스,135900,https://image.hanssem.com/hsimg/gds/1050/1115/1115156_A1.jpg?v=20250923150331
1702,570278,room_0005,fur_type0020,[특가~9/29]샘키즈 슬라이딩 수납장 전면책장형 1200,249000,https://image.hanssem.com/hsimg/gds/1050/570/570278_A1.jpg?v=20250908095159
1703,864795,room_0005,fur_type0020,샘키즈 낮은 수납장 870 뉴트럴컬러,105900,https://image.hanssem.com/hsimg/gds/1050/864/864795_A1.jpg?v=20250922203912
1704,1114388,room_0005,fur_type0019,샘키즈 보나 프레임 옷장+낮은상부장 세트 2600,1011560,https://image.hanssem.com/hsimg/gds/1050/1114/1114388_A1.jpg?v=20250923150332
1705,1070320,room_0005,fur_type0018,샘키즈 하이가드 데이베드 안전가드 50cm,44000,https://image.hanssem.com/hsimg/gds/1050/1070/1070320_A1.jpg?v=20250908095946
1706,1029574,room_0005,fur_type0020,샘키즈 1단 수납책장 870 브라운,129900,https://image.hanssem.com/hsimg/gds/1050/1029/1029574_A1.jpg?v=20250908094922
1707,848857,room_0005,fur_type0018,(아울렛) 보나 슈퍼싱글침대 SS 데이베드 일반형+안전가드+샘키즈 알러지케어 매트리스 SS,558000,https://image.hanssem.com/hsimg/gds/1050/848/848857_A1.jpg?v=20250925171726
1708,1114381,room_0005,fur_type0019,샘키즈 보나 일반 옷장+낮은상부장 세트 2600,974900,https://image.hanssem.com/hsimg/gds/1050/1114/1114381_A1.jpg?v=20250923150332
1709,967856,room_0005,fur_type0019,샘키즈 높은 옷장세트 1200 D형,567000,https://image.hanssem.com/hsimg/gds/1050/967/967856_A1.jpg?v=20250922203155
1710,1029555,room_0005,fur_type0020,샘키즈 낮은 수납장 870 크림옐로우,105900,https://image.hanssem.com/hsimg/gds/1050/1029/1029555_A1.jpg?v=20250908094922
1711,1070362,room_0005,fur_type0019,샘키즈 키큰옷장 코너장 도어형,309000,https://image.hanssem.com/hsimg/gds/1050/1070/1070362_A1.jpg?v=20250908095947
1712,1070390,room_0005,fur_type0019,샘키즈 키큰옷장 오픈 행거박스형 400,149000,https://image.hanssem.com/hsimg/gds/1050/1070/1070390_A1.jpg?v=20250908095947
1713,992548,room_0005,fur_type0020,버니 SL수납장 1000 전면화이트보드장,332000,https://image.hanssem.com/hsimg/gds/1050/992/992548_A1.jpg?v=20250814145313
1714,1040548,room_0005,fur_type0020,샘키즈 1단 수납책장 870 파스텔,129900,https://image.hanssem.com/hsimg/gds/1050/1040/1040548_A1.jpg?v=20250922195527
1715,1114359,room_0005,fur_type0019,샘키즈 보나 프레임 키큰옷장 오픈서랍형 400,308100,https://image.hanssem.com/hsimg/gds/1050/1114/1114359_A1.jpg?v=20250923150331
1716,1118475,room_0005,fur_type0020,(소진완료) 샘키즈 낮은 수납장 1305 뉴트럴베이지 (몸통)라이트메이플(박스)하프베이지,178000,https://image.hanssem.com/hsimg/gds/1050/1118/1118475_A1.jpg?v=20250916092439
1717,394135,room_0005,fur_type0020,샘키즈 수납장 870 모던,129900,https://image.hanssem.com/hsimg/gds/1050/394/394135_A1.jpg?v=20250908094922
1718,978553,room_0005,fur_type0018,샘키즈 수납침대 SS 풋보드형+샘키즈 오가닉양면 토퍼 SS,809000,https://image.hanssem.com/hsimg/gds/1050/978/978553_A1.jpg?v=20250908095200
1719,1011186,room_0005,fur_type0020,버니2 3단 선반장 400,131000,https://image.hanssem.com/hsimg/gds/1050/1011/1011186_A1.jpg?v=20240704160112
1720,1011183,room_0005,fur_type0018,버니2 벙커침대 SS (매트 별도),1323000,https://image.hanssem.com/hsimg/gds/1050/1011/1011183_A1.jpg?v=20250605141954
1721,1070387,room_0005,fur_type0019,샘키즈 키큰옷장 오픈 선반형 400,149000,https://image.hanssem.com/hsimg/gds/1050/1070/1070387_A1.jpg?v=20250908095947
1722,1048788,room_0005,fur_type0020,샘키즈 1단 미니박스 수납책장 870 파스텔,139900,https://image.hanssem.com/hsimg/gds/1050/1048/1048788_A1.jpg?v=20250922190905
1723,967855,room_0005,fur_type0019,샘키즈 높은 옷장세트 1200 C형,570000,https://image.hanssem.com/hsimg/gds/1050/967/967855_A1.jpg?v=20250922205944
1724,1029543,room_0005,fur_type0020,샘키즈 오픈 상부책장 870,89900,https://image.hanssem.com/hsimg/gds/1050/1029/1029543_A1.jpg?v=20250908095159
1725,1048787,room_0005,fur_type0020,샘키즈 1단 미니박스 수납책장 1305 파스텔,179900,https://image.hanssem.com/hsimg/gds/1050/1048/1048787_A1.jpg?v=20250922190905
1726,1048784,room_0005,fur_type0020,샘키즈 미니박스 수납장 1305 파스텔,179900,https://image.hanssem.com/hsimg/gds/1050/1048/1048784_A1.jpg?v=20250922195356
1727,1003385,room_0005,fur_type0020,샘키즈 선반 교구장 600,105900,https://image.hanssem.com/hsimg/gds/1050/1003/1003385_A1.jpg?v=20250908095159
1728,992553,room_0005,fur_type0023,버니 침대 가드,84000,https://image.hanssem.com/hsimg/gds/1050/992/992553_A1.jpg?v=20250609101104
1729,829881,room_0005,fur_type0020,[특가~9/29]샘키즈 낮은 책장 870,89900,https://image.hanssem.com/hsimg/gds/1050/829/829881_A1.jpg?v=20250908094923
1730,1048777,room_0005,fur_type0020,샘키즈 미니박스 수납장 1305 모던,179900,https://image.hanssem.com/hsimg/gds/1050/1048/1048777_A1.jpg?v=20250908094922
1731,1029565,room_0005,fur_type0020,샘키즈 미니박스 수납장 1305 브라운,179900,https://image.hanssem.com/hsimg/gds/1050/1029/1029565_A1.jpg?v=20250908094922
1732,1118461,room_0005,fur_type0020,(소진완료) 샘키즈 수납장 1305 뉴트럴베이지 (몸통)라이트메이플(박스)하프베이지,227000,https://image.hanssem.com/hsimg/gds/1050/1118/1118461_A1.jpg?v=20250909090431
1733,479136,room_0005,fur_type0020,(단독구매불가) 샘키즈 뚜껑 3P,12000,https://image.hanssem.com/hsimg/gds/1050/479/479136_A1.jpg?v=20240705103311
1734,819240,room_0005,fur_type0018,샘키즈 데이베드 SS 3면형,254000,https://image.hanssem.com/hsimg/gds/1050/819/819240_A1.jpg?v=20250908095200
1735,649486,room_0005,fur_type0022,샘키즈 플레이테이블 박스형,145000,https://image.hanssem.com/hsimg/gds/1050/649/649486_A1.jpg?v=20250908095200
1736,932984,room_0005,fur_type0018,샘키즈 수납침대 SS 일반형,515000,https://image.hanssem.com/hsimg/gds/1050/932/932984_A1.jpg?v=20250908095200
1737,978550,room_0005,fur_type0018,샘키즈 데이베드 SS 4면형 (안전가드 100cm)+샘키즈 오가닉양면 토퍼 SS,593000,https://image.hanssem.com/hsimg/gds/1050/978/978550_A1.jpg?v=20250908095200
1738,1003397,room_0005,fur_type0020,샘키즈 플레이하우스 아치형 거울,55000,https://image.hanssem.com/hsimg/gds/1050/1003/1003397_A1.jpg?v=20250908095200
1739,864793,room_0005,fur_type0020,샘키즈 낮은 수납장 1305 뉴트럴컬러,139900,https://image.hanssem.com/hsimg/gds/1050/864/864793_A1.jpg?v=20250922204006
1740,895782,room_0005,fur_type0020,샘키즈 슬라이딩 수납장 자석보드형 옷장 1600,399000,https://image.hanssem.com/hsimg/gds/1050/895/895782_A1.jpg?v=20250908095159
1741,1114356,room_0005,fur_type0019,샘키즈 보나 일반 키큰옷장 400,196710,https://image.hanssem.com/hsimg/gds/1050/1114/1114356_A1.jpg?v=20250923150331
1742,1070356,room_0005,fur_type0019,샘키즈 키큰옷장 일반형 800,225000,https://image.hanssem.com/hsimg/gds/1050/1070/1070356_A1.jpg?v=20250908095947
1743,1114347,room_0005,fur_type0019,샘키즈 보나 옷장 상부장 전용 ACC (선반/옷걸이봉),8000,https://image.hanssem.com/hsimg/gds/1050/1114/1114347_A1.jpg?v=20250923150331
1744,1011193,room_0005,fur_type0020,버니2 거울,65000,https://image.hanssem.com/hsimg/gds/1050/1011/1011193_A1.jpg?v=20240704161055
1745,1029539,room_0005,fur_type0020,샘키즈 디자인책장 1305 좁은형,229900,https://image.hanssem.com/hsimg/gds/1050/1029/1029539_A1.jpg?v=20250908094923
1746,1048786,room_0005,fur_type0020,샘키즈 미니박스 수납장 435 파스텔,95900,https://image.hanssem.com/hsimg/gds/1050/1048/1048786_A1.jpg?v=20250923192332
1747,1070318,room_0005,fur_type0018,샘키즈 하이가드 데이베드 안전가드 150cm,97000,https://image.hanssem.com/hsimg/gds/1050/1070/1070318_A1.jpg?v=20250908095946
1748,825276,room_0005,fur_type0020,샘키즈 수납장 1305+전면책장 낮은 세트,249800,https://image.hanssem.com/hsimg/gds/1050/825/825276_A1.jpg?v=20250908094923
1749,992543,room_0005,fur_type0023,버니 데이베드용 이동서랍,168000,https://image.hanssem.com/hsimg/gds/1050/992/992543_A1.jpg?v=20240709083140
1750,1114354,room_0005,fur_type0019,샘키즈 보나 일반 키큰옷장 서랍형 800,379900,https://image.hanssem.com/hsimg/gds/1050/1114/1114354_A1.jpg?v=20250923150331
1751,1114421,room_0005,fur_type0019,샘키즈 보나 프레임 키큰옷장세트 1600 서랍형+행거형,732640,https://image.hanssem.com/hsimg/gds/1050/1114/1114421_A1.jpg?v=20250923150332
1752,1070407,room_0005,fur_type0019,[특가~9/29]샘키즈 키큰옷장 세트 1200 서랍형+오픈 행거박스형,474000,https://image.hanssem.com/hsimg/gds/1050/1070/1070407_A1.jpg?v=20250908095947
1753,1114373,room_0005,fur_type0019,샘키즈 보나 프레임 옷장세트 2600,762000,https://image.hanssem.com/hsimg/gds/1050/1114/1114373_A1.jpg?v=20250923150332
1754,1114119,room_0005,fur_type0018,샘키즈 보나 하이가드 데이베드 SS 4면형,809000,https://image.hanssem.com/hsimg/gds/1050/1114/1114119_A1.jpg?v=20250923150331
1755,967850,room_0005,fur_type0019,샘키즈 높은 옷장세트 600 2단서랍형,340000,https://image.hanssem.com/hsimg/gds/1050/967/967850_A1.jpg?v=20250908095947
1756,1115159,room_0005,fur_type0020,샘키즈 1단 미니박스 수납책장 870 컬러믹스,135900,https://image.hanssem.com/hsimg/gds/1050/1115/1115159_A1.jpg?v=20250923150331
1757,992552,room_0005,fur_type0018,버니 벙커침대 하부 1층 깔판,172000,https://image.hanssem.com/hsimg/gds/1050/992/992552_A1.jpg?v=20240704161937
1758,992547,room_0005,fur_type0020,버니 SL수납장 1000 전면책장,294000,https://image.hanssem.com/hsimg/gds/1050/992/992547_A1.jpg?v=20250814144533
1759,1115155,room_0005,fur_type0020,샘키즈 미니박스 수납장 1305 컬러믹스,175900,https://image.hanssem.com/hsimg/gds/1050/1115/1115155_A1.jpg?v=20250923150331
1760,765088,room_0005,fur_type0019,(아울렛) 보나 주니어 옷장세트 A형 114cm 서랍형 1단행거 (핑크/그레이),429000,https://image.hanssem.com/hsimg/gds/1050/765/765088_A1.jpg?v=20250923155805
1761,1003393,room_0005,fur_type0020,샘키즈 낮은 선반 교구장 600,89900,https://image.hanssem.com/hsimg/gds/1050/1003/1003393_A1.jpg?v=20250908095159
1762,570281,room_0005,fur_type0020,[특가~9/29]샘키즈 슬라이딩 수납장 전면책장형 박스 1600,339000,https://image.hanssem.com/hsimg/gds/1050/570/570281_A1.jpg?v=20250908095159
1763,978554,room_0005,fur_type0018,샘키즈 슬라이딩침대 SS 일반형+샘키즈 오가닉양면 토퍼 SS 2개,1267000,https://image.hanssem.com/hsimg/gds/1050/978/978554_A1.jpg?v=20250908095946
1764,1115154,room_0005,fur_type0020,샘키즈 낮은 수납장 870 컬러믹스,99900,https://image.hanssem.com/hsimg/gds/1050/1115/1115154_A1.jpg?v=20250923150331
1765,1048781,room_0005,fur_type0020,샘키즈 1단 미니박스 수납책장 870 모던,139900,https://image.hanssem.com/hsimg/gds/1050/1048/1048781_A1.jpg?v=20250908094922
1766,1011188,room_0005,fur_type0020,버니2 3단 서랍장 800,410000,https://image.hanssem.com/hsimg/gds/1050/1011/1011188_A1.jpg?v=20240704160331
1767,1003394,room_0005,fur_type0020,샘키즈 낮은 멀티 교구장 600,169900,https://image.hanssem.com/hsimg/gds/1050/1003/1003394_A1.jpg?v=20250908095159
1768,1114361,room_0005,fur_type0018,샘키즈 보나 하이가드 데이베드SS 5면형+샘키즈 알러지케어 매트리스 SS,1084000,https://image.hanssem.com/hsimg/gds/1050/1114/1114361_A1.jpg?v=20250923150331
1769,932987,room_0005,fur_type0018,샘키즈 슬라이딩침대 SS 풋보드형,739000,https://image.hanssem.com/hsimg/gds/1050/932/932987_A1.jpg?v=20250908095946
1770,1115040,room_0005,fur_type0020,샘키즈 수납행거장(대) 435,74900,https://image.hanssem.com/hsimg/gds/1050/1115/1115040_A1.jpg?v=20250923194048
1771,967843,room_0005,fur_type0019,샘키즈 박스선반장 600,152000,https://image.hanssem.com/hsimg/gds/1050/967/967843_A1.jpg?v=20250922205506
1772,1029553,room_0005,fur_type0020,샘키즈 미니박스 수납장 870 크림옐로우,139900,https://image.hanssem.com/hsimg/gds/1050/1029/1029553_A1.jpg?v=20250908094922
1773,1115078,room_0005,fur_type0020,샘키즈 낮은 수납장 870 크림오트밀,99900,https://image.hanssem.com/hsimg/gds/1050/1115/1115078_A1.jpg?v=20250923150331
1774,967852,room_0005,fur_type0019,[특가~9/29]샘키즈 옷장세트 1800 B형,533000,https://image.hanssem.com/hsimg/gds/1050/967/967852_A1.jpg?v=20250908095947
1775,394143,room_0005,fur_type0020,샘키즈 낮은 장난감정리함 870,109900,https://image.hanssem.com/hsimg/gds/1050/394/394143_A1.jpg?v=20250922204527
1776,1029586,room_0005,fur_type0020,샘키즈 디자인책장 1305+상부책장 (오픈/하우스),307800,https://image.hanssem.com/hsimg/gds/1050/1029/1029586_A1.jpg?v=20250519105112
1777,1029546,room_0005,fur_type0020,샘키즈 전면책장 870,159900,https://image.hanssem.com/hsimg/gds/1050/1029/1029546_A1.jpg?v=20250908095159
1778,933098,room_0005,fur_type0018,샘키즈 수납침대 SS 풋보드형+샘키즈 알러지케어 매트리스 SS,729000,https://image.hanssem.com/hsimg/gds/1050/933/933098_A1.jpg?v=20250908095200
1779,1070312,room_0005,fur_type0018,샘키즈 하이가드 데이베드SS 4면형,486000,https://image.hanssem.com/hsimg/gds/1050/1070/1070312_A1.jpg?v=20250908095200
1780,1114348,room_0005,fur_type0019,샘키즈 보나 일반 키큰옷장 행거형 800,259900,https://image.hanssem.com/hsimg/gds/1050/1114/1114348_A1.jpg?v=20250923150331
1781,1029571,room_0005,fur_type0020,샘키즈 미니박스 수납장 435 브라운,95900,https://image.hanssem.com/hsimg/gds/1050/1029/1029571_A1.jpg?v=20250923165818
1782,1003402,room_0005,fur_type0022,샘키즈 키즈의자 베이지,30000,https://image.hanssem.com/hsimg/gds/1050/1003/1003402_A1.jpg?v=20250908095200
1783,1024764,room_0005,fur_type0020,샘키즈 교구장세트 자석보드형 1200+샘키즈 수납장 1305,520950,https://image.hanssem.com/hsimg/gds/1050/1024/1024764_A1.jpg?v=20250922201350
1784,1114418,room_0005,fur_type0019,샘키즈 보나 일반 키큰옷장세트 1200 행거형+오픈 선반서랍형,528500,https://image.hanssem.com/hsimg/gds/1050/1114/1114418_A1.jpg?v=20250923150332
1785,1114439,room_0005,fur_type0018,샘키즈 보나 패브릭헤드 침대 SS+샘키즈 알러지케어 매트리스 SS,618000,https://image.hanssem.com/hsimg/gds/1050/1114/1114439_A1.jpg?v=20250923150332
1786,765071,room_0005,fur_type0019,(아울렛) 보나 주니어 옷장 80cm 긴옷형 2단행거 (핑크/그레이),285000,https://image.hanssem.com/hsimg/gds/1050/765/765071_A1.jpg?v=20250923155638
1787,1070395,room_0005,fur_type0019,샘키즈 키큰옷장 엔드 행거박스형 600,165000,https://image.hanssem.com/hsimg/gds/1050/1070/1070395_A1.jpg?v=20250908095947
1788,829879,room_0005,fur_type0020,샘키즈 낮은 수납장 870 뉴트럴베이지,105900,https://image.hanssem.com/hsimg/gds/1050/829/829879_A1.jpg?v=20250908094922
1789,1011182,room_0005,fur_type0018,버니2 이층침대 SS (매트 별도),1995000,https://image.hanssem.com/hsimg/gds/1050/1011/1011182_A1.jpg?v=20250605162251
1790,1003406,room_0005,fur_type0020,[특가~9/29]샘키즈 교구장세트 자석보드형 1200,361050,https://image.hanssem.com/hsimg/gds/1050/1003/1003406_A1.jpg?v=20250908095200
1791,1114426,room_0005,fur_type0018,샘키즈 보나 패브릭헤드 침대 SS,429000,https://image.hanssem.com/hsimg/gds/1050/1114/1114426_A1.jpg?v=20250923150332
1792,719636,room_0005,fur_type0020,[특가~9/29]샘키즈 수납장 1305 하프앤하프,155900,https://image.hanssem.com/hsimg/gds/1050/719/719636_A1.jpg?v=20250922204242
1793,1070391,room_0005,fur_type0019,샘키즈 키큰옷장 엔드 선반형 600,165000,https://image.hanssem.com/hsimg/gds/1050/1070/1070391_A1.jpg?v=20250908095947
1794,1029579,room_0005,fur_type0020,샘키즈 낮은 수납장 870 모던,105900,https://image.hanssem.com/hsimg/gds/1050/1029/1029579_A1.jpg?v=20250908094922
1795,1070326,room_0005,fur_type0018,샘키즈 하이가드 데이베드SS 4면형 + 범퍼가드 4면형(DIY) 세트,725000,https://image.hanssem.com/hsimg/gds/1050/1070/1070326_A1.jpg?v=20250908095200
1796,992648,room_0005,fur_type0018,버니 벙커침대 SS 사다리형 (매트 별도),1346000,https://image.hanssem.com/hsimg/gds/1050/992/992648_A1.jpg?v=20250605113229
1797,1029558,room_0005,fur_type0020,샘키즈 1단 미니박스 수납책장 870 크림옐로우,139900,https://image.hanssem.com/hsimg/gds/1050/1029/1029558_A1.jpg?v=20250908094922
1798,703546,room_0005,fur_type0019,(아울렛) 보나 긴옷형 베이비장세트 194cm (핑크/그레이),539000,https://image.hanssem.com/hsimg/gds/1050/703/703546_A1.jpg?v=20250923155951
1799,1070325,room_0005,fur_type0018,샘키즈 하이가드 데이베드SS 3면형 + 범퍼가드 3면형(DIY) 세트,567000,https://image.hanssem.com/hsimg/gds/1050/1070/1070325_A1.jpg?v=20250908095200
1800,1048773,room_0005,fur_type0020,샘키즈 미니박스 수납장 435 뉴트럴베이지,95900,https://image.hanssem.com/hsimg/gds/1050/1048/1048773_A1.jpg?v=20250922155939
1801,1029576,room_0005,fur_type0020,샘키즈 낮은 수납책장 1305 브라운,139900,https://image.hanssem.com/hsimg/gds/1050/1029/1029576_A1.jpg?v=20250908094922
1802,855865,room_0005,fur_type0020,샘키즈 수납장 1305 뉴트럴컬러,155900,https://image.hanssem.com/hsimg/gds/1050/855/855865_A1.jpg?v=20250922204205
1803,1114362,room_0005,fur_type0018,샘키즈 보나 하이가드 데이베드SS 4면형 풀세트 (침대/매트/범퍼가드),1264500,https://image.hanssem.com/hsimg/gds/1050/1114/1114362_A1.jpg?v=20250923150331
1804,1114367,room_0005,fur_type0019,샘키즈 보나 일반 옷장세트1600,514000,https://image.hanssem.com/hsimg/gds/1050/1114/1114367_A1.jpg?v=20250923150332
1805,1057590,room_0005,fur_type0018,샘키즈 수납장 1305+데이베드 SS+알러지케어 매트리스 (안전가드 140cm),682900,https://image.hanssem.com/hsimg/gds/1050/1057/1057590_A1.jpg?v=20250922182937
1806,829876,room_0005,fur_type0020,[특가~9/29]샘키즈 낮은 책장 1305,117900,https://image.hanssem.com/hsimg/gds/1050/829/829876_A1.jpg?v=20250908094923
1807,570283,room_0005,fur_type0020,샘키즈 슬라이딩 수납장 전면책장형 박스 2000,439000,https://image.hanssem.com/hsimg/gds/1050/570/570283_A1.jpg?v=20250908095159
1808,1093755,room_0005,fur_type0019,샘키즈 수납장 1305+키큰옷장 서랍형 800 세트,498900,https://image.hanssem.com/hsimg/gds/1050/1093/1093755_A1.jpg?v=20250908095947
1809,1070314,room_0005,fur_type0018,샘키즈 하이가드 데이베드SS 5면형,530000,https://image.hanssem.com/hsimg/gds/1050/1070/1070314_A1.jpg?v=20250908095200
1810,895786,room_0005,fur_type0020,"샘키즈 슬라이딩 수납장 자석보드형 옷장,박스 2000",489000,https://image.hanssem.com/hsimg/gds/1050/895/895786_A1.jpg?v=20250908095159
1811,967841,room_0005,fur_type0019,샘키즈 오픈옷장 600,148000,https://image.hanssem.com/hsimg/gds/1050/967/967841_A1.jpg?v=20250908095947
1812,1029582,room_0005,fur_type0020,샘키즈 낮은 수납장 870 파스텔,105900,https://image.hanssem.com/hsimg/gds/1050/1029/1029582_A1.jpg?v=20250922200959
1813,1029585,room_0005,fur_type0020,샘키즈 수납장 1305 크림옐로우+상부책장 (오픈/하우스),264920,https://image.hanssem.com/hsimg/gds/1050/1029/1029585_A1.jpg?v=20241220133802
1814,1004612,room_0005,fur_type0021,샘키즈 낮은 교구장 세트 낮은 도어형 1800+책상의자세트 높이조절형 1000,539200,https://image.hanssem.com/hsimg/gds/1050/1004/1004612_A1.jpg?v=20250908095200
1815,932990,room_0005,fur_type0018,샘키즈 낮은벙커침대 SS (디자인 안전가드),879000,https://image.hanssem.com/hsimg/gds/1050/932/932990_A1.jpg?v=20250908095946
1816,1029557,room_0005,fur_type0020,샘키즈 미니박스 수납장 435 크림옐로우,95900,https://image.hanssem.com/hsimg/gds/1050/1029/1029557_A1.jpg?v=20250922160347
1817,992555,room_0005,fur_type0018,버니 벙커침대 텐트(DIY),160000,https://image.hanssem.com/hsimg/gds/1050/992/992555_A1.jpg?v=20250331092343
1818,933000,room_0005,fur_type0018,샘키즈 침대 커튼(DIY),38000,https://image.hanssem.com/hsimg/gds/1050/933/933000_A1.jpg?v=20250908095946
1819,819241,room_0005,fur_type0018,샘키즈 데이베드 SS 4면형 (안전가드 100cm),319000,https://image.hanssem.com/hsimg/gds/1050/819/819241_A1.jpg?v=20250908095200
1820,1114437,room_0005,fur_type0018,샘키즈 보나 패브릭헤드 침대 SS 서랍형+샘키즈 알러지케어 매트리스 SS,768000,https://image.hanssem.com/hsimg/gds/550/1114/1114437_A1.jpg?v=20250923150332
1821,394139,room_0005,fur_type0020,샘키즈 1단 수납책장 870 모던,129900,https://image.hanssem.com/hsimg/gds/1050/394/394139_A1.jpg?v=20250908094922
1822,895796,room_0005,fur_type0020,"샘키즈 슬라이딩 수납장 전면책장형 책장,박스 2000",439000,https://image.hanssem.com/hsimg/gds/550/895/895796_A1.jpg?v=20250908095159
1823,1029537,room_0005,fur_type0020,[특가~9/29]샘키즈 디자인책장 1305,199900,https://image.hanssem.com/hsimg/gds/1050/1029/1029537_A1.jpg?v=20250908094923
1824,1114399,room_0005,fur_type0019,샘키즈 보나 프레임 옷장+높은상부장 세트 1600,759000,https://image.hanssem.com/hsimg/gds/1050/1114/1114399_A1.jpg?v=20250923150332
1825,894725,room_0005,fur_type0020,"샘키즈 슬라이딩 수납장 옷장,박스 870",180000,https://image.hanssem.com/hsimg/gds/1050/894/894725_A1.jpg?v=20250908095159
1826,1048775,room_0005,fur_type0020,샘키즈 1단 미니박스 수납책장 870 뉴트럴베이지,139900,https://image.hanssem.com/hsimg/gds/1050/1048/1048775_A1.jpg?v=20250908094922
1827,992557,room_0005,fur_type0020,버니 놀이 매트,100000,https://image.hanssem.com/hsimg/gds/1050/992/992557_A1.jpg?v=20250304112411
1828,1048778,room_0005,fur_type0020,샘키즈 미니박스 수납장 870 모던,139900,https://image.hanssem.com/hsimg/gds/1050/1048/1048778_A1.jpg?v=20250908094922
1829,1011189,room_0005,fur_type0022,버니2 h형 책상 1200,257000,https://image.hanssem.com/hsimg/gds/1050/1011/1011189_A1.jpg?v=20240704160440
1830,932989,room_0005,fur_type0018,샘키즈 낮은벙커침대 SS (일반 안전가드),819000,https://image.hanssem.com/hsimg/gds/1050/932/932989_A1.jpg?v=20250908095946
1831,829871,room_0005,fur_type0020,[특가~9/29]샘키즈 책장 870,105900,https://image.hanssem.com/hsimg/gds/1050/829/829871_A1.jpg?v=20250908094923
1832,1029540,room_0005,fur_type0020,샘키즈 낮은 디자인책장 1305,155900,https://image.hanssem.com/hsimg/gds/1050/1029/1029540_A1.jpg?v=20250908094923
1833,1002458,room_0005,fur_type0019,샘키즈 옷장세트 1800 B형+샘키즈 1305 수납장,722900,https://image.hanssem.com/hsimg/gds/1050/1002/1002458_A1.jpg?v=20250922202427
1834,1115163,room_0005,fur_type0020,샘키즈 1단 수납책장 870 컬러믹스,125900,https://image.hanssem.com/hsimg/gds/1050/1115/1115163_A1.jpg?v=20250923150331
1835,1115067,room_0005,fur_type0020,샘키즈 낮은 수납장 1305 크림오트밀,135900,https://image.hanssem.com/hsimg/gds/1050/1115/1115067_A1.jpg?v=20250923150331
1836,1029583,room_0005,fur_type0020,샘키즈 수납장 1305 +디자인책장 435 크림옐로우,251800,https://image.hanssem.com/hsimg/gds/1050/1029/1029583_A1.jpg?v=20250908205823
1837,1029548,room_0005,fur_type0020,샘키즈 낮은 코너장,129900,https://image.hanssem.com/hsimg/gds/1050/1029/1029548_A1.jpg?v=20250908094922
1838,1073160,room_0005,fur_type0018,[특가~9/29]샘키즈 하이가드 데이베드SS 4면형+샘키즈 알러지케어 매트리스 SS,665000,https://image.hanssem.com/hsimg/gds/1050/1073/1073160_A1.jpg?v=20250908095200
1839,946751,room_0005,fur_type0018,[55딜](아울렛) 보나 슈퍼싱글침대 SS 패브릭헤드+샘키즈 알러지케어 매트리스 SS (핑크/그레이),550000,https://image.hanssem.com/hsimg/gds/1050/946/946751_A1.jpg?v=20250923155558
1840,1070411,room_0005,fur_type0019,[55딜]샘키즈 키큰옷장 세트 1600 서랍형+행거형,550000,https://image.hanssem.com/hsimg/gds/1050/1070/1070411_A1.jpg?v=20250908095947
1841,1003407,room_0005,fur_type0020,샘키즈 교구장세트 낮은 도어형 1700,403200,https://image.hanssem.com/hsimg/gds/1050/1003/1003407_A1.jpg?v=20250922201744
1842,765077,room_0005,fur_type0019,[특가~9/29](아울렛) 보나 주니어 옷장 80cm 서랍형 1단행거 (핑크/그레이),309000,https://image.hanssem.com/hsimg/gds/1050/765/765077_A1.jpg?v=20250923155506
1843,1114371,room_0005,fur_type0019,샘키즈 보나 일반 옷장세트 2600,729900,https://image.hanssem.com/hsimg/gds/1050/1114/1114371_A1.jpg?v=20250923150332
1844,855493,room_0005,fur_type0018,샘키즈 알러지케어 매트리스 SS,194000,https://image.hanssem.com/hsimg/gds/1050/855/855493_A1.jpg?v=20250908095200
1845,1029584,room_0005,fur_type0020,샘키즈 수납장 1305 +디자인책장 1305 크림옐로우,355800,https://image.hanssem.com/hsimg/gds/1050/1029/1029584_A1.jpg?v=20250908205823
1846,829865,room_0005,fur_type0020,샘키즈 1단 수납책장 870 뉴트럴베이지,129900,https://image.hanssem.com/hsimg/gds/1050/829/829865_A1.jpg?v=20250908094922
1847,1115153,room_0005,fur_type0020,샘키즈 낮은 수납장 1305 컬러믹스,135900,https://image.hanssem.com/hsimg/gds/1050/1115/1115153_A1.jpg?v=20250923150331
1848,819243,room_0005,fur_type0018,샘키즈 데이베드 안전가드 100cm,65000,https://image.hanssem.com/hsimg/gds/1050/819/819243_A1.jpg?v=20250908095946
1849,1115118,room_0005,fur_type0020,샘키즈 1단 미니박스 수납책장 870 크림오트밀,135900,https://image.hanssem.com/hsimg/gds/1050/1115/1115118_A1.jpg?v=20250923150331
1850,570285,room_0005,fur_type0020,[특가~9/29]샘키즈 슬라이딩 수납장 자석보드형 1200,304000,https://image.hanssem.com/hsimg/gds/1050/570/570285_A1.jpg?v=20250908095159
1851,1003418,room_0005,fur_type0020,샘키즈 높은 교구장세트 자석보드형 1200,520850,https://image.hanssem.com/hsimg/gds/1050/1003/1003418_A1.jpg?v=20250908095200
1852,1029559,room_0005,fur_type0020,샘키즈 1단 미니박스 수납책장 1305 크림옐로우,175900,https://image.hanssem.com/hsimg/gds/1050/1029/1029559_A1.jpg?v=20250908094922
1853,1029570,room_0005,fur_type0020,샘키즈 박스 수납장 435 브라운,89900,https://image.hanssem.com/hsimg/gds/1050/1029/1029570_A1.jpg?v=20250922161027
1854,1070358,room_0005,fur_type0019,[특가~9/29]샘키즈 키큰옷장 서랍형 800,329000,https://image.hanssem.com/hsimg/gds/1050/1070/1070358_A1.jpg?v=20250908095947
1855,1114425,room_0005,fur_type0018,샘키즈 보나 패브릭헤드 침대 SS 서랍형,579000,https://image.hanssem.com/hsimg/gds/1050/1114/1114425_A1.jpg?v=20250923150332
1856,1029554,room_0005,fur_type0020,샘키즈 낮은 수납장 1305 크림옐로우,135900,https://image.hanssem.com/hsimg/gds/1050/1029/1029554_A1.jpg?v=20250915113656
1857,1114397,room_0005,fur_type0019,샘키즈 보나 일반 옷장+높은상부장 세트 1600,729000,https://image.hanssem.com/hsimg/gds/1050/1114/1114397_A1.jpg?v=20250923150332
1858,968308,room_0005,fur_type0020,샘키즈 2단 책장 1305,119900,https://image.hanssem.com/hsimg/gds/1050/968/968308_A1.jpg?v=20250908094923
1859,1003417,room_0005,fur_type0022,[특가~9/29]샘키즈 책상 의자세트 높이조절형 1000,178000,https://image.hanssem.com/hsimg/gds/1050/1003/1003417_A1.jpg?v=20250908095200
1860,829862,room_0005,fur_type0020,[특가~9/29]샘키즈 1단 수납책장 1305 뉴트럴베이지,155900,https://image.hanssem.com/hsimg/gds/1050/829/829862_A1.jpg?v=20250908094922
1861,1003410,room_0005,fur_type0020,샘키즈 교구장세트 자석보드형 1800,466950,https://image.hanssem.com/hsimg/gds/1050/1003/1003410_A1.jpg?v=20250908095200
1862,1114358,room_0005,fur_type0019,샘키즈 보나 일반 키큰옷장 오픈서랍형 400,252010,https://image.hanssem.com/hsimg/gds/1050/1114/1114358_A1.jpg?v=20250923150331
1863,829885,room_0005,fur_type0020,샘키즈 낮은 전면책장 600,109900,https://image.hanssem.com/hsimg/gds/1050/829/829885_A1.jpg?v=20250908095159
1864,1070405,room_0005,fur_type0019,샘키즈 키큰옷장 세트 1200 서랍형+오픈 선반박스형,504000,https://image.hanssem.com/hsimg/gds/1050/1070/1070405_A1.jpg?v=20250908095947
1865,803701,room_0005,fur_type0020,[특가~9/29]샘키즈 수납장 1305 뉴트럴베이지,155900,https://image.hanssem.com/hsimg/gds/1050/803/803701_A1.jpg?v=20250908094921
1866,1114328,room_0005,fur_type0019,샘키즈 보나 박스행거장 980,205900,https://image.hanssem.com/hsimg/gds/1050/1114/1114328_A1.jpg?v=20250923150331
1867,1071224,room_0005,fur_type0018,샘키즈 하이가드 데이베드 SS 5면형 + 범퍼가드 4면형(DIY) 세트,769000,https://image.hanssem.com/hsimg/gds/1050/1071/1071224_A1.jpg?v=20250908095200
1868,978548,room_0005,fur_type0018,샘키즈 오가닉양면 토퍼 SS,274000,https://image.hanssem.com/hsimg/gds/1050/978/978548_A1.jpg?v=20250908095200
1869,1114135,room_0005,fur_type0018,샘키즈 보나 하부수납 데이베드 안전가드 1500,150000,https://image.hanssem.com/hsimg/gds/1050/1114/1114135_A1.jpg?v=20250923150331
1870,829910,room_0005,fur_type0020,샘키즈 수납벤치 600,75000,https://image.hanssem.com/hsimg/gds/1050/829/829910_A1.jpg?v=20250908095946
1871,895781,room_0005,fur_type0020,샘키즈 슬라이딩 수납장 자석보드형 책장 1600,399000,https://image.hanssem.com/hsimg/gds/1050/895/895781_A1.jpg?v=20250908095159
1872,967857,room_0005,fur_type0019,[특가~9/29]샘키즈 옷장세트 2400,675000,https://image.hanssem.com/hsimg/gds/1050/967/967857_A1.jpg?v=20250923174050
1873,1114365,room_0005,fur_type0018,샘키즈 보나 하부수납 데이베드SS 4면형+샘키즈 알러지케어 매트리스 SS,1144000,https://image.hanssem.com/hsimg/gds/1050/1114/1114365_A1.jpg?v=20250923150332
1874,1029562,room_0005,fur_type0020,샘키즈 낮은 수납책장 1305 크림옐로우,135900,https://image.hanssem.com/hsimg/gds/1050/1029/1029562_A1.jpg?v=20250908094922
1875,1114342,room_0005,fur_type0019,샘키즈 보나 높은 상부장 340,81900,https://image.hanssem.com/hsimg/gds/1050/1114/1114342_A1.jpg?v=20250923150331
1876,1040544,room_0005,fur_type0020,샘키즈 수납장 870 파스텔,125900,https://image.hanssem.com/hsimg/gds/1050/1040/1040544_A1.jpg?v=20250922200055
1877,1029564,room_0005,fur_type0020,샘키즈 수납장 1305 브라운,159900,https://image.hanssem.com/hsimg/gds/1050/1029/1029564_A1.jpg?v=20250908094921
1878,908725,room_0005,fur_type0020,*단독구매불가* 샘키즈 뚜껑 1P,2500,https://image.hanssem.com/hsimg/gds/550/908/908725_A1.jpg?v=20250908094922
1879,1114410,room_0005,fur_type0019,샘키즈 보나 프레임 키큰옷장세트 1200 서랍형+행거형,642720,https://image.hanssem.com/hsimg/gds/1050/1114/1114410_A1.jpg?v=20250923150332
1880,829886,room_0005,fur_type0020,샘키즈 전면책장 600,165900,https://image.hanssem.com/hsimg/gds/1050/829/829886_A1.jpg?v=20250908095159
1881,1011190,room_0005,fur_type0022,버니2 일반형 책상 1200,164000,https://image.hanssem.com/hsimg/gds/1050/1011/1011190_A1.jpg?v=20240704160546
1882,1070398,room_0005,fur_type0019,샘키즈 키큰옷장 세트 1200 서랍형+행거형,494000,https://image.hanssem.com/hsimg/gds/1050/1070/1070398_A1.jpg?v=20250908095947
1883,1114441,room_0005,fur_type0018,샘키즈 보나 일반헤드 침대 SS+샘키즈 알러지케어 매트리스 SS,538000,https://image.hanssem.com/hsimg/gds/1050/1114/1114441_A1.jpg?v=20250923150332
1884,1114127,room_0005,fur_type0018,샘키즈 보나 하이가드 데이베드 SS 5면형,895000,https://image.hanssem.com/hsimg/gds/1050/1114/1114127_A1.jpg?v=20250923150331
1885,932995,room_0005,fur_type0018,샘키즈 안전가드 120cm (수납침대/슬라이딩침대용),59000,https://image.hanssem.com/hsimg/gds/1050/932/932995_A1.jpg?v=20250908095946
1886,992549,room_0005,fur_type0020,버니 교구장1000,220000,https://image.hanssem.com/hsimg/gds/1050/992/992549_A1.jpg?v=20250814144844
1887,1003384,room_0005,fur_type0020,샘키즈 책장 교구장 600,85900,https://image.hanssem.com/hsimg/gds/1050/1003/1003384_A1.jpg?v=20250908095159
1888,1003400,room_0005,fur_type0022,샘키즈 키즈책상 높이조절형 1000,118000,https://image.hanssem.com/hsimg/gds/1050/1003/1003400_A1.jpg?v=20250908095200
1889,1070324,room_0005,fur_type0018,샘키즈 하이가드 데이베드 사이드선반,35000,https://image.hanssem.com/hsimg/gds/1050/1070/1070324_A1.jpg?v=20250908095946
1890,1114320,room_0005,fur_type0019,샘키즈 보나 수납장 980,215900,https://image.hanssem.com/hsimg/gds/1050/1114/1114320_A1.jpg?v=20250923150331
1891,967864,room_0005,fur_type0019,샘키즈 옷장 전용 ACC (옷장선반/옷걸이봉),9810,https://image.hanssem.com/hsimg/gds/1050/967/967864_A1.jpg?v=20240705151546
1892,1040543,room_0005,fur_type0020,샘키즈 수납장 1305 파스텔,155900,https://image.hanssem.com/hsimg/gds/1050/1040/1040543_A1.jpg?v=20250922200203
1893,958424,room_0005,fur_type0018,샘키즈 낮은벙커침대 SS (일반 안전가드)+매트+2단수납장+책장 세트,1228800,https://image.hanssem.com/hsimg/gds/550/958/958424_A1.jpg?v=20250908095946
1894,1115158,room_0005,fur_type0020,샘키즈 1단 미니박스 수납책장 1305 컬러믹스,175900,https://image.hanssem.com/hsimg/gds/1050/1115/1115158_A1.jpg?v=20250923150331
1895,1115157,room_0005,fur_type0020,샘키즈 미니박스 수납장 435 컬러믹스,95900,https://image.hanssem.com/hsimg/gds/1050/1115/1115157_A1.jpg?v=20250923150331
1896,1029551,room_0005,fur_type0020,샘키즈 미니박스 수납장 1305 크림옐로우,175900,https://image.hanssem.com/hsimg/gds/1050/1029/1029551_A1.jpg?v=20250923100948
1897,1114247,room_0005,fur_type0019,샘키즈 보나 일반 옷장 800,199000,https://image.hanssem.com/hsimg/gds/1050/1114/1114247_A1.jpg?v=20250923150331
1898,1029550,room_0005,fur_type0020,샘키즈 수납장 1305 크림옐로우,155900,https://image.hanssem.com/hsimg/gds/1050/1029/1029550_A1.jpg?v=20250922093801
1899,394145,room_0005,fur_type0020,샘키즈 낮은 장난감정리함 & 전면책장 870,229800,https://image.hanssem.com/hsimg/gds/1050/394/394145_A1.jpg?v=20250922204431
1900,848853,room_0005,fur_type0018,샘키즈 데이베드 SS 3면형+샘키즈 알러지케어 매트리스 SS,448000,https://image.hanssem.com/hsimg/gds/1050/848/848853_A1.jpg?v=20250908095200
1901,1011192,room_0005,fur_type0020,버니2 북홀더,62000,https://image.hanssem.com/hsimg/gds/1050/1011/1011192_A1.jpg?v=20240704160933
1902,825242,room_0005,fur_type0020,샘키즈 높은장 세트,501700,https://image.hanssem.com/hsimg/gds/1050/825/825242_A1.jpg?v=20250908095159
1903,1011184,room_0005,fur_type0020,버니2 3단 책장 600,130000,https://image.hanssem.com/hsimg/gds/1050/1011/1011184_A1.jpg?v=20240704155925
1904,1003415,room_0005,fur_type0020,샘키즈 플레이하우스세트 벤치형,459000,https://image.hanssem.com/hsimg/gds/1050/1003/1003415_A1.jpg?v=20250922201436
1905,1115049,room_0005,fur_type0020,샘키즈 수납장 1305 크림오트밀,155900,https://image.hanssem.com/hsimg/gds/1050/1115/1115049_A1.jpg?v=20250923154733
1906,1114314,room_0005,fur_type0019,샘키즈 보나 프레임 4단서랍장 800,379000,https://image.hanssem.com/hsimg/gds/1050/1114/1114314_A1.jpg?v=20250923150331
1907,1114349,room_0005,fur_type0019,샘키즈 보나 일반 키큰옷장 멀티선반형 800,315900,https://image.hanssem.com/hsimg/gds/1050/1114/1114349_A1.jpg?v=20250923150331
1908,1114132,room_0005,fur_type0018,샘키즈 보나 하이가드 데이베드 범퍼가드 4면형 패브릭 별도(DIY),178400,https://image.hanssem.com/hsimg/gds/1050/1114/1114132_A1.jpg?v=20250923150331
1909,1114133,room_0005,fur_type0018,샘키즈 보나 하이가드 데이베드 안전가드 500,86000,https://image.hanssem.com/hsimg/gds/1050/1114/1114133_A1.jpg?v=20250923150331
1910,394133,room_0005,fur_type0020,샘키즈 1단 수납책장 1305 모던,159900,https://image.hanssem.com/hsimg/gds/1050/394/394133_A1.jpg?v=20250908094922
1911,1029568,room_0005,fur_type0020,샘키즈 낮은 수납장 1305 브라운,139900,https://image.hanssem.com/hsimg/gds/1050/1029/1029568_A1.jpg?v=20250908094922
1912,932993,room_0005,fur_type0020,샘키즈 2단 수납장 1305,129900,https://image.hanssem.com/hsimg/gds/1050/932/932993_A1.jpg?v=20250922203808
1913,1115149,room_0005,fur_type0020,샘키즈 수납장 435 컬러믹스,89900,https://image.hanssem.com/hsimg/gds/1050/1115/1115149_A1.jpg?v=20250923150331
1914,1115032,room_0005,fur_type0020,샘키즈 2단 행거장 435,68900,https://image.hanssem.com/hsimg/gds/1050/1115/1115032_A1.jpg?v=20250923150330
1915,1114420,room_0005,fur_type0019,샘키즈 보나 일반 키큰옷장세트 1600 서랍형+행거형,639800,https://image.hanssem.com/hsimg/gds/1050/1114/1114420_A1.jpg?v=20250923150332
1916,1003413,room_0005,fur_type0020,샘키즈 낮은 교구장 세트 낮은 도어형 1800,361200,https://image.hanssem.com/hsimg/gds/1050/1003/1003413_A1.jpg?v=20250908095200
1917,1114440,room_0005,fur_type0018,샘키즈 보나 일반헤드 침대 SS 서랍형+샘키즈 알러지케어 매트리스 SS,688000,https://image.hanssem.com/hsimg/gds/1050/1114/1114440_A1.jpg?v=20250923150332
1918,978551,room_0005,fur_type0018,샘키즈 데이베드 SS 4면형 (안전가드 140cm)+샘키즈 오가닉양면 토퍼 SS,603000,https://image.hanssem.com/hsimg/gds/1050/978/978551_A1.jpg?v=20250908095200
1919,1115057,room_0005,fur_type0020,샘키즈 수납장 435 크림오트밀,89900,https://image.hanssem.com/hsimg/gds/1050/1115/1115057_A1.jpg?v=20250923150331
1920,1048776,room_0005,fur_type0020,샘키즈 수납장 435 모던,89900,https://image.hanssem.com/hsimg/gds/1050/1048/1048776_A1.jpg?v=20250922160051
1921,1003408,room_0005,fur_type0020,샘키즈 교구장세트 자석보드형 1700,460950,https://image.hanssem.com/hsimg/gds/1050/1003/1003408_A1.jpg?v=20250922201704
1922,967861,room_0005,fur_type0019,샘키즈 높은 옷장세트 600,295000,https://image.hanssem.com/hsimg/gds/1050/967/967861_A1.jpg?v=20250908095947
1923,1070392,room_0005,fur_type0019,샘키즈 키큰옷장 엔드 선반박스형 600,175000,https://image.hanssem.com/hsimg/gds/1050/1070/1070392_A1.jpg?v=20250908095947
1924,1115160,room_0005,fur_type0020,샘키즈 1단 수납책장 1305 컬러믹스,155900,https://image.hanssem.com/hsimg/gds/1050/1115/1115160_A1.jpg?v=20250923150331
1925,933101,room_0005,fur_type0018,샘키즈 낮은벙커침대 SS (일반 안전가드)+샘키즈 알러지케어 매트리스 SS,1013000,https://image.hanssem.com/hsimg/gds/1050/933/933101_A1.jpg?v=20250908095946
1926,859306,room_0005,fur_type0020,[특가~9/29]샘키즈 수납장 1305+책장 1305 세트,285800,https://image.hanssem.com/hsimg/gds/1050/859/859306_A1.jpg?v=20250908094922
1927,1070386,room_0005,fur_type0019,샘키즈 키큰옷장 선반형 400,175000,https://image.hanssem.com/hsimg/gds/1050/1070/1070386_A1.jpg?v=20250908095947
1928,1003399,room_0005,fur_type0022,샘키즈 키즈책상 원목다리형 1200,98000,https://image.hanssem.com/hsimg/gds/1050/1003/1003399_A1.jpg?v=20250908095200
1929,703544,room_0005,fur_type0019,[특가~9/29](아울렛) 보나 긴옷형 베이비장세트 5단 서랍형 160cm (핑크/그레이),430000,https://image.hanssem.com/hsimg/gds/1050/703/703544_A1.jpg?v=20250924113935
1930,978557,room_0005,fur_type0018,샘키즈 낮은벙커침대 SS (디자인 안전가드)+샘키즈 오가닉양면 토퍼 SS,1153000,https://image.hanssem.com/hsimg/gds/1050/978/978557_A1.jpg?v=20250908095946
1931,1114341,room_0005,fur_type0019,샘키즈 보나 높은 상부장 800,100620,https://image.hanssem.com/hsimg/gds/1050/1114/1114341_A1.jpg?v=20250923150331
1932,933097,room_0005,fur_type0018,[특가~9/29]샘키즈 수납침대 SS 일반형+샘키즈 알러지케어 매트리스 SS,688000,https://image.hanssem.com/hsimg/gds/1050/933/933097_A1.jpg?v=20250908095200
1933,1048782,room_0005,fur_type0020,샘키즈 박스 수납장 435 뉴트럴컬러,89900,https://image.hanssem.com/hsimg/gds/1050/1048/1048782_A1.jpg?v=20250922093228
1934,1114360,room_0005,fur_type0018,샘키즈 보나 하이가드 데이베드SS 4면형+샘키즈 알러지케어 매트리스 SS,998000,https://image.hanssem.com/hsimg/gds/1050/1114/1114360_A1.jpg?v=20250923150331
1935,1003416,room_0005,fur_type0022,샘키즈 책상 의자세트 원목다리형 1200,158000,https://image.hanssem.com/hsimg/gds/1050/1003/1003416_A1.jpg?v=20250908095200
1936,1115047,room_0005,fur_type0020,샘키즈 와이드 수납벤치 1200,149000,https://image.hanssem.com/hsimg/gds/1050/1115/1115047_A1.jpg?v=20250923205820
1937,1040710,room_0005,fur_type0020,(단독구매불가) 샘키즈 뚜껑 6P,21000,https://image.hanssem.com/hsimg/gds/1050/1040/1040710_A1.jpg?v=20240705095559
1938,1003392,room_0005,fur_type0020,샘키즈 낮은 책장 교구장 600,69900,https://image.hanssem.com/hsimg/gds/1050/1003/1003392_A1.jpg?v=20250908095159
1939,1114363,room_0005,fur_type0018,샘키즈 보나 하이가드 데이베드SS 5면형 풀세트 (침대/매트/범퍼가드),1348500,https://image.hanssem.com/hsimg/gds/1050/1114/1114363_A1.jpg?v=20250923150331
1940,1048783,room_0005,fur_type0020,샘키즈 박스 수납장 435 파스텔,89900,https://image.hanssem.com/hsimg/gds/1050/1048/1048783_A1.jpg?v=20250923093321
1941,1070383,room_0005,fur_type0019,샘키즈 키큰옷장 멀티행거형 800,255000,https://image.hanssem.com/hsimg/gds/1050/1070/1070383_A1.jpg?v=20250908095947
1942,1003387,room_0005,fur_type0020,샘키즈 박스 교구장 435,99900,https://image.hanssem.com/hsimg/gds/1050/1003/1003387_A1.jpg?v=20250923174830
1943,1114263,room_0005,fur_type0019,샘키즈 보나 프레임 옷장 800,235000,https://image.hanssem.com/hsimg/gds/1050/1114/1114263_A1.jpg?v=20250923150331
1944,992551,room_0005,fur_type0020,버니 2단 도어,107000,https://image.hanssem.com/hsimg/gds/1050/992/992551_A1.jpg?v=20250814145508
1945,1114353,room_0005,fur_type0019,샘키즈 보나 프레임 키큰옷장 멀티행거형 800,345900,https://image.hanssem.com/hsimg/gds/1050/1114/1114353_A1.jpg?v=20250923150331
1946,1011191,room_0005,fur_type0018,버니2 계단장 도어 (2종 택1),127000,https://image.hanssem.com/hsimg/gds/1050/1011/1011191_A1.jpg?v=20240704160800
1947,967860,room_0005,fur_type0019,샘키즈 낮은 2단서랍장 600,180000,https://image.hanssem.com/hsimg/gds/1050/967/967860_A1.jpg?v=20250908095947
1948,848856,room_0005,fur_type0018,(아울렛) 보나 슈퍼싱글침대 SS 데이베드 일반형+샘키즈 알러지케어 매트리스 SS,523000,https://image.hanssem.com/hsimg/gds/1050/848/848856_A1.jpg?v=20250923155050
1949,1115044,room_0005,fur_type0020,샘키즈 수납행거장(대) 1305,145900,https://image.hanssem.com/hsimg/gds/1050/1115/1115044_A1.jpg?v=20250923203411
1950,1029547,room_0005,fur_type0020,샘키즈 장난감정리함 870,159900,https://image.hanssem.com/hsimg/gds/1050/1029/1029547_A1.jpg?v=20250922201139
1951,967842,room_0005,fur_type0019,[특가~9/29]샘키즈 4단서랍장 600,245000,https://image.hanssem.com/hsimg/gds/1050/967/967842_A1.jpg?v=20250908095947
1952,968307,room_0005,fur_type0020,샘키즈 2단 수납장 870,95900,https://image.hanssem.com/hsimg/gds/1050/968/968307_A1.jpg?v=20250922202617
1953,1114434,room_0005,fur_type0022,샘키즈 보나 일반책상 높은상부장형,305900,https://image.hanssem.com/hsimg/gds/1050/1114/1114434_A1.jpg?v=20250923150332
1954,1029578,room_0005,fur_type0020,샘키즈 낮은 수납장 1305 모던,139900,https://image.hanssem.com/hsimg/gds/1050/1029/1029578_A1.jpg?v=20250908094922
1955,1029542,room_0005,fur_type0020,샘키즈 오픈 상부책장 1305,109900,https://image.hanssem.com/hsimg/gds/1050/1029/1029542_A1.jpg?v=20250908095159
1956,1029561,room_0005,fur_type0020,샘키즈 1단 수납책장 870 크림옐로우,129900,https://image.hanssem.com/hsimg/gds/1050/1029/1029561_A1.jpg?v=20250908094922
1957,1114343,room_0005,fur_type0019,샘키즈 보나 높은 상부장 980,141960,https://image.hanssem.com/hsimg/gds/1050/1114/1114343_A1.jpg?v=20250923150331
1958,825275,room_0005,fur_type0020,샘키즈 수납장 1305+장난감정리대 낮은 세트,255800,https://image.hanssem.com/hsimg/gds/1050/825/825275_A1.jpg?v=20250908094923
1959,1073161,room_0005,fur_type0018,샘키즈 하이가드 데이베드SS 5면형+샘키즈 알러지케어 매트리스 SS,724000,https://image.hanssem.com/hsimg/gds/1050/1073/1073161_A1.jpg?v=20250908095200
1960,932986,room_0005,fur_type0018,샘키즈 슬라이딩침대 SS 일반형,719000,https://image.hanssem.com/hsimg/gds/1050/932/932986_A1.jpg?v=20250908095946
1961,958423,room_0005,fur_type0018,샘키즈 낮은벙커침대 SS (일반 안전가드)+매트+2단수납장 1305 세트,1142900,https://image.hanssem.com/hsimg/gds/1050/958/958423_A1.jpg?v=20250908095946
1962,1114355,room_0005,fur_type0019,샘키즈 보나 프레임 키큰옷장 서랍형 800,418080,https://image.hanssem.com/hsimg/gds/1050/1114/1114355_A1.jpg?v=20250923150331
1963,1114402,room_0005,fur_type0019,샘키즈 보나 일반 옷장+높은상부장 세트 2600,1087000,https://image.hanssem.com/hsimg/gds/1050/1114/1114402_A1.jpg?v=20250923150332
1964,932994,room_0005,fur_type0020,샘키즈 2단 책장 730,85900,https://image.hanssem.com/hsimg/gds/1050/932/932994_A1.jpg?v=20250908094923
1965,958426,room_0005,fur_type0018,[특가~9/29]샘키즈 낮은벙커침대 SS (디자인 안전가드)+매트+2단수납장+책장 세트,1253800,https://image.hanssem.com/hsimg/gds/550/958/958426_A1.jpg?v=20250908095946
1966,1114352,room_0005,fur_type0019,샘키즈 보나 프레임 키큰옷장 멀티선반형 800,369900,https://image.hanssem.com/hsimg/gds/1050/1114/1114352_A1.jpg?v=20250923150331
1967,1062781,room_0005,fur_type0020,샘키즈 수납장 1305 라인프렌즈 에디션,165900,https://image.hanssem.com/hsimg/gds/1050/1062/1062781_A1.jpg?v=20250908094922
1968,570287,room_0005,fur_type0020,샘키즈 슬라이딩 수납장 자석보드형 박스 2000,489000,https://image.hanssem.com/hsimg/gds/1050/570/570287_A1.jpg?v=20250908095159
1969,1029549,room_0005,fur_type0024,[특가~9/29]샘키즈 이동행거,118000,https://image.hanssem.com/hsimg/gds/1050/1029/1029549_A1.jpg?v=20250908095947
1970,1114428,room_0005,fur_type0018,샘키즈 보나 일반헤드 침대 SS,349000,https://image.hanssem.com/hsimg/gds/1050/1114/1114428_A1.jpg?v=20250923150332
1971,855866,room_0005,fur_type0020,샘키즈 수납장 870 뉴트럴컬러(민트),125900,https://image.hanssem.com/hsimg/gds/1050/855/855866_A1.jpg?v=20250922204117
1972,1114407,room_0005,fur_type0019,샘키즈 보나 프레임 옷장+높은상부장 세트 2600,1120240,https://image.hanssem.com/hsimg/gds/1050/1114/1114407_A1.jpg?v=20250923150332
1973,819242,room_0005,fur_type0018,[특가~9/29]샘키즈 데이베드 SS 4면형 (안전가드 140cm),324000,https://image.hanssem.com/hsimg/gds/1050/819/819242_A1.jpg?v=20250908095200
1974,933102,room_0005,fur_type0018,샘키즈 낮은벙커침대 SS (디자인 안전가드)+샘키즈 알러지케어 매트리스 SS,1073000,https://image.hanssem.com/hsimg/gds/1050/933/933102_A1.jpg?v=20250908095946
1975,1114345,room_0005,fur_type0019,샘키즈 보나 낮은 상부장 980,95000,https://image.hanssem.com/hsimg/gds/1050/1114/1114345_A1.jpg?v=20250923150331
1976,819246,room_0005,fur_type0018,(아울렛) 보나 슈퍼싱글침대 SS 데이베드 일반형 + 안전가드,364000,https://image.hanssem.com/hsimg/gds/1050/819/819246_A1.jpg?v=20250923155050
1977,1069770,room_0005,fur_type0018,샘키즈 하이가드 데이베드SS 3면형,389000,https://image.hanssem.com/hsimg/gds/1050/1069/1069770_A1.jpg?v=20250908095200
1978,1070384,room_0005,fur_type0019,샘키즈 키큰옷장 멀티선반형 800,275000,https://image.hanssem.com/hsimg/gds/1050/1070/1070384_A1.jpg?v=20250908095947
1979,1048780,room_0005,fur_type0020,샘키즈 1단 미니박스 수납책장 1305 모던,179900,https://image.hanssem.com/hsimg/gds/1050/1048/1048780_A1.jpg?v=20250908094922
1980,1114281,room_0005,fur_type0019,샘키즈 보나 일반 4단서랍장 800,315000,https://image.hanssem.com/hsimg/gds/1050/1114/1114281_A1.jpg?v=20250923150331
1981,1114409,room_0005,fur_type0019,샘키즈 보나 일반 키큰옷장세트 1200 서랍형+행거형,575800,https://image.hanssem.com/hsimg/gds/1050/1114/1114409_A1.jpg?v=20250923150332
1982,1003386,room_0005,fur_type0020,샘키즈 멀티 교구장 600,185900,https://image.hanssem.com/hsimg/gds/1050/1003/1003386_A1.jpg?v=20250908095159
1983,1114340,room_0005,fur_type0019,샘키즈 보나 행거장 340,105900,https://image.hanssem.com/hsimg/gds/1050/1114/1114340_A1.jpg?v=20250923150331
1984,896053,room_0005,fur_type0020,샘키즈 슬라이딩 수납장 전면책장형 옷장 1600,349000,https://image.hanssem.com/hsimg/gds/1050/896/896053_A1.jpg?v=20250908095159
1985,967845,room_0005,fur_type0019,샘키즈 낮은 옷장 600,135000,https://image.hanssem.com/hsimg/gds/1050/967/967845_A1.jpg?v=20250908095947
1986,394130,room_0005,fur_type0020,[특가~9/29]샘키즈 수납장 1305 모던,155900,https://image.hanssem.com/hsimg/gds/1050/394/394130_A1.jpg?v=20250908094921
1987,829899,room_0005,fur_type0020,[특가~9/29]샘키즈 코너장,135900,https://image.hanssem.com/hsimg/gds/1050/829/829899_A1.jpg?v=20250908094922
1988,1029566,room_0005,fur_type0020,샘키즈 수납장 870 브라운,129900,https://image.hanssem.com/hsimg/gds/1050/1029/1029566_A1.jpg?v=20250908094922
1989,1115042,room_0005,fur_type0020,샘키즈 수납행거장(대) 870,109900,https://image.hanssem.com/hsimg/gds/1050/1115/1115042_A1.jpg?v=20250923161737
1990,1029569,room_0005,fur_type0020,샘키즈 낮은 수납장 870 브라운,105900,https://image.hanssem.com/hsimg/gds/1050/1029/1029569_A1.jpg?v=20250908094922
1991,932985,room_0005,fur_type0018,샘키즈 수납침대 SS 풋보드형,535000,https://image.hanssem.com/hsimg/gds/1050/932/932985_A1.jpg?v=20250908095200
1992,1115143,room_0005,fur_type0020,샘키즈 수납장 870 컬러믹스,125900,https://image.hanssem.com/hsimg/gds/1050/1115/1115143_A1.jpg?v=20250923150331
1993,1029552,room_0005,fur_type0020,샘키즈 수납장 870 크림옐로우,125900,https://image.hanssem.com/hsimg/gds/1050/1029/1029552_A1.jpg?v=20250908094922
1994,1048785,room_0005,fur_type0020,샘키즈 미니박스 수납장 870 파스텔,139900,https://image.hanssem.com/hsimg/gds/1050/1048/1048785_A1.jpg?v=20250922194058
1995,1003396,room_0005,fur_type0022,샘키즈 플레이하우스 의자,95000,https://image.hanssem.com/hsimg/gds/1050/1003/1003396_A1.jpg?v=20250908095200
1996,967840,room_0005,fur_type0019,샘키즈 옷장 600,160000,https://image.hanssem.com/hsimg/gds/1050/967/967840_A1.jpg?v=20250908095947
1997,765086,room_0005,fur_type0019,(아울렛) 보나 주니어 옷장세트 A형 114cm 긴옷형 2단행거 (핑크/그레이),405000,https://image.hanssem.com/hsimg/gds/1050/765/765086_A1.jpg?v=20250923155715
1998,1048770,room_0005,fur_type0020,샘키즈 수납장 435 뉴트럴베이지,89900,https://image.hanssem.com/hsimg/gds/1050/1048/1048770_A1.jpg?v=20250923093919
1999,829882,room_0005,fur_type0020,샘키즈 낮은 장난감정리대 600,115900,https://image.hanssem.com/hsimg/gds/1050/829/829882_A1.jpg?v=20250908095159
2000,1004611,room_0005,fur_type0021,샘키즈 교구장세트 자석보드형 1800+책상의자세트 높이조절형 1000,644950,https://image.hanssem.com/hsimg/gds/1050/1004/1004611_A1.jpg?v=20250908095200
2001,978555,room_0005,fur_type0018,샘키즈 슬라이딩침대 SS 풋보드형+샘키즈 오가닉양면 토퍼 SS 2개,1287000,https://image.hanssem.com/hsimg/gds/1050/978/978555_A1.jpg?v=20250908095946
2002,1114364,room_0005,fur_type0018,샘키즈 보나 하부수납 데이베드SS 3면형+샘키즈 알러지케어 매트리스 SS,994000,https://image.hanssem.com/hsimg/gds/1050/1114/1114364_A1.jpg?v=20250923150331
2003,967849,room_0005,fur_type0019,샘키즈 높은 옷장세트 600 박스선반형,275000,https://image.hanssem.com/hsimg/gds/1050/967/967849_A1.jpg?v=20250922203616
2004,1114433,room_0005,fur_type0022,샘키즈 보나 서랍책상 기본형,295900,https://image.hanssem.com/hsimg/gds/1050/1114/1114433_A1.jpg?v=20250923150332
2005,1059744,room_0005,fur_type0020,마카롱 철제 3단 서랍장,57600,https://image.hanssem.com/hsimg/gds/1050/1059/1059744_A1.jpg?v=20241211104846
2006,848855,room_0005,fur_type0018,[특가~9/29]샘키즈 데이베드 SS 4면형 (안전가드 140cm)+샘키즈 알러지케어 매트리스 SS,508000,https://image.hanssem.com/hsimg/gds/1050/848/848855_A1.jpg?v=20250908095200
2007,1114346,room_0005,fur_type0019,샘키즈 보나 수납장 전용 ACC (선반/옷걸이봉),8000,https://image.hanssem.com/hsimg/gds/1050/1114/1114346_A1.jpg?v=20250923150331
2008,184114,room_0005,fur_type0020,샘키즈 책장선반 (1305/870/435 전용),11000,https://image.hanssem.com/hsimg/gds/1050/184/184114_A1.jpg?v=20250617143337
2009,819968,room_0005,fur_type0020,샘키즈 수납장 870 뉴트럴베이지+뚜껑 2개,134900,https://image.hanssem.com/hsimg/gds/1050/819/819968_A1.jpg?v=20250908094922
2010,992759,room_0005,fur_type0018,버니 침대 행잉행거,56000,https://image.hanssem.com/hsimg/gds/1050/992/992759_A1.jpg?v=20240704165149
2011,932997,room_0005,fur_type0018,샘키즈 침대 북트레이+조명(DIY),69000,https://image.hanssem.com/hsimg/gds/1050/932/932997_A1.jpg?v=20250908095946
2012,896052,room_0005,fur_type0020,샘키즈 슬라이딩 수납장 전면책장형 책장 1600,349000,https://image.hanssem.com/hsimg/gds/1050/896/896052_A1.jpg?v=20250908095159
2013,1029544,room_0005,fur_type0020,샘키즈 하우스 상부책장 1305,129900,https://image.hanssem.com/hsimg/gds/1050/1029/1029544_A1.jpg?v=20250908095159
2014,803702,room_0005,fur_type0020,[특가~9/29]샘키즈 수납장 870 뉴트럴베이지,125900,https://image.hanssem.com/hsimg/gds/1050/803/803702_A1.jpg?v=20250908094922
2015,570286,room_0005,fur_type0020,샘키즈 슬라이딩 수납장 자석보드형 박스 1600,399000,https://image.hanssem.com/hsimg/gds/1050/570/570286_A1.jpg?v=20250908095159
2016,1115046,room_0005,fur_type0020,샘키즈 멀티행거장 1305,155900,https://image.hanssem.com/hsimg/gds/1050/1115/1115046_A1.jpg?v=20250923204546
2017,1003395,room_0005,fur_type0020,샘키즈 플레이하우스 트롤리,75000,https://image.hanssem.com/hsimg/gds/1050/1003/1003395_A1.jpg?v=20250922202339
2018,992556,room_0005,fur_type0023,버니 침대 하부 조명 2개입,63000,https://image.hanssem.com/hsimg/gds/1050/992/992556_A1.jpg?v=20240709083140
2019,1003414,room_0005,fur_type0020,샘키즈 플레이하우스세트 책상형,479000,https://image.hanssem.com/hsimg/gds/1050/1003/1003414_A1.jpg?v=20250922201603
2020,1115091,room_0005,fur_type0020,샘키즈 1단 수납책장 1305 크림오트밀,155900,https://image.hanssem.com/hsimg/gds/1050/1115/1115091_A1.jpg?v=20250923150331
2021,932999,room_0005,fur_type0018,샘키즈 침대 텐트(DIY),139000,https://image.hanssem.com/hsimg/gds/1050/932/932999_A1.jpg?v=20250908095946
2022,1115041,room_0005,fur_type0020,샘키즈 수납행거장(소) 435,76900,https://image.hanssem.com/hsimg/gds/1050/1115/1115041_A1.jpg?v=20250923200918
2023,967848,room_0005,fur_type0019,샘키즈 낮은 박스선반장 600,115000,https://image.hanssem.com/hsimg/gds/1050/967/967848_A1.jpg?v=20250922205417
2024,1115048,room_0005,fur_type0020,샘키즈 행거장 전용 옷걸이봉,8000,https://image.hanssem.com/hsimg/gds/1050/1115/1115048_A1.jpg?v=20250923150330
2025,829873,room_0005,fur_type0020,[특가~9/29]샘키즈 낮은 수납장 1305 뉴트럴베이지,135900,https://image.hanssem.com/hsimg/gds/1050/829/829873_A1.jpg?v=20250908094922
2026,992554,room_0005,fur_type0018,버니 벙커침대 가랜드,32000,https://image.hanssem.com/hsimg/gds/1050/992/992554_A1.jpg?v=20240704165258
2027,1115116,room_0005,fur_type0020,샘키즈 미니박스 수납장 435 크림오트밀,95900,https://image.hanssem.com/hsimg/gds/1050/1115/1115116_A1.jpg?v=20250923150331
2028,1048772,room_0005,fur_type0020,샘키즈 미니박스 수납장 870 뉴트럴베이지,139900,https://image.hanssem.com/hsimg/gds/1050/1048/1048772_A1.jpg?v=20250908094922
2029,1114130,room_0005,fur_type0018,샘키즈 보나 하부수납 데이베드 SS 4면형,955000,https://image.hanssem.com/hsimg/gds/1050/1114/1114130_A1.jpg?v=20250923150331
2030,829875,room_0005,fur_type0020,샘키즈 낮은 수납책장 1305,139900,https://image.hanssem.com/hsimg/gds/1050/829/829875_A1.jpg?v=20250926135602
2031,1070323,room_0005,fur_type0020,샘키즈 미니 스텝스툴,69000,https://image.hanssem.com/hsimg/gds/1050/1070/1070323_A1.jpg?v=20250908095946
2032,1003420,room_0005,fur_type0020,샘키즈 높은 교구장세트 낮은 도어형 1200,463100,https://image.hanssem.com/hsimg/gds/1050/1003/1003420_A1.jpg?v=20250908095200
2033,992550,room_0005,fur_type0020,버니 수납벤치1000,239000,https://image.hanssem.com/hsimg/gds/1050/992/992550_A1.jpg?v=20250814145055
2034,993474,room_0006,fur_type0025,유닛 h형 책상 세트 1400,1159000,https://image.hanssem.com/hsimg/gds/1050/993/993474_A1.jpg?v=20250808110621
2035,1043195,room_0006,fur_type0025,티오 그로우 전면책상 일반형 5단 120X75cm (옵션 택1),289000,https://image.hanssem.com/hsimg/gds/1050/1043/1043195_A1.jpg?v=20250519105112
2036,637676,room_0006,fur_type0026,아망 체어 (3종/택1),55900,https://image.hanssem.com/hsimg/gds/550/637/637676_A1.jpg?v=20250915132053
2037,1060359,room_0006,fur_type0025,티오 일자 책상세트+조앤 학생의자,469860,https://image.hanssem.com/hsimg/gds/1050/1060/1060359_A1.jpg?v=20250903083737
2038,992883,room_0006,fur_type0027,조앤 책상의자 발받침,48000,https://image.hanssem.com/hsimg/gds/1050/992/992883_A1.jpg?v=20250519105112
2039,857488,room_0006,fur_type0028,샘 측면후크 2구 시공,19000,https://image.hanssem.com/hsimg/gds/1050/857/857488_A1.jpg?v=20240805101532
2040,993458,room_0006,fur_type0028,유닛 2단 도어 700 하부장용,76000,https://image.hanssem.com/hsimg/gds/1050/993/993458_A1.jpg?v=20250718153106
2041,973907,room_0006,fur_type0029,티오(그로우) 슬라이딩 딥 수납침대용 가드,49000,https://image.hanssem.com/hsimg/gds/1050/973/973907_A1.jpg?v=20240805101534
2042,765132,room_0006,fur_type0028,샘와이드 책장 5단 120cm 시공 (컬러 택1),115900,https://image.hanssem.com/hsimg/gds/1050/765/765132_A1.jpg?v=20241216114346
2043,993692,room_0006,fur_type0026,조앤 책상의자-집중형(컬러 택1),224000,https://image.hanssem.com/hsimg/gds/1050/993/993692_A1.jpg?v=20240702132900
2044,1061427,room_0006,fur_type0026,(아울렛) 윌링 책상의자,171000,https://image.hanssem.com/hsimg/gds/550/1061/1061427_A1.jpg?v=20250922151404
2045,857485,room_0006,fur_type0028,샘 책장 벽고정서비스,22000,https://image.hanssem.com/hsimg/gds/1050/857/857485_A1.jpg?v=20240805101532
2046,993237,room_0006,fur_type0030,플렉스Z 4단서랍장 800,471000,https://image.hanssem.com/hsimg/gds/1050/993/993237_A1.jpg?v=20250519105112
2047,993870,room_0006,fur_type0031,조이S 2 사이드장300,314000,https://image.hanssem.com/hsimg/gds/1050/993/993870_A1.jpg?v=20241205094955
2048,691963,room_0006,fur_type0025,티오 일반책상 140cm (컬러 택1),129900,https://image.hanssem.com/hsimg/gds/1050/691/691963_A1.jpg?v=20250903082727
2049,602514,room_0006,fur_type0025,티오ㄱ자 데스크패드+자석바 세트,75000,https://image.hanssem.com/hsimg/gds/1050/602/602514_A1.jpg?v=20250519105112
2050,99700,room_0006,fur_type0028,샘 컬러도어 2단 40cm 시공(컬러 택1),30000,https://image.hanssem.com/hsimg/gds/1050/99/99700_A1.jpg?v=20250519105112
2051,337212,room_0006,fur_type0025,샘스마트 책상+확장수납장 (컬러 택1),309900,https://image.hanssem.com/hsimg/gds/1050/337/337212_A1.jpg?v=20250519105112
2052,993442,room_0006,fur_type0028,유닛 사이드 하부책장 350 (D40),115000,https://image.hanssem.com/hsimg/gds/1050/993/993442_A1.jpg?v=20250519105112
2053,992762,room_0006,fur_type0028,아이디S 플랩 도어 800,54000,https://image.hanssem.com/hsimg/gds/1050/992/992762_A1.jpg?v=20250811084843
2054,993541,room_0006,fur_type0028,코티 인서트 수납 ACC 800,125000,https://image.hanssem.com/hsimg/gds/550/993/993541_A1.jpg?v=20250519105112
2055,992576,room_0006,fur_type0028,아이디S 5단 일반 책장 600,185000,https://image.hanssem.com/hsimg/gds/1050/992/992576_A1.jpg?v=20250813144754
2056,993866,room_0006,fur_type0029,조이S 2 침대 가드,75000,https://image.hanssem.com/hsimg/gds/1050/993/993866_A1.jpg?v=20241204152741
2057,993443,room_0006,fur_type0028,유닛 사이드 PC 하부장 700 (D40),153000,https://image.hanssem.com/hsimg/gds/1050/993/993443_A1.jpg?v=20250808112626
2058,992435,room_0006,fur_type0025,아이디S 6단 단독책상set 1400,824000,https://image.hanssem.com/hsimg/gds/1050/992/992435_A1.jpg?v=20250811085528
2059,857490,room_0006,fur_type0028,샘 책장 3단 120cm 수납형 시공 (컬러 택1),189900,https://image.hanssem.com/hsimg/gds/1050/857/857490_A1.jpg?v=20250519105112
2060,539390,room_0006,fur_type0028,샘 책장 4단 80cm DIY(컬러 택1),85900,https://image.hanssem.com/hsimg/gds/1050/539/539390_A1.jpg?v=20240805101533
2061,993682,room_0006,fur_type0026,K60 책상의자 (옵션 택1),457000,https://image.hanssem.com/hsimg/gds/1050/993/993682_A1.jpg?v=20250519105112
2062,1032599,room_0006,fur_type0026,알로 책상의자,239000,https://image.hanssem.com/hsimg/gds/1050/1032/1032599_A1.jpg?v=20250922105759
2063,973908,room_0006,fur_type0025,티오 일반책상 160cm (컬러 택1),169900,https://image.hanssem.com/hsimg/gds/1050/973/973908_A1.jpg?v=20250903082922
2064,1060256,room_0006,fur_type0026,(아울렛) 알로 책상의자,176000,https://image.hanssem.com/hsimg/gds/550/1060/1060256_A1.jpg?v=20250922151404
2065,604589,room_0006,fur_type0028,샘 전면책상장 120cm 시공(컬러 택1),165000,https://image.hanssem.com/hsimg/gds/1050/604/604589_A1.jpg?v=20240805101533
2066,281402,room_0006,fur_type0026,조앤라이트 책상의자(컬러 택1) DIY,175900,https://image.hanssem.com/hsimg/gds/1050/281/281402_A1.jpg?v=20240805101534
2067,993591,room_0006,fur_type0025,코티 기능성 책상 1200,736000,https://image.hanssem.com/hsimg/gds/1050/993/993591_A1.jpg?v=20240725130752
2068,1112420,room_0006,fur_type0026,비스포크 핏 책상의자 (2종/택1),311000,https://image.hanssem.com/hsimg/gds/1050/1112/1112420_A1.jpg?v=20250922150250
2069,1066292,room_0006,fur_type0031,[특가~9/29]샘베딩 퓨어 옷장세트 240cm (높이194cm) 서랍형,690750,https://image.hanssem.com/hsimg/gds/1050/1066/1066292_A1.jpg?v=20241205133404
2070,39650,room_0006,fur_type0031,샘베딩 베이직 옷장 80cm(높이194cm) 2단행거형 4종,179900,https://image.hanssem.com/hsimg/gds/1050/39/39650_A1.jpg?v=20241205133301
2071,1112273,room_0006,fur_type0028,[특가~9/29]재크 히든 수납 트롤리(2종/택1),69900,https://image.hanssem.com/hsimg/gds/1050/1112/1112273_A1.jpg?v=20250915132054
2072,993868,room_0006,fur_type0031,조이S 2 옷장800,291000,https://image.hanssem.com/hsimg/gds/1050/993/993868_A1.jpg?v=20250401131026
2073,765133,room_0006,fur_type0028,샘와이드 책장 5단 120cm DIY(컬러 택1),105900,https://image.hanssem.com/hsimg/gds/1050/765/765133_A1.jpg?v=20250121080816
2074,973883,room_0006,fur_type0029,"티오 벙커침대 SS 옷장형+바조명 (토퍼별도, 컬러 택1)",1375000,https://image.hanssem.com/hsimg/gds/550/973/973883_A1.jpg?v=20250221165414
2075,644541,room_0006,fur_type0029,아임빅 수납침대 SS 슬림수납헤드형+노뜨 매트리스,582750,https://image.hanssem.com/hsimg/gds/1050/644/644541_A1.jpg?v=20250829154456
2076,992468,room_0006,fur_type0028,아이디S 5단 격자 책장 800,226000,https://image.hanssem.com/hsimg/gds/1050/992/992468_A1.jpg?v=20250813150505
2077,1071019,room_0006,fur_type0025,조이S 2 모션데스크,649000,https://image.hanssem.com/hsimg/gds/1050/1071/1071019_A1.jpg?v=20250507143820
2078,765135,room_0006,fur_type0028,샘와이드 책장 3단 120cm 시공(컬러 택1),99900,https://image.hanssem.com/hsimg/gds/1050/765/765135_A1.jpg?v=20250519105112
2079,992440,room_0006,fur_type0032,아이디S 3단 이동 서랍장 400,239000,https://image.hanssem.com/hsimg/gds/1050/992/992440_A1.jpg?v=20250811091025
2080,857489,room_0006,fur_type0028,[특가~9/29]샘 책장 5단 120cm 수납형 시공 (컬러 택1),195900,https://image.hanssem.com/hsimg/gds/1050/857/857489_A1.jpg?v=20250113113754
2081,862985,room_0006,fur_type0028,샘 책장 5단 120cm 서랍형 시공 (컬러 택1),214900,https://image.hanssem.com/hsimg/gds/1050/862/862985_A1.jpg?v=20240805101533
2082,1071028,room_0006,fur_type0029,조이S 2 일반 침대 SS,379000,https://image.hanssem.com/hsimg/gds/1050/1071/1071028_A1.jpg?v=20250623134630
2083,862982,room_0006,fur_type0028,샘 책장 5단 120cm 모던형 시공 (컬러 택1),295900,https://image.hanssem.com/hsimg/gds/1050/862/862982_A1.jpg?v=20240930095807
2084,71671,room_0006,fur_type0028,샘 인서트 십자선반 DIY  (컬러 택1),25000,https://image.hanssem.com/hsimg/gds/1050/71/71671_A1.jpg?v=20250327100450
2085,857493,room_0006,fur_type0028,샘 책장 5단 120cm 매거진랙형 시공 (컬러 택1),262900,https://image.hanssem.com/hsimg/gds/1050/857/857493_A1.jpg?v=20240805101533
2086,973906,room_0006,fur_type0029,티오(그로우) 슬라이딩 딥 수납침대용 헤드,90000,https://image.hanssem.com/hsimg/gds/1050/973/973906_A1.jpg?v=20240805101534
2087,993840,room_0006,fur_type0025,조이S 2 보조 책상,339000,https://image.hanssem.com/hsimg/gds/1050/993/993840_A1.jpg?v=20250401140655
2088,857502,room_0006,fur_type0028,샘 책장 4단 80cm 매거진랙형 시공 (컬러 택1),197900,https://image.hanssem.com/hsimg/gds/1050/857/857502_A1.jpg?v=20240805101533
2089,110968,room_0006,fur_type0028,샘 책장 2단 120cm 스틸다리형 시공(컬러 택1),129900,https://image.hanssem.com/hsimg/gds/1050/110/110968_A1.jpg?v=20250519105112
2090,1118427,room_0006,fur_type0028,(소진완료) 샘파레트 책장 5단 120cm 시공(퓨어화이트),139000,https://image.hanssem.com/hsimg/gds/1050/1118/1118427_A1.jpg?v=20250909141810
2091,1077507,room_0006,fur_type0025,티오 파티션 일자책상 세트 (옵션 택1),414170,https://image.hanssem.com/hsimg/gds/1050/1077/1077507_A1.jpg?v=20250903084908
2092,539391,room_0006,fur_type0028,샘 책장 5단 65cm DIY(컬러 택1),82900,https://image.hanssem.com/hsimg/gds/1050/539/539391_A1.jpg?v=20250121080816
2093,992448,room_0006,fur_type0029,아이디S 멀티수납침대 SS 일반형  (매트 별도),449000,https://image.hanssem.com/hsimg/gds/1050/992/992448_A1.jpg?v=20241209180551
2094,993473,room_0006,fur_type0025,유닛 일반 책상 1600 D70,384000,https://image.hanssem.com/hsimg/gds/1050/993/993473_A1.jpg?v=20250718152102
2095,767710,room_0006,fur_type0028,샘 와이드 책장 5단 120cm+샘 5단 65cm시공set,212800,https://image.hanssem.com/hsimg/gds/1050/767/767710_A1.jpg?v=20250113113754
2096,993867,room_0006,fur_type0031,조이S 2 옷장400,187000,https://image.hanssem.com/hsimg/gds/1050/993/993867_A1.jpg?v=20250401140804
2097,1028855,room_0006,fur_type0028,티오 수납책장 5단 60cm (옵션 택1),231200,https://image.hanssem.com/hsimg/gds/1050/1028/1028855_A1.jpg?v=20241216114347
2098,993689,room_0006,fur_type0026,코티에어 책상의자(컬러 택1),262000,https://image.hanssem.com/hsimg/gds/1050/993/993689_A1.jpg?v=20250123102204
2099,71673,room_0006,fur_type0028,샘 인서트 ㄷ자선반 DIY  (컬러 택1),20000,https://image.hanssem.com/hsimg/gds/1050/71/71673_A1.jpg?v=20240805101533
2100,37959,room_0006,fur_type0028,샘 어린이책장 3단 80cm 시공(컬러 택1),92900,https://image.hanssem.com/hsimg/gds/1050/37/37959_A1.jpg?v=20250519105112
2101,927015,room_0006,fur_type0031,[특가~9/29]1+1 재크플러스 철제 5단 서랍장,99000,https://image.hanssem.com/hsimg/gds/550/927/927015_A1.jpg?v=20250915132053
2102,644539,room_0006,fur_type0029,아임빅 수납침대 SS 무헤드형+노뜨 매트리스,529620,https://image.hanssem.com/hsimg/gds/1050/644/644539_A1.jpg?v=20250630105703
2103,1058205,room_0006,fur_type0029,블랭크 무헤드침대 SS (옵션 택1),260000,https://image.hanssem.com/hsimg/gds/1050/1058/1058205_A1.jpg?v=20241128095803
2104,973933,room_0006,fur_type0025,티오 ㄱ자책상 160cm (컬러 택1),275900,https://image.hanssem.com/hsimg/gds/1050/973/973933_A1.jpg?v=20250903083108
2105,993842,room_0006,fur_type0028,조이S 2 책장 북홀더(2개입),18000,https://image.hanssem.com/hsimg/gds/1050/993/993842_A1.jpg?v=20240906094416
2106,604593,room_0006,fur_type0025,샘 책상 120cm h형하부서랍 시공(컬러 택1),269900,https://image.hanssem.com/hsimg/gds/1050/604/604593_A1.jpg?v=20250519105112
2107,1043197,room_0006,fur_type0025,티오 데스크매트 80cm,25000,https://image.hanssem.com/hsimg/gds/1050/1043/1043197_A1.jpg?v=20240724140237
2108,973903,room_0006,fur_type0029,티오 그로우 슬라이딩 딥 수납침대 SS+샘키즈 매트 (컬러 택1),751200,https://image.hanssem.com/hsimg/gds/1050/973/973903_A1.jpg?v=20250903135634
2109,1037647,room_0006,fur_type0033,아임빅 와이드 수납책상 1200,337600,https://image.hanssem.com/hsimg/gds/1050/1037/1037647_A1.jpg?v=20250519150628
2110,862986,room_0006,fur_type0028,샘 책장 3단 120cm 서랍형 시공 (컬러 택1),198900,https://image.hanssem.com/hsimg/gds/1050/862/862986_A1.jpg?v=20250519105112
2111,1077508,room_0006,fur_type0025,티오 하부수납 단독책상 (옵션 택1),168100,https://image.hanssem.com/hsimg/gds/1050/1077/1077508_A1.jpg?v=20250903083002
2112,1117930,room_0006,fur_type0026,비스포크 프로 책상의자 (2종/택1),450000,https://image.hanssem.com/hsimg/gds/1050/1117/1117930_A1.jpg?v=20250926144111
2113,262290,room_0006,fur_type0031,샘베딩 스테디 옷장 80cm(높이194cm)2단행거형,189900,https://image.hanssem.com/hsimg/gds/1050/262/262290_A1.jpg?v=20250818103748
2114,993139,room_0006,fur_type0026,유로 501 플랫 바체어,169000,https://image.hanssem.com/hsimg/gds/1050/993/993139_A1.jpg?v=20250519105112
2115,973888,room_0006,fur_type0029,티오 벙커침대 SS 옷장 트롤리형+바조명+토퍼,1563000,https://image.hanssem.com/hsimg/gds/550/973/973888_A1.jpg?v=20250221165415
2116,289959,room_0006,fur_type0031,[특가~9/29]샘베딩 스테디 옷장세트 160cm(높이194cm) 서랍형 10종,453800,https://image.hanssem.com/hsimg/gds/1050/289/289959_A1.jpg?v=20241205134032
2117,857713,room_0006,fur_type0028,샘 책장 5단 120cm 매거진수납형 시공 (컬러 택1),352900,https://image.hanssem.com/hsimg/gds/1050/857/857713_A1.jpg?v=20240805101533
2118,1028851,room_0006,fur_type0028,티오 일반책장 5단 60cm (옵션 택1),122180,https://image.hanssem.com/hsimg/gds/1050/1028/1028851_A1.jpg?v=20250903090324
2119,973905,room_0006,fur_type0029,티오(그로우) 슬라이딩 딥 수납침대 헤드용 조명,55000,https://image.hanssem.com/hsimg/gds/1050/973/973905_A1.jpg?v=20240805101534
2120,993444,room_0006,fur_type0028,유닛 사이드 하부장 700 (D40)서랍장,301000,https://image.hanssem.com/hsimg/gds/1050/993/993444_A1.jpg?v=20250519105112
2121,898602,room_0006,fur_type0028,샘 어린이책장 2단 200cm 시공(컬러 택1),115900,https://image.hanssem.com/hsimg/gds/1050/898/898602_A1.jpg?v=20250519105112
2122,289954,room_0006,fur_type0031,샘베딩 스테디 옷장 80cm(높이194cm) 행거서랍형 10종,277900,https://image.hanssem.com/hsimg/gds/1050/289/289954_A1.jpg?v=20250214163950
2123,973778,room_0006,fur_type0029,"티오 벙커침대 SS (토퍼별도, 컬러 택1)",1098000,https://image.hanssem.com/hsimg/gds/1050/973/973778_A1.jpg?v=20250221165414
2124,993232,room_0006,fur_type0031,플렉스Z 수납화장대 600,380000,https://image.hanssem.com/hsimg/gds/1050/993/993232_A1.jpg?v=20250519105112
2125,1120857,room_0006,fur_type0026,(아울렛)비스포크 핏 책상의자,200000,https://image.hanssem.com/hsimg/gds/550/1120/1120857_A1.jpg?v=20250922151405
2126,539394,room_0006,fur_type0028,샘 어린이책장 2단 120cm DIY(컬러 택1),85900,https://image.hanssem.com/hsimg/gds/1050/539/539394_A1.jpg?v=20250519105112
2127,973892,room_0006,fur_type0029,티오 벙커침대용 행잉선반+후크,55000,https://image.hanssem.com/hsimg/gds/1050/973/973892_A1.jpg?v=20240805101534
2128,1071018,room_0006,fur_type0025,조이S 2 모션데스크set 시리즈,1389000,https://image.hanssem.com/hsimg/gds/1050/1071/1071018_A1.jpg?v=20250417100949
2129,993691,room_0006,fur_type0026,조앤 책상의자-회전/무회전형(컬러 택1),234000,https://image.hanssem.com/hsimg/gds/1050/993/993691_A1.jpg?v=20240702132826
2130,644540,room_0006,fur_type0029,[특가~9/29]아임빅 수납침대SS 일반헤드형+노뜨 매트리스,512640,https://image.hanssem.com/hsimg/gds/1050/644/644540_A1.jpg?v=20250928122841
2131,993838,room_0006,fur_type0025,조이S 2 단독 책상,218000,https://image.hanssem.com/hsimg/gds/1050/993/993838_A1.jpg?v=20250401140531
2132,992449,room_0006,fur_type0029,아이디S 멀티수납침대 SS 수납형 (매트 별도),619000,https://image.hanssem.com/hsimg/gds/1050/992/992449_A1.jpg?v=20241209180625
2133,539393,room_0006,fur_type0028,샘 책장 5단 120cm DIY(컬러 택1),99900,https://image.hanssem.com/hsimg/gds/1050/539/539393_A1.jpg?v=20250829164925
2134,857711,room_0006,fur_type0028,샘 인서트 2단서랍 DIY,32000,https://image.hanssem.com/hsimg/gds/1050/857/857711_A1.jpg?v=20240805101532
2135,992445,room_0006,fur_type0031,아이디S 짧은장  900,377000,https://image.hanssem.com/hsimg/gds/550/992/992445_A1.jpg?v=20250811090748
2136,1083398,room_0006,fur_type0025,티오 멀티 단독 책상세트+시디즈 링고의자 DIY,708750,https://image.hanssem.com/hsimg/gds/1050/1083/1083398_A1.jpg?v=20250903084804
2137,1112413,room_0006,fur_type0026,데오 책상의자 DIY (2종/택1),149900,https://image.hanssem.com/hsimg/gds/1050/1112/1112413_A1.jpg?v=20250922150202
2138,1072080,room_0006,fur_type0026,노바 책상의자 DIY,135900,https://image.hanssem.com/hsimg/gds/1050/1072/1072080_A1.jpg?v=20250407180425
2139,993836,room_0006,fur_type0025,조이S 2 컴팩트 매직데스크 set,829000,https://image.hanssem.com/hsimg/gds/1050/993/993836_A1.jpg?v=20250919140500
2140,1039293,room_0006,fur_type0025,"티오 단독책상 세트 (플랩도어,조명 포함)",564800,https://image.hanssem.com/hsimg/gds/1050/1039/1039293_A1.jpg?v=20250903083919
2141,539392,room_0006,fur_type0028,샘 책장 5단 80cm DIY(컬러 택1),85900,https://image.hanssem.com/hsimg/gds/1050/539/539392_A1.jpg?v=20250902142749
2142,992441,room_0006,fur_type0028,아이디S 6단 수납1단 책장 600,268000,https://image.hanssem.com/hsimg/gds/1050/992/992441_A1.jpg?v=20250806140144
2143,992764,room_0006,fur_type0028,아이디S 2단 도어 400 (2개입),85000,https://image.hanssem.com/hsimg/gds/1050/992/992764_A1.jpg?v=20250811091218
2144,37963,room_0006,fur_type0028,샘 책장 5단 80cm 시공(컬러 택1),99900,https://image.hanssem.com/hsimg/gds/1050/37/37963_A1.jpg?v=20250902142543
2145,795512,room_0006,fur_type0029,아임빅 수납침대 SS 조명헤드형+노뜨 매트리스,636020,https://image.hanssem.com/hsimg/gds/1050/795/795512_A1.jpg?v=20250630105703
2146,1077510,room_0006,fur_type0028,티오 일반책장 6단 40cm (옵션 택1),125560,https://image.hanssem.com/hsimg/gds/1050/1077/1077510_A1.jpg?v=20250714102514
2147,993445,room_0006,fur_type0028,유닛 사이드 하부책장 700 (D40),168000,https://image.hanssem.com/hsimg/gds/1050/993/993445_A1.jpg?v=20250808112111
2148,973885,room_0006,fur_type0029,티오 벙커침대 SS 옷장형+바조명+토퍼,1493000,https://image.hanssem.com/hsimg/gds/550/973/973885_A1.jpg?v=20250221165415
2149,993460,room_0006,fur_type0028,유닛 3단도어 600 책장용,73000,https://image.hanssem.com/hsimg/gds/1050/993/993460_A1.jpg?v=20250813135132
2150,973900,room_0006,fur_type0029,티오 슬라이딩 딥 수납침대 SS 무헤드형+가드+노뜨컴포트 매트 (컬러 택1),737000,https://image.hanssem.com/hsimg/gds/1050/973/973900_A1.jpg?v=20250221165415
2151,993847,room_0006,fur_type0025,조이S 2 책상 조명,162000,https://image.hanssem.com/hsimg/gds/1050/993/993847_A1.jpg?v=20250702132613
2152,1071024,room_0006,fur_type0025,조이S 2 단독책상set 시리즈,679000,https://image.hanssem.com/hsimg/gds/1050/1071/1071024_A1.jpg?v=20250401130941
2153,604579,room_0006,fur_type0025,샘 전면책상세트 120cm 일반형 DIY(컬러 택1),254900,https://image.hanssem.com/hsimg/gds/1050/604/604579_A1.jpg?v=20250514103728
2154,1066611,room_0006,fur_type0031,샘베딩 퓨어 옷장 80cm (높이194cm) 2단 행거형,193500,https://image.hanssem.com/hsimg/gds/1050/1066/1066611_A1.jpg?v=20241205133617
2155,110964,room_0006,fur_type0028,샘 책장 3단 80cm 수납형 시공 (컬러 택1),146900,https://image.hanssem.com/hsimg/gds/1050/110/110964_A1.jpg?v=20250519105112
2156,604597,room_0006,fur_type0025,샘 전면책상세트 120cm 오픈수납형 시공(컬러 택1),344900,https://image.hanssem.com/hsimg/gds/1050/604/604597_A1.jpg?v=20240805101532
2157,993454,room_0006,fur_type0028,유닛 1단 도어 350 하부장용,52000,https://image.hanssem.com/hsimg/gds/1050/993/993454_A1.jpg?v=20250813143936
2158,604584,room_0006,fur_type0025,샘 책상 120cm 하부서랍형 시공(컬러 택1),209900,https://image.hanssem.com/hsimg/gds/1050/604/604584_A1.jpg?v=20240930095807
2159,667833,room_0006,fur_type0025,티오 자석보드 60cm,42900,https://image.hanssem.com/hsimg/gds/1050/667/667833_A1.jpg?v=20250519105112
2160,37957,room_0006,fur_type0028,샘 어린이책장 2단 120cm 시공(컬러 택1),89900,https://image.hanssem.com/hsimg/gds/1050/37/37957_A1.jpg?v=20250519105112
2161,1028856,room_0006,fur_type0028,티오 수납책장 6단 60cm (옵션 택1),239200,https://image.hanssem.com/hsimg/gds/1050/1028/1028856_A1.jpg?v=20241216114347
2162,992394,room_0006,fur_type0025,뉴ID LED 스터디 조명 블루투스,219000,https://image.hanssem.com/hsimg/gds/1050/992/992394_A1.jpg?v=20250519105112
2163,973874,room_0006,fur_type0029,"티오 벙커침대 SS 옷장형 (토퍼별도, 컬러 택1)",1295000,https://image.hanssem.com/hsimg/gds/1050/973/973874_A1.jpg?v=20250221165414
2164,1072472,room_0006,fur_type0026,뮤 홈리빙의자 DIY,115900,https://image.hanssem.com/hsimg/gds/1050/1072/1072472_A1.jpg?v=20250121080817
2165,423527,room_0006,fur_type0028,샘 어린이책장 3단 120cm X 2set 시공(컬러 택1),199800,https://image.hanssem.com/hsimg/gds/1050/423/423527_A1.jpg?v=20250519105112
2166,761080,room_0006,fur_type0028,샘 책장 5단 120cm+80cm 시공 set (컬러 택1),215800,https://image.hanssem.com/hsimg/gds/1050/761/761080_A1.jpg?v=20250902143357
2167,604586,room_0006,fur_type0025,샘 책상 120cm 오픈수납형 시공(컬러 택1),179900,https://image.hanssem.com/hsimg/gds/1050/604/604586_A1.jpg?v=20240805101532
2168,37960,room_0006,fur_type0028,샘 어린이책장 3단 120cm 시공(컬러 택1),99900,https://image.hanssem.com/hsimg/gds/1050/37/37960_A1.jpg?v=20250519105112
2169,423526,room_0006,fur_type0028,샘 책장 5단 80cm X 2set 시공(컬러 택1),199800,https://image.hanssem.com/hsimg/gds/1050/423/423526_A1.jpg?v=20250902142906
2170,602509,room_0006,fur_type0033,[특가~9/29]티오 이동서랍장(컬러 택1),125400,https://image.hanssem.com/hsimg/gds/1050/602/602509_A1.jpg?v=20250519105112
2171,973894,room_0006,fur_type0029,티오 벙커침대용 하부 바 조명,80000,https://image.hanssem.com/hsimg/gds/1050/973/973894_A1.jpg?v=20240805101534
2172,857486,room_0006,fur_type0028,샘 매거진랙 스윙도어 시공,49000,https://image.hanssem.com/hsimg/gds/1050/857/857486_A1.jpg?v=20240805101533
2173,1084431,room_0006,fur_type0026,티오 책상의자 DIY (컬러 택1),155900,https://image.hanssem.com/hsimg/gds/1050/1084/1084431_A1.jpg?v=20250210133622
2174,604587,room_0006,fur_type0025,샘 책상 150cm 일반형 시공(컬러 택1),159900,https://image.hanssem.com/hsimg/gds/1050/604/604587_A1.jpg?v=20250121080816
2175,288046,room_0006,fur_type0026,조앤라이트 책상의자 인조가죽/발받침형(컬러 택1) DIY,219000,https://image.hanssem.com/hsimg/gds/1050/288/288046_A1.jpg?v=20240805101535
2176,1028852,room_0006,fur_type0028,티오 격자책장 5단 80cm (옵션 택1),169850,https://image.hanssem.com/hsimg/gds/1050/1028/1028852_A1.jpg?v=20250903090243
2177,973896,room_0006,fur_type0029,티오 벙커침대용 하부 타공보드,85000,https://image.hanssem.com/hsimg/gds/1050/973/973896_A1.jpg?v=20240805101534
2178,1023568,room_0006,fur_type0026,라탄체어/스툴,16900,https://image.hanssem.com/hsimg/gds/550/1023/1023568_A1.jpg?v=20250915132052
2179,1028867,room_0006,fur_type0028,티오 2단도어 70cm (컬러 택1),49400,https://image.hanssem.com/hsimg/gds/1050/1028/1028867_A1.jpg?v=20240805155500
2180,993534,room_0006,fur_type0029,코티 패브릭 침대가드,279000,https://image.hanssem.com/hsimg/gds/550/993/993534_A1.jpg?v=20240904083440
2181,1071031,room_0006,fur_type0029,조이S 2 키즈수납침대 SS,919000,https://image.hanssem.com/hsimg/gds/1050/1071/1071031_A1.jpg?v=20250922182845
2182,1039295,room_0006,fur_type0025,"티오 각도조절책상 세트 (플랩도어,조명 포함)",640690,https://image.hanssem.com/hsimg/gds/1050/1039/1039295_A1.jpg?v=20250903085343
2183,1085902,room_0006,fur_type0025,티오의자 DIY+티오 일자책상 세트,443220,https://image.hanssem.com/hsimg/gds/1050/1085/1085902_A1.jpg?v=20250903083706
2184,1046150,room_0006,fur_type0026,시디즈 T50 의자,359000,https://image.hanssem.com/hsimg/gds/1050/1046/1046150_A1.jpg?v=20250901101831
2185,993471,room_0006,fur_type0025,유닛 일반 책상 1200 D70,309000,https://image.hanssem.com/hsimg/gds/1050/993/993471_A1.jpg?v=20250519105112
2186,774938,room_0006,fur_type0028,샘 와이드 책장 5단 120cm+샘 5단 120cm시공set,231800,https://image.hanssem.com/hsimg/gds/1050/774/774938_A1.jpg?v=20250902143511
2187,882453,room_0006,fur_type0025,샘 책상 120cm 일반형 시공 (화이트),139900,https://image.hanssem.com/hsimg/gds/1050/882/882453_A1.jpg?v=20240805101532
2188,1059747,room_0006,fur_type0030,마카롱 철제 5단 서랍장(크림화이트),75400,https://image.hanssem.com/hsimg/gds/1050/1059/1059747_A1.jpg?v=20250418150133
2189,992760,room_0006,fur_type0028,아이디S 플랩 도어 600,50000,https://image.hanssem.com/hsimg/gds/1050/992/992760_A1.jpg?v=20250811085104
2190,604588,room_0006,fur_type0025,샘 책상 150cm 하부서랍형 시공(컬러 택1),229900,https://image.hanssem.com/hsimg/gds/1050/604/604588_A1.jpg?v=20240805101532
2191,993533,room_0006,fur_type0029,코티 패브릭 연결패널,246000,https://image.hanssem.com/hsimg/gds/550/993/993533_A1.jpg?v=20240704074025
2192,993455,room_0006,fur_type0028,유닛 2단도어 300 책장용,58000,https://image.hanssem.com/hsimg/gds/1050/993/993455_A1.jpg?v=20250813134605
2193,973898,room_0006,fur_type0029,"티오 슬라이딩 딥 수납침대 SS 무헤드형+가드 (매트별도, 컬러 택1)",558000,https://image.hanssem.com/hsimg/gds/1050/973/973898_A1.jpg?v=20250221165415
2194,992439,room_0006,fur_type0025,아이디S 6단 일자책상set 1400,774000,https://image.hanssem.com/hsimg/gds/1050/992/992439_A1.jpg?v=20241209175824
2195,992577,room_0006,fur_type0028,아이디S 6단 일반 책장 600,195000,https://image.hanssem.com/hsimg/gds/1050/992/992577_A1.jpg?v=20250813144956
2196,736187,room_0006,fur_type0028,샘 책장 5단 80cm 수납형 X 2set 시공 (컬러 택1),319800,https://image.hanssem.com/hsimg/gds/1050/736/736187_A1.jpg?v=20240805101533
2197,1028868,room_0006,fur_type0025,티오 책상부착용 콘센트,29000,https://image.hanssem.com/hsimg/gds/1050/1028/1028868_A1.jpg?v=20240724143132
2198,1031976,room_0006,fur_type0025,조이S 2 데스크패드 (논슬립),55000,https://image.hanssem.com/hsimg/gds/1050/1031/1031976_A1.jpg?v=20240905165734
2199,68929,room_0006,fur_type0028,샘 어린이책장 3단 160cm 시공(컬러 택1),125900,https://image.hanssem.com/hsimg/gds/1050/68/68929_A1.jpg?v=20250519105112
2200,992606,room_0006,fur_type0025,아이디S 스마트 조명,124000,https://image.hanssem.com/hsimg/gds/550/992/992606_A1.jpg?v=20250519105112
2201,993843,room_0006,fur_type0025,그랩잇거치대,94000,https://image.hanssem.com/hsimg/gds/1050/993/993843_A1.jpg?v=20250519105112
2202,857503,room_0006,fur_type0028,샘 책장 3단 80cm 매거진랙형 시공 (컬러 택1),190900,https://image.hanssem.com/hsimg/gds/1050/857/857503_A1.jpg?v=20250519105112
2203,1066285,room_0006,fur_type0031,[특가~9/29]샘베딩 퓨어 옷장세트 120cm (높이194cm) 서랍형,422730,https://image.hanssem.com/hsimg/gds/1050/1066/1066285_A1.jpg?v=20250717163133
2204,37962,room_0006,fur_type0028,샘 책장 5단 65cm 시공(컬러택1),96900,https://image.hanssem.com/hsimg/gds/1050/37/37962_A1.jpg?v=20241216114347
2205,1059051,room_0006,fur_type0026,(아울렛) K60 책상의자 다크그레이,457000,https://image.hanssem.com/hsimg/gds/550/1059/1059051_A1.jpg?v=20250908183418
2206,993841,room_0006,fur_type0033,조이S 2 책상장  액세서리,31000,https://image.hanssem.com/hsimg/gds/1050/993/993841_A1.jpg?v=20250519105112
2207,993240,room_0006,fur_type0031,플렉스Z 수납스툴 370,96000,https://image.hanssem.com/hsimg/gds/550/993/993240_A1.jpg?v=20250519105112
2208,37961,room_0006,fur_type0028,샘 어린이책장 3단 200cm 시공 (컬러 택1),125900,https://image.hanssem.com/hsimg/gds/1050/37/37961_A1.jpg?v=20250519105112
2209,973871,room_0006,fur_type0029,티오 벙커침대 SS ㄱ자책상형+토퍼,1389610,https://image.hanssem.com/hsimg/gds/1050/973/973871_A1.jpg?v=20250221165414
2210,1077509,room_0006,fur_type0028,티오 일반책장 5단  40cm (옵션 택1),109600,https://image.hanssem.com/hsimg/gds/1050/1077/1077509_A1.jpg?v=20250121080816
2211,993370,room_0006,fur_type0026,모리스마트 책상의자,395000,https://image.hanssem.com/hsimg/gds/1050/993/993370_A1.jpg?v=20240911111833
2212,882455,room_0006,fur_type0025,샘 책상 120cm 책상서랍형 시공 (화이트),199900,https://image.hanssem.com/hsimg/gds/1050/882/882455_A1.jpg?v=20240805101532
2213,1085903,room_0006,fur_type0025,티오의자 DIY+티오 멀티 일자책상 세트,684250,https://image.hanssem.com/hsimg/gds/1050/1085/1085903_A1.jpg?v=20250903084705
2214,992443,room_0006,fur_type0031,아이디S 낮은T장  900,409000,https://image.hanssem.com/hsimg/gds/550/992/992443_A1.jpg?v=20250811090356
2215,1071023,room_0006,fur_type0025,조이S 2 매직데스크set 시리즈,949000,https://image.hanssem.com/hsimg/gds/1050/1071/1071023_A1.jpg?v=20250919140128
2216,1111389,room_0006,fur_type0028,(소진완료) 샘 책장 5단 120cm 시공 (퓨어화이트),144000,https://image.hanssem.com/hsimg/gds/1050/1111/1111389_A1.jpg?v=20250916092439
2217,288044,room_0006,fur_type0026,조앤라이트 책상의자 인조가죽형(컬러 1택) DIY,205900,https://image.hanssem.com/hsimg/gds/1050/288/288044_A1.jpg?v=20240805101534
2218,973875,room_0006,fur_type0029,"티오 벙커침대 SS 옷장 트롤리형 (토퍼별도, 컬러 택1)",1365000,https://image.hanssem.com/hsimg/gds/1050/973/973875_A1.jpg?v=20250221165414
2219,1028853,room_0006,fur_type0028,티오 일반책장 6단 60cm (옵션 택1),128790,https://image.hanssem.com/hsimg/gds/1050/1028/1028853_A1.jpg?v=20250903085952
2220,1077500,room_0006,fur_type0025,티오 하부수납 단독책상 세트 (옵션 택1),378300,https://image.hanssem.com/hsimg/gds/1050/1077/1077500_A1.jpg?v=20250903084307
2221,1028805,room_0006,fur_type0025,티오 단독책상 세트 (옵션 택1),365200,https://image.hanssem.com/hsimg/gds/1050/1028/1028805_A1.jpg?v=20250901093934
2222,993231,room_0006,fur_type0031,플렉스Z  슬라이딩 옷장 일반형,744000,https://image.hanssem.com/hsimg/gds/550/993/993231_A1.jpg?v=20250519105112
2223,99692,room_0006,fur_type0028,[특가~9/29]샘 책장 5단 80cm 수납형 시공 (컬러 택1),149900,https://image.hanssem.com/hsimg/gds/1050/99/99692_A1.jpg?v=20250113113754
2224,337211,room_0006,fur_type0025,샘스마트 전면 책상 112.5cm (컬러 택1),299900,https://image.hanssem.com/hsimg/gds/1050/337/337211_A1.jpg?v=20250519105112
2225,337208,room_0006,fur_type0025,샘스마트 책상 112.5cm (컬러 택1),219900,https://image.hanssem.com/hsimg/gds/1050/337/337208_A1.jpg?v=20250519105112
2226,993236,room_0006,fur_type0030,플렉스Z 3단 이동 서랍장,231000,https://image.hanssem.com/hsimg/gds/550/993/993236_A1.jpg?v=20250519105112
2227,898601,room_0006,fur_type0028,샘 어린이책장 2단 160cm 시공(컬러 택1),109900,https://image.hanssem.com/hsimg/gds/1050/898/898601_A1.jpg?v=20250519105112
2228,1118521,room_0006,fur_type0029,(소진완료) 아임빅 수납침대 SS 일반헤드형 매트별도(헤드 화이트/하부 화이트),491000,https://image.hanssem.com/hsimg/gds/1050/1118/1118521_A1.jpg?v=20250909090431
2229,993532,room_0006,fur_type0029,코티 패브릭 침대 SS (매트 별도),734000,https://image.hanssem.com/hsimg/gds/1050/993/993532_A1.jpg?v=20240704074025
2230,604576,room_0006,fur_type0028,샘 전면책상장 120cm DIY(컬러 택1),135000,https://image.hanssem.com/hsimg/gds/1050/604/604576_A1.jpg?v=20250514103546
2231,171733,room_0006,fur_type0031,샘베딩 베이직 옷장 80cm(높이194cm) 행거서랍형 4종,269900,https://image.hanssem.com/hsimg/gds/1050/171/171733_A1.jpg?v=20241205133824
2232,992761,room_0006,fur_type0028,아이디S 플랩 도어 700,50000,https://image.hanssem.com/hsimg/gds/1050/992/992761_A1.jpg?v=20250813150031
2233,1060360,room_0006,fur_type0025,티오 단독 책상세트+조앤 책상의자,532460,https://image.hanssem.com/hsimg/gds/1050/1060/1060360_A1.jpg?v=20250903084128
2234,602515,room_0006,fur_type0028,티오 수납함 2칸 (컬러 택1),45000,https://image.hanssem.com/hsimg/gds/1050/602/602515_A1.jpg?v=20250519105112
2235,993462,room_0006,fur_type0028,유닛 상부 플랩도어 900 책장용,74000,https://image.hanssem.com/hsimg/gds/1050/993/993462_A1.jpg?v=20250813141456
2236,993459,room_0006,fur_type0028,유닛 3단도어 300 책장용,63000,https://image.hanssem.com/hsimg/gds/1050/993/993459_A1.jpg?v=20250813151812
2237,993472,room_0006,fur_type0025,유닛 일반 책상 1400 D70,367000,https://image.hanssem.com/hsimg/gds/1050/993/993472_A1.jpg?v=20250519105112
2238,992704,room_0006,fur_type0025,플러스 모션데스크 1400 일반형,1114000,https://image.hanssem.com/hsimg/gds/1050/992/992704_A1.jpg?v=20250519105112
2239,993230,room_0006,fur_type0031,플렉스Z  슬라이딩 옷장 선반형,951000,https://image.hanssem.com/hsimg/gds/1050/993/993230_A1.jpg?v=20250519105112
2240,993201,room_0006,fur_type0025,플렉스Z 일반책상 1400 D60,206000,https://image.hanssem.com/hsimg/gds/1050/993/993201_A1.jpg?v=20241129090653
2241,1039294,room_0006,fur_type0025,"티오 일자책상세트 (플랩도어,조명 포함)",465850,https://image.hanssem.com/hsimg/gds/1050/1039/1039294_A1.jpg?v=20250903083451
2242,862988,room_0006,fur_type0028,샘 책장 5단 80cm 서랍형 시공 (컬러 택1),163900,https://image.hanssem.com/hsimg/gds/1050/862/862988_A1.jpg?v=20240805101533
2243,857500,room_0006,fur_type0028,샘 책장 5단 80cm 매거진랙형 시공 (컬러 택1),197900,https://image.hanssem.com/hsimg/gds/1050/857/857500_A1.jpg?v=20240805101533
2244,973901,room_0006,fur_type0029,"티오 그로우 슬라이딩 딥 수납침대 SS (매트별도, 컬러 택1)",557280,https://image.hanssem.com/hsimg/gds/1050/973/973901_A1.jpg?v=20250221165415
2245,973868,room_0006,fur_type0029,티오 벙커침대 SS 책상형+토퍼,1401900,https://image.hanssem.com/hsimg/gds/1050/973/973868_A1.jpg?v=20250714102514
2246,281399,room_0006,fur_type0026,조앤라이트 책상의자 패브릭형(컬러 택1)DIY,195900,https://image.hanssem.com/hsimg/gds/1050/281/281399_A1.jpg?v=20240805101534
2247,993461,room_0006,fur_type0028,유닛 하부 플랩 도어 600 책장용,63000,https://image.hanssem.com/hsimg/gds/1050/993/993461_A1.jpg?v=20250813135540
2248,993844,room_0006,fur_type0033,조이S 2 소서랍set,75000,https://image.hanssem.com/hsimg/gds/1050/993/993844_A1.jpg?v=20250519105112
2249,993475,room_0006,fur_type0025,유닛 h형 책상 세트 1600,1177000,https://image.hanssem.com/hsimg/gds/1050/993/993475_A1.jpg?v=20250813114207
2250,993869,room_0006,fur_type0031,조이S 2 슬라이딩 옷장1000,668000,https://image.hanssem.com/hsimg/gds/1050/993/993869_A1.jpg?v=20241205150543
2251,857504,room_0006,fur_type0028,샘 책장 5단 80cm 매거진수납형 시공 (컬러 택1),257900,https://image.hanssem.com/hsimg/gds/1050/857/857504_A1.jpg?v=20240805101533
2252,1071026,room_0006,fur_type0028,조이S 2 멀티장 600,234000,https://image.hanssem.com/hsimg/gds/1050/1071/1071026_A1.jpg?v=20241210111500
2253,993450,room_0006,fur_type0028,유닛 콘솔장1200,452000,https://image.hanssem.com/hsimg/gds/1050/993/993450_A1.jpg?v=20250813144404
2254,604571,room_0006,fur_type0025,샘 책상 120cm 하부서랍형 DIY(컬러 택1),189900,https://image.hanssem.com/hsimg/gds/1050/604/604571_A1.jpg?v=20250514103155
2255,973865,room_0006,fur_type0029,티오 벙커침대 SS + 토퍼,1216000,https://image.hanssem.com/hsimg/gds/1050/973/973865_A1.jpg?v=20250714102514
2256,1032598,room_0006,fur_type0026,웨이브 책상의자 (2종/택1),397000,https://image.hanssem.com/hsimg/gds/1050/1032/1032598_A1.jpg?v=20250519105112
2257,973893,room_0006,fur_type0029,티오 벙커침대용 행잉거울,105000,https://image.hanssem.com/hsimg/gds/1050/973/973893_A1.jpg?v=20240805101534
2258,993453,room_0006,fur_type0028,유닛 1단도어 300 책장용,51000,https://image.hanssem.com/hsimg/gds/1050/993/993453_A1.jpg?v=20250808113551
2259,993457,room_0006,fur_type0028,유닛 2단 도어 350 하부장용,59000,https://image.hanssem.com/hsimg/gds/1050/993/993457_A1.jpg?v=20250808112838
2260,862990,room_0006,fur_type0028,샘 책장 3단 80cm 서랍형 시공 (컬러 택1),156900,https://image.hanssem.com/hsimg/gds/1050/862/862990_A1.jpg?v=20250519105112
2261,602511,room_0006,fur_type0028,티오 플랩도어 70cm(컬러 택1),51850,https://image.hanssem.com/hsimg/gds/1050/602/602511_A1.jpg?v=20250625133451
2262,992446,room_0006,fur_type0030,아이디S 다용도장  600,555000,https://image.hanssem.com/hsimg/gds/550/992/992446_A1.jpg?v=20250811090006
2263,1046153,room_0006,fur_type0026,시디즈 T20의자 DIY,214000,https://image.hanssem.com/hsimg/gds/1050/1046/1046153_A1.jpg?v=20250519105112
2264,602510,room_0006,fur_type0028,티오 플랩도어 60cm(컬러 택1),49800,https://image.hanssem.com/hsimg/gds/1050/602/602510_A1.jpg?v=20250901101541
2265,857712,room_0006,fur_type0028,샘 인서트 4단서랍 DIY,35000,https://image.hanssem.com/hsimg/gds/1050/857/857712_A1.jpg?v=20240805101533
2266,992442,room_0006,fur_type0031,아이디S 긴장  900,388000,https://image.hanssem.com/hsimg/gds/550/992/992442_A1.jpg?v=20241209180107
2267,973891,room_0006,fur_type0029,티오 벙커침대용 행잉선반+조명,109000,https://image.hanssem.com/hsimg/gds/1050/973/973891_A1.jpg?v=20240805101534
2268,99690,room_0006,fur_type0028,샘 책장 4단 80cm 시공(컬러 택1),99900,https://image.hanssem.com/hsimg/gds/1050/99/99690_A1.jpg?v=20240805101533
2269,1071027,room_0006,fur_type0028,조이S 2 화장대장 600,388000,https://image.hanssem.com/hsimg/gds/1050/1071/1071027_A1.jpg?v=20250409112522
2270,1112268,room_0006,fur_type0030,[특가~9/29]뉴 재크 5단 서랍장(3종/택1),79900,https://image.hanssem.com/hsimg/gds/1050/1112/1112268_A1.jpg?v=20250915132054
2271,795515,room_0006,fur_type0029,아임빅 수납침대 SS 패브릭헤드형+노뜨 매트리스,648180,https://image.hanssem.com/hsimg/gds/1050/795/795515_A1.jpg?v=20250414144604
2272,992437,room_0006,fur_type0025,아이디S 6단 일자책상set 1200,714000,https://image.hanssem.com/hsimg/gds/1050/992/992437_A1.jpg?v=20241209175730
2273,992763,room_0006,fur_type0028,아이디S 2단 도어 600,69000,https://image.hanssem.com/hsimg/gds/1050/992/992763_A1.jpg?v=20250813145807
2274,973884,room_0006,fur_type0029,"티오 벙커침대 SS 옷장 트롤리형+바조명 (토퍼별도, 컬러 택1)",1445000,https://image.hanssem.com/hsimg/gds/550/973/973884_A1.jpg?v=20250221165414
2275,862987,room_0006,fur_type0028,샘 책장 2단 120cm 서랍형 시공 (컬러 택1),194900,https://image.hanssem.com/hsimg/gds/1050/862/862987_A1.jpg?v=20250519105112
2276,973897,room_0006,fur_type0029,티오 슬라이딩 딥 수납침대 SS 무헤드형 (매트별도),509000,https://image.hanssem.com/hsimg/gds/1050/973/973897_A1.jpg?v=20250221165415
2277,992444,room_0006,fur_type0031,아이디S 이불장  900,388000,https://image.hanssem.com/hsimg/gds/550/992/992444_A1.jpg?v=20250811090526
2278,993832,room_0006,fur_type0025,조이S 2 컴팩트 일자책상 set,439000,https://image.hanssem.com/hsimg/gds/1050/993/993832_A1.jpg?v=20250401140501
2279,857494,room_0006,fur_type0028,샘 책장 3단 120cm 매거진랙형 시공 (컬러 택1),246900,https://image.hanssem.com/hsimg/gds/1050/857/857494_A1.jpg?v=20250519105112
2280,804114,room_0006,fur_type0025,티오 일자 책상세트+시디즈 링고의자 DIY,453690,https://image.hanssem.com/hsimg/gds/1050/804/804114_A1.jpg?v=20250903083619
2281,1071020,room_0006,fur_type0031,조이S 2 등교장 600,329000,https://image.hanssem.com/hsimg/gds/1050/1071/1071020_A1.jpg?v=20250106102136
2282,857506,room_0006,fur_type0028,샘 책장 3단 80cm 매거진수납형 시공 (컬러 택1),250900,https://image.hanssem.com/hsimg/gds/1050/857/857506_A1.jpg?v=20250519105112
2283,1077501,room_0006,fur_type0025,티오 일자책상 세트 (옵션 택1),267810,https://image.hanssem.com/hsimg/gds/1050/1077/1077501_A1.jpg?v=20250903083401
2284,973864,room_0006,fur_type0029,"티오 벙커침대 SS ㄱ자책상형 (토퍼별도, 컬러 택1)",1373900,https://image.hanssem.com/hsimg/gds/1050/973/973864_A1.jpg?v=20250221165414
2285,975161,room_0006,fur_type0026,윌링 책상의자(2종/택1),219900,https://image.hanssem.com/hsimg/gds/1050/975/975161_A1.jpg?v=20250612112301
2286,993618,room_0006,fur_type0025,아이디S 5단 일자책상set 1200 (온라인 전용),637000,https://image.hanssem.com/hsimg/gds/550/993/993618_A1.jpg?v=20241209181346
2287,993834,room_0006,fur_type0025,조이S 2 컴팩트 LITE매직데스크 set,649000,https://image.hanssem.com/hsimg/gds/1050/993/993834_A1.jpg?v=20250919140359
2288,882456,room_0006,fur_type0025,샘 책상 120cm 오픈수납형 시공 (화이트),179900,https://image.hanssem.com/hsimg/gds/1050/882/882456_A1.jpg?v=20240805101532
2289,898603,room_0006,fur_type0028,샘 어린이책장 2단 160cm DIY(컬러 택1),99900,https://image.hanssem.com/hsimg/gds/1050/898/898603_A1.jpg?v=20250519105112
2290,1060154,room_0006,fur_type0028,[특가~9/29]1+1 모로 3단 트롤리 화이트,35900,https://image.hanssem.com/hsimg/gds/550/1060/1060154_A1.jpg?v=20250915132053
2291,975191,room_0006,fur_type0026,다이브 책상의자(3종/택1),169900,https://image.hanssem.com/hsimg/gds/1050/975/975191_A1.jpg?v=20250121080816
2292,992436,room_0006,fur_type0025,아이디S 5단 일자책상set 1200,644000,https://image.hanssem.com/hsimg/gds/1050/992/992436_A1.jpg?v=20240903160151
2293,604585,room_0006,fur_type0025,샘 책상 120cm 책상서랍형 시공(컬러 택1),189900,https://image.hanssem.com/hsimg/gds/1050/604/604585_A1.jpg?v=20250121080817
2294,1071021,room_0006,fur_type0025,조이S 2 일자책상set 시리즈,559000,https://image.hanssem.com/hsimg/gds/1050/1071/1071021_A1.jpg?v=20250401140340
2295,337218,room_0006,fur_type0025,샘스마트 책상 확장수납장 (컬러 택1),90000,https://image.hanssem.com/hsimg/gds/1050/337/337218_A1.jpg?v=20250519105112
2296,992767,room_0006,fur_type0025,아이디S 단독 책상 1400,246000,https://image.hanssem.com/hsimg/gds/550/992/992767_A1.jpg?v=20241209181249
2297,539396,room_0006,fur_type0028,샘 어린이책장 3단 120cm DIY(컬러 택1),85900,https://image.hanssem.com/hsimg/gds/1050/539/539396_A1.jpg?v=20250519105112
2298,992873,room_0006,fur_type0025,플러스 모션 행잉PC홀더,102000,https://image.hanssem.com/hsimg/gds/1050/992/992873_A1.jpg?v=20250519105112
2299,898604,room_0006,fur_type0028,샘 어린이책장 2단 200cm DIY(컬러 택1),105900,https://image.hanssem.com/hsimg/gds/1050/898/898604_A1.jpg?v=20250519105112
2300,423525,room_0006,fur_type0028,샘 책장 5단 120cm X 2set 시공(컬러 택1),231800,https://image.hanssem.com/hsimg/gds/1050/423/423525_A1.jpg?v=20250829165608
2301,1064594,room_0006,fur_type0029,아임빅 수납침대 SS 조명헤드형 + 밸런스 매트리스(2종),764610,https://image.hanssem.com/hsimg/gds/1050/1064/1064594_A1.jpg?v=20250609154035
2302,774947,room_0006,fur_type0028,샘 와이드 책장 5단 120cm+샘 5단 80cm시공set,215800,https://image.hanssem.com/hsimg/gds/1050/774/774947_A1.jpg?v=20250902143636
2303,993621,room_0006,fur_type0025,아이디S 6단 단독책상set 1400 (온라인 전용),818000,https://image.hanssem.com/hsimg/gds/550/993/993621_A1.jpg?v=20241209182134
2304,993855,room_0006,fur_type0028,조이S 2 2단도어,69000,https://image.hanssem.com/hsimg/gds/1050/993/993855_A1.jpg?v=20241204170147
2305,973899,room_0006,fur_type0029,[55딜]티오 슬라이딩 딥 수납침대 SS 무헤드형+노뜨컴포트 매트,550000,https://image.hanssem.com/hsimg/gds/1050/973/973899_A1.jpg?v=20250221165415
2306,196922,room_0006,fur_type0028,모로 3단 트롤리 화이트,17900,https://image.hanssem.com/hsimg/gds/550/196/196922_A1.jpg?v=20250915132052
2307,810328,room_0006,fur_type0025,[특가~9/29]티오 각도조절 책상세트+시디즈 링고의자 DIY,591500,https://image.hanssem.com/hsimg/gds/1050/810/810328_A1.jpg?v=20250903085508
2308,1032597,room_0006,fur_type0026,누보 책상의자(2종/택1),597000,https://image.hanssem.com/hsimg/gds/1050/1032/1032597_A1.jpg?v=20250822112909
2309,802572,room_0006,fur_type0028,티오 플랩도어 80cm (컬러 택1),51900,https://image.hanssem.com/hsimg/gds/1050/802/802572_A1.jpg?v=20250625133528
2310,736183,room_0006,fur_type0028,샘파레트 책장 5단 120cm X 2set 시공 (컬러 택1),231800,https://image.hanssem.com/hsimg/gds/1050/736/736183_A1.jpg?v=20240805101533
2311,604570,room_0006,fur_type0025,샘 책상 120cm 일반형 DIY(컬러 택1),119900,https://image.hanssem.com/hsimg/gds/1050/604/604570_A1.jpg?v=20250514085303
2312,973879,room_0006,fur_type0029,티오 벙커침대 SS 옷장 트롤리형+토퍼,1483000,https://image.hanssem.com/hsimg/gds/1050/973/973879_A1.jpg?v=20250221165414
2313,1077504,room_0006,fur_type0025,티오 하부수납 단독 책상세트+ 시디즈 링고의자 DIY,580900,https://image.hanssem.com/hsimg/gds/1050/1077/1077504_A1.jpg?v=20250903084457
2314,882454,room_0006,fur_type0025,샘 책상 120cm 하부서랍형 시공 (화이트),219900,https://image.hanssem.com/hsimg/gds/1050/882/882454_A1.jpg?v=20240805101532
2315,1078665,room_0006,fur_type0025,"조이S 2 컨트롤 조명 (컨트롤러형, 컨트롤선반 전용)",189000,https://image.hanssem.com/hsimg/gds/1050/1078/1078665_A1.jpg?v=20250106102136
2316,857505,room_0006,fur_type0028,샘 책장 4단 80cm 매거진수납형 시공 (컬러 택1),257900,https://image.hanssem.com/hsimg/gds/1050/857/857505_A1.jpg?v=20240805101533
2317,993200,room_0006,fur_type0025,플렉스Z 일반책상 1200 D60,185000,https://image.hanssem.com/hsimg/gds/1050/993/993200_A1.jpg?v=20241129085525
2318,604583,room_0006,fur_type0025,샘 책상 120cm 일반형 시공(컬러 택1),129900,https://image.hanssem.com/hsimg/gds/1050/604/604583_A1.jpg?v=20250121080817
2319,993456,room_0006,fur_type0028,유닛 2단도어 600 책장용,67000,https://image.hanssem.com/hsimg/gds/1050/993/993456_A1.jpg?v=20250813135407
2320,1028838,room_0006,fur_type0025,티오 h형책상세트 (옵션 택1),238140,https://image.hanssem.com/hsimg/gds/1050/1028/1028838_A1.jpg?v=20250714102513
2321,604596,room_0006,fur_type0025,샘 전면책상세트 120cm 책상서랍형 시공(컬러 택1),364900,https://image.hanssem.com/hsimg/gds/1050/604/604596_A1.jpg?v=20240805101532
2322,1024709,room_0006,fur_type0026,블랑 체어/스툴 (4종/택1),32900,https://image.hanssem.com/hsimg/gds/550/1024/1024709_A1.jpg?v=20250915132053
2323,715241,room_0006,fur_type0025,[특가~9/29]티오 단독 책상세트+시디즈 링고의자 DIY,473600,https://image.hanssem.com/hsimg/gds/1050/715/715241_A1.jpg?v=20250912093121
2324,604594,room_0006,fur_type0025,샘 전면책상세트 120cm 일반형 시공(컬러 택1),304900,https://image.hanssem.com/hsimg/gds/1050/604/604594_A1.jpg?v=20240805101532
2325,976075,room_0006,fur_type0034,티오 수납침대(매트포함)+티오 각도조절책상+시디즈 링고의자 DIY,1438450,https://image.hanssem.com/hsimg/gds/1050/976/976075_A1.jpg?v=20250903135101
2326,973904,room_0006,fur_type0029,티오 그로우 슬라이딩 딥 수납침대 SS+가드+샘키즈 매트 (컬러 택1),857000,https://image.hanssem.com/hsimg/gds/1050/973/973904_A1.jpg?v=20250903135800
2327,1077505,room_0006,fur_type0025,티오 멀티 단독책상 세트 (옵션 택1),535350,https://image.hanssem.com/hsimg/gds/1050/1077/1077505_A1.jpg?v=20250903084735
2328,992434,room_0006,fur_type0025,아이디S 5단 단독책상set 1400,774000,https://image.hanssem.com/hsimg/gds/1050/992/992434_A1.jpg?v=20241209175605
2329,993856,room_0006,fur_type0028,조이S 2 화이트보드도어,100000,https://image.hanssem.com/hsimg/gds/1050/993/993856_A1.jpg?v=20241205093822
2330,37964,room_0006,fur_type0028,샘 책장 5단 120cm 시공 (컬러 택1),115900,https://image.hanssem.com/hsimg/gds/1050/37/37964_A1.jpg?v=20250829160658
2331,425873,room_0006,fur_type0026,허드 가죽 체어(3종/택1),45900,https://image.hanssem.com/hsimg/gds/1050/425/425873_A1.jpg?v=20250915132053
2332,1066289,room_0006,fur_type0031,[특가~9/29]샘베딩 퓨어 옷장세트 160cm (높이194cm) 서랍형,477750,https://image.hanssem.com/hsimg/gds/1050/1066/1066289_A1.jpg?v=20241205133138
2333,973863,room_0006,fur_type0029,"티오 벙커침대 SS 책상형 (토퍼별도, 컬러 택1)",1283900,https://image.hanssem.com/hsimg/gds/1050/973/973863_A1.jpg?v=20250221165414
2334,1077503,room_0006,fur_type0025,"티오 하부수납 단독책상 세트 (플랩도어,조명 포함)",578270,https://image.hanssem.com/hsimg/gds/1050/1077/1077503_A1.jpg?v=20250903084413
2335,862983,room_0006,fur_type0028,샘 책장 5단 80cm 모던형 시공 (컬러 택1),219900,https://image.hanssem.com/hsimg/gds/1050/862/862983_A1.jpg?v=20240805101533
2336,99691,room_0006,fur_type0028,샘 책장 4단 80cm 수납형 시공(컬러 택1),155900,https://image.hanssem.com/hsimg/gds/1050/99/99691_A1.jpg?v=20240805101533
2337,1083399,room_0006,fur_type0025,티오 멀티 일자 책상세트+ 시디즈 링고의자 DIY,655200,https://image.hanssem.com/hsimg/gds/1050/1083/1083399_A1.jpg?v=20250903084629
2338,1083400,room_0006,fur_type0025,티오 파티션일자 책상세트+ 시디즈 링고의자 DIY,567290,https://image.hanssem.com/hsimg/gds/1050/1083/1083400_A1.jpg?v=20250903084943
2339,992438,room_0006,fur_type0025,아이디S 5단 일자책상set 1400,724000,https://image.hanssem.com/hsimg/gds/1050/992/992438_A1.jpg?v=20241209175756
2340,1071025,room_0006,fur_type0028,조이S 2 책장 시리즈,140000,https://image.hanssem.com/hsimg/gds/1050/1071/1071025_A1.jpg?v=20241210111523
2341,993871,room_0006,fur_type0031,조이S 2  수납행거,194000,https://image.hanssem.com/hsimg/gds/1050/993/993871_A1.jpg?v=20250811085740
2342,992469,room_0006,fur_type0028,아이디S 6단 격자 책장 800,231000,https://image.hanssem.com/hsimg/gds/1050/992/992469_A1.jpg?v=20250811084537
2343,993463,room_0006,fur_type0028,유닛 모니터선반 900,99000,https://image.hanssem.com/hsimg/gds/1050/993/993463_A1.jpg?v=20250718152603
2344,1077511,room_0006,fur_type0033,티오 2단도어 40cm (컬러 택1),34000,https://image.hanssem.com/hsimg/gds/1050/1077/1077511_A1.jpg?v=20250519105112
2345,1064592,room_0006,fur_type0029,아임빅 수납침대SS 일반헤드형 + 밸런스 매트리스(2종),676830,https://image.hanssem.com/hsimg/gds/1050/1064/1064592_A1.jpg?v=20250609154035
2346,1028854,room_0006,fur_type0028,티오 격자책장 6단 80cm (옵션 택1),180000,https://image.hanssem.com/hsimg/gds/1050/1028/1028854_A1.jpg?v=20250903085920
2347,350375,room_0006,fur_type0026,모리 스마트 책상의자 DIY (6종/택1),209000,https://image.hanssem.com/hsimg/gds/1050/350/350375_A1.jpg?v=20240805101534
2348,795503,room_0006,fur_type0029,아임빅 수납침대 SS 조명헤드형 (매트별도),469000,https://image.hanssem.com/hsimg/gds/1050/795/795503_A1.jpg?v=20250623100241
2349,993466,room_0006,fur_type0028,유닛 파티션용 행잉 ACC set,101000,https://image.hanssem.com/hsimg/gds/1050/993/993466_A1.jpg?v=20250519105112
2350,992467,room_0006,fur_type0025,아이디S 책상장 ACC set,32000,https://image.hanssem.com/hsimg/gds/1050/992/992467_A1.jpg?v=20250519105112
2351,993872,room_0006,fur_type0031,조이S 2 4단 서랍장600,332000,https://image.hanssem.com/hsimg/gds/1050/993/993872_A1.jpg?v=20250519105112
2352,992402,room_0006,fur_type0026,조이 책상의자 고정형 (컬러 택1),299000,https://image.hanssem.com/hsimg/gds/550/992/992402_A1.jpg?v=20241105164428
2353,604592,room_0006,fur_type0025,샘 책상 120cm h형 시공(컬러 택1),189900,https://image.hanssem.com/hsimg/gds/1050/604/604592_A1.jpg?v=20250519105112
2354,973876,room_0006,fur_type0029,티오 벙커침대 SS 옷장형+토퍼,1413000,https://image.hanssem.com/hsimg/gds/1050/973/973876_A1.jpg?v=20250221165414
2355,39571,room_0006,fur_type0031,[특가~9/29]샘베딩 베이직 옷장세트 240cm(높이194cm) 행거형 4종,547700,https://image.hanssem.com/hsimg/gds/1050/39/39571_A1.jpg?v=20241205133431
2356,288043,room_0006,fur_type0026,조앤라이트 책상의자 발받침형(컬러 택1) DIY,189000,https://image.hanssem.com/hsimg/gds/1050/288/288043_A1.jpg?v=20240805101534
2357,539395,room_0006,fur_type0028,샘 어린이책장 3단 80cm DIY(컬러 택1),86900,https://image.hanssem.com/hsimg/gds/1050/539/539395_A1.jpg?v=20250519105112
2358,1077506,room_0006,fur_type0025,티오 멀티 일자책상 세트 (옵션 택1),518500,https://image.hanssem.com/hsimg/gds/1050/1077/1077506_A1.jpg?v=20250903084545
2359,976074,room_0006,fur_type0034,티오 수납침대(매트포함)+티오 일자책상+시디즈 링고의자 DIY,1285150,https://image.hanssem.com/hsimg/gds/1050/976/976074_A1.jpg?v=20250903134542
2360,993854,room_0006,fur_type0028,조이S 2 플랩 도어,60000,https://image.hanssem.com/hsimg/gds/1050/993/993854_A1.jpg?v=20241204152425
2361,802574,room_0006,fur_type0028,티오 2단도어 40cm 2개입 (컬러 택1),68000,https://image.hanssem.com/hsimg/gds/1050/802/802574_A1.jpg?v=20240805155500
2362,1071029,room_0006,fur_type0029,조이S 2 조명 침대 SS,479000,https://image.hanssem.com/hsimg/gds/1050/1071/1071029_A1.jpg?v=20250623134601
2363,607627,room_0006,fur_type0026,모리 컴포트 책상의자 발받침 DIY (모리 컴포트 전용),26000,https://image.hanssem.com/hsimg/gds/1050/607/607627_A1.jpg?v=20240805101534
2364,973895,room_0006,fur_type0025,티오 LED 클램프조명 (플렉스Z 공용),75000,https://image.hanssem.com/hsimg/gds/1050/973/973895_A1.jpg?v=20241206135829
2365,765136,room_0006,fur_type0028,샘와이드 책장 3단 120cm DIY(컬러 택1),89900,https://image.hanssem.com/hsimg/gds/1050/765/765136_A1.jpg?v=20250519105112
2366,1071022,room_0006,fur_type0025,조이S 2 LITE매직데스크set 시리즈,769000,https://image.hanssem.com/hsimg/gds/1050/1071/1071022_A1.jpg?v=20250919140300
2367,1020853,room_0006,fur_type0027,조앤 책상의자-커버(컬러 택1),54000,https://image.hanssem.com/hsimg/gds/1050/1020/1020853_A1.jpg?v=20250519105112
2368,992447,room_0006,fur_type0033,아이디S  등교장  614,293000,https://image.hanssem.com/hsimg/gds/1050/992/992447_A1.jpg?v=20250811090226
2369,973902,room_0006,fur_type0029,"[55딜]티오 그로우 슬라이딩 딥 수납침대 SS+가드 (매트별도, 컬러 택1)",550000,https://image.hanssem.com/hsimg/gds/1050/973/973902_A1.jpg?v=20250221165415
2370,857714,room_0006,fur_type0028,샘 책장 3단 120cm 매거진수납형 시공 (컬러 택1),336900,https://image.hanssem.com/hsimg/gds/1050/857/857714_A1.jpg?v=20250519105112
2371,862989,room_0006,fur_type0028,샘 책장 4단 80cm 서랍형 시공 (컬러 택1),163900,https://image.hanssem.com/hsimg/gds/1050/862/862989_A1.jpg?v=20240805101533
2372,101683,room_0006,fur_type0028,샘파레트 책장 5단 120cm 시공(컬러 택1),115900,https://image.hanssem.com/hsimg/gds/1050/101/101683_A1.jpg?v=20240813104233
2373,1085884,room_0006,fur_type0025,티오의자 DIY+티오 파티션 일자책상 세트,576020,https://image.hanssem.com/hsimg/gds/1050/1085/1085884_A1.jpg?v=20250903085020
2374,1077502,room_0006,fur_type0025,티오 각도조절책상 세트 (옵션 택1),419650,https://image.hanssem.com/hsimg/gds/1050/1077/1077502_A1.jpg?v=20250903085305
2375,774138,room_0006,fur_type0028,샘 와이드 책장 5단 120cm 시공 2set,231800,https://image.hanssem.com/hsimg/gds/1050/774/774138_A1.jpg?v=20250113113754
2376,667832,room_0006,fur_type0025,티오 책상장 LED 스터디 조명80cm,99900,https://image.hanssem.com/hsimg/gds/1050/667/667832_A1.jpg?v=20250519105112
2377,604590,room_0006,fur_type0033,샘 책상선반 120cm 시공(컬러 택1),109000,https://image.hanssem.com/hsimg/gds/1050/604/604590_A1.jpg?v=20250519105112
2378,1058230,room_0006,fur_type0028,블랭크 데스크콘솔 공간분리 패키지 (옵션 택1),554000,https://image.hanssem.com/hsimg/gds/1050/1058/1058230_A1.jpg?v=20250519105112
2379,993846,room_0006,fur_type0025,조이S 2 매직데스크패드 set,101000,https://image.hanssem.com/hsimg/gds/1050/993/993846_A1.jpg?v=20240906092207
2380,993839,room_0006,fur_type0032,조이S 2 3단 이동 서랍장,207000,https://image.hanssem.com/hsimg/gds/1050/993/993839_A1.jpg?v=20250519105112
2381,993845,room_0006,fur_type0025,조이S2 소서랍,14000,https://image.hanssem.com/hsimg/gds/1050/993/993845_A1.jpg?v=20240906094531
2382,993865,room_0006,fur_type0029,조이S 2 키즈수납침대 스텝 스툴,132000,https://image.hanssem.com/hsimg/gds/1050/993/993865_A1.jpg?v=20240905162435
2383,1058226,room_0006,fur_type0028,블랭크 멀티선반 공간분리 패키지 (옵션 택1),593000,https://image.hanssem.com/hsimg/gds/1050/1058/1058226_A1.jpg?v=20250519105112
2384,993452,room_0006,fur_type0028,유닛 특수장 600 콘센트도어포함,420000,https://image.hanssem.com/hsimg/gds/1050/993/993452_A1.jpg?v=20250519105112
2385,857491,room_0006,fur_type0028,샘 책장 2단 120cm 수납형 시공 (컬러 택1),185900,https://image.hanssem.com/hsimg/gds/1050/857/857491_A1.jpg?v=20250519105112
2386,882452,room_0006,fur_type0025,샘 책상 150cm 하부서랍형 시공 (화이트),239900,https://image.hanssem.com/hsimg/gds/1050/882/882452_A1.jpg?v=20240805101532
2387,1118428,room_0006,fur_type0028,(소진완료) 샘 어린이책장 3단 120cm 시공(크림화이트),123000,https://image.hanssem.com/hsimg/gds/1050/1118/1118428_A1.jpg?v=20250923081756
2388,1046148,room_0006,fur_type0026,시디즈 링고의자 DIY (발받침 포함),189000,https://image.hanssem.com/hsimg/gds/1050/1046/1046148_A1.jpg?v=20240702133623
2389,882451,room_0006,fur_type0025,샘 책상 150cm 일반형 시공 (화이트),159900,https://image.hanssem.com/hsimg/gds/1050/882/882451_A1.jpg?v=20250113113754
2390,1059744,room_0006,fur_type0030,마카롱 철제 3단 서랍장,57600,https://image.hanssem.com/hsimg/gds/1050/1059/1059744_A1.jpg?v=20241211104846
2391,1112267,room_0006,fur_type0030,[특가~9/29]뉴 재크 철제 서랍장 화이트(2종 택1),59900,https://image.hanssem.com/hsimg/gds/1050/1112/1112267_A1.jpg?v=20250915132054
2392,1071030,room_0006,fur_type0029,조이S 2 멀티침대 SS,599000,https://image.hanssem.com/hsimg/gds/1050/1071/1071030_A1.jpg?v=20250623134524
2393,802575,room_0006,fur_type0028,티오 2단도어 60cm (컬러 택1),45000,https://image.hanssem.com/hsimg/gds/1050/802/802575_A1.jpg?v=20240805155500
2394,756888,room_0006,fur_type0028,재크플러스 철제 무빙 트롤리 (3종/택1),35900,https://image.hanssem.com/hsimg/gds/1050/756/756888_A1.jpg?v=20250915132052
2395,604574,room_0006,fur_type0025,샘 책상 150cm 일반형 DIY(컬러 택1),139900,https://image.hanssem.com/hsimg/gds/1050/604/604574_A1.jpg?v=20250514103023
2396,337210,room_0006,fur_type0025,샘스마트 책상 112.5cm 오픈형 (컬러 택1),209900,https://image.hanssem.com/hsimg/gds/1050/337/337210_A1.jpg?v=20250519105112
2397,993619,room_0006,fur_type0025,아이디S 6단 일자책상set 1200 (온라인 전용),699000,https://image.hanssem.com/hsimg/gds/550/993/993619_A1.jpg?v=20241209181611
2398,857498,room_0006,fur_type0028,샘 책장 2단 120cm 매거진랙형 시공 (컬러 택1),242900,https://image.hanssem.com/hsimg/gds/1050/857/857498_A1.jpg?v=20250519105112
2399,604575,room_0006,fur_type0025,샘 책상 150cm 하부서랍형 DIY(컬러 택1),219900,https://image.hanssem.com/hsimg/gds/1050/604/604575_A1.jpg?v=20250514103315
2400,288042,room_0006,fur_type0026,조앤라이트 책상의자 패브릭/발받침형(컬러 택1) DIY,209000,https://image.hanssem.com/hsimg/gds/1050/288/288042_A1.jpg?v=20241216114346
2401,667815,room_0006,fur_type0025,티오 일반책상 120cm (컬러 택1),125900,https://image.hanssem.com/hsimg/gds/1050/667/667815_A1.jpg?v=20250903082642
2402,604577,room_0006,fur_type0033,샘 책상선반 120cm DIY(컬러 택1),99000,https://image.hanssem.com/hsimg/gds/1050/604/604577_A1.jpg?v=20250519105112
2403,993235,room_0006,fur_type0030,플렉스Z 3단 높은 서랍장,294000,https://image.hanssem.com/hsimg/gds/1050/993/993235_A1.jpg?v=20250806134740
2404,993202,room_0006,fur_type0025,플렉스Z 일반책상 1600 D60,248000,https://image.hanssem.com/hsimg/gds/1050/993/993202_A1.jpg?v=20241129085753
2405,1058203,room_0007,fur_type0035,블랭크 수납장 (옵션 택1),135150,https://image.hanssem.com/hsimg/gds/1050/1058/1058203_A1.jpg?v=20250401175215
2406,993474,room_0007,fur_type0036,유닛 h형 책상 세트 1400,1159000,https://image.hanssem.com/hsimg/gds/1050/993/993474_A1.jpg?v=20250808110621
2407,993230,room_0007,fur_type0035,플렉스Z  슬라이딩 옷장 선반형,951000,https://image.hanssem.com/hsimg/gds/1050/993/993230_A1.jpg?v=20250519105112
2408,993113,room_0007,fur_type0035,유로 501 플랫 서재 갤러리장 918,283000,https://image.hanssem.com/hsimg/gds/1050/993/993113_A1.jpg?v=20240723151116
2409,1112413,room_0007,fur_type0037,데오 책상의자 DIY (2종/택1),149900,https://image.hanssem.com/hsimg/gds/1050/1112/1112413_A1.jpg?v=20250922150202
2410,1072080,room_0007,fur_type0037,노바 책상의자 DIY,135900,https://image.hanssem.com/hsimg/gds/1050/1072/1072080_A1.jpg?v=20250407180425
2411,993201,room_0007,fur_type0036,플렉스Z 일반책상 1400 D60,206000,https://image.hanssem.com/hsimg/gds/1050/993/993201_A1.jpg?v=20241129090653
2412,1024709,room_0007,fur_type0037,블랑 체어/스툴 (4종/택1),32900,https://image.hanssem.com/hsimg/gds/550/1024/1024709_A1.jpg?v=20250915132053
2413,993217,room_0007,fur_type0035,플렉스Z 플랩 도어 600,49000,https://image.hanssem.com/hsimg/gds/1050/993/993217_A1.jpg?v=20241129092505
2414,893140,room_0007,fur_type0035,플롯 선반 60x20cm (컬러 택1),36000,https://image.hanssem.com/hsimg/gds/1050/893/893140_A1.jpg?v=20240805101537
2415,884340,room_0007,fur_type0035,플롯 책장 2단 80x40cm (옵션 택1),146080,https://image.hanssem.com/hsimg/gds/1050/884/884340_A1.jpg?v=20240805101536
2416,637676,room_0007,fur_type0037,아망 체어 (3종/택1),55900,https://image.hanssem.com/hsimg/gds/550/637/637676_A1.jpg?v=20250915132053
2417,993224,room_0007,fur_type0036,플렉스Z  스크린 파티션 1200,103000,https://image.hanssem.com/hsimg/gds/1050/993/993224_A1.jpg?v=20241129095049
2418,992441,room_0007,fur_type0035,아이디S 6단 수납1단 책장 600,268000,https://image.hanssem.com/hsimg/gds/1050/992/992441_A1.jpg?v=20250806140144
2419,892992,room_0007,fur_type0035,플롯 책장 단독형 3단 60x40cm (옵션 택1),224400,https://image.hanssem.com/hsimg/gds/1050/892/892992_A1.jpg?v=20240805101536
2420,884224,room_0007,fur_type0036,플롯 컴퓨터 책상 140x70cm (옵션 택1),218250,https://image.hanssem.com/hsimg/gds/1050/884/884224_A1.jpg?v=20250113113754
2421,993458,room_0007,fur_type0035,유닛 2단 도어 700 하부장용,76000,https://image.hanssem.com/hsimg/gds/1050/993/993458_A1.jpg?v=20250718153106
2422,992508,room_0007,fur_type0035,바흐 701 하부가림판 1800,76000,https://image.hanssem.com/hsimg/gds/1050/992/992508_A1.jpg?v=20240725134517
2423,993107,room_0007,fur_type0035,유로 501 플랫 서재 3단 장식책장 1000,285000,https://image.hanssem.com/hsimg/gds/1050/993/993107_A1.jpg?v=20240723143834
2424,993117,room_0007,fur_type0035,유로 501 플랫 서재 2단 루바도어 600,144000,https://image.hanssem.com/hsimg/gds/1050/993/993117_A1.jpg?v=20240723151339
2425,893087,room_0007,fur_type0035,플롯 책장세트 5단 160x40cm (옵션 택1),658320,https://image.hanssem.com/hsimg/gds/1050/893/893087_A1.jpg?v=20250911105629
2426,884226,room_0007,fur_type0036,플롯 테이블 160x70cm (옵션 택1),230420,https://image.hanssem.com/hsimg/gds/1050/884/884226_A1.jpg?v=20240805101535
2427,993299,room_0007,fur_type0036,플렉스Z 컴퓨터책상1400 D80+스크린파티션,364000,https://image.hanssem.com/hsimg/gds/1050/993/993299_A1.jpg?v=20241129094122
2428,993445,room_0007,fur_type0035,유닛 사이드 하부책장 700 (D40),168000,https://image.hanssem.com/hsimg/gds/1050/993/993445_A1.jpg?v=20250808112111
2429,892995,room_0007,fur_type0035,플롯 책장 연결형 3단 60x40cm (옵션 택1),209950,https://image.hanssem.com/hsimg/gds/1050/892/892995_A1.jpg?v=20250916144846
2430,992988,room_0007,fur_type0035,바흐 701 서재 6단 유리도어 600,280000,https://image.hanssem.com/hsimg/gds/1050/992/992988_A1.jpg?v=20240725135211
2431,993460,room_0007,fur_type0035,유닛 3단도어 600 책장용,73000,https://image.hanssem.com/hsimg/gds/1050/993/993460_A1.jpg?v=20250813135132
2432,892990,room_0007,fur_type0035,플롯 책장 연결형 5단 60x40cm (옵션 택1),297360,https://image.hanssem.com/hsimg/gds/1050/892/892990_A1.jpg?v=20250911105011
2433,993213,room_0007,fur_type0035,플렉스Z 6단 격자 책장 800,225000,https://image.hanssem.com/hsimg/gds/1050/993/993213_A1.jpg?v=20241129085430
2434,884341,room_0007,fur_type0035,플롯 서랍장 3단 60x40cm (컬러 택1),184860,https://image.hanssem.com/hsimg/gds/1050/884/884341_A1.jpg?v=20240805101537
2435,993334,room_0007,fur_type0035,플렉스Z 6단 일반책장 120cm SET,314000,https://image.hanssem.com/hsimg/gds/1050/993/993334_A1.jpg?v=20241129091442
2436,993461,room_0007,fur_type0035,유닛 하부 플랩 도어 600 책장용,63000,https://image.hanssem.com/hsimg/gds/1050/993/993461_A1.jpg?v=20250813135540
2437,993692,room_0007,fur_type0037,조앤 책상의자-집중형(컬러 택1),224000,https://image.hanssem.com/hsimg/gds/1050/993/993692_A1.jpg?v=20240702132900
2438,993237,room_0007,fur_type0035,플렉스Z 4단서랍장 800,471000,https://image.hanssem.com/hsimg/gds/1050/993/993237_A1.jpg?v=20250519105112
2439,1113115,room_0007,fur_type0035,(아울렛) 플렉스Z 3단 일반 책장 600,64000,https://image.hanssem.com/hsimg/gds/550/1113/1113115_A1.jpg?v=20250922151404
2440,993307,room_0007,fur_type0036,플렉스Z 일반책상1400 D60+독서실형파티션,439000,https://image.hanssem.com/hsimg/gds/1050/993/993307_A1.jpg?v=20241128093658
2441,110964,room_0007,fur_type0035,샘 책장 3단 80cm 수납형 시공 (컬러 택1),146900,https://image.hanssem.com/hsimg/gds/1050/110/110964_A1.jpg?v=20250519105112
2442,425873,room_0007,fur_type0037,허드 가죽 체어(3종/택1),45900,https://image.hanssem.com/hsimg/gds/1050/425/425873_A1.jpg?v=20250915132053
2443,1058220,room_0007,fur_type0035,블랭크 책장용 유리도어 (옵션 택1),131000,https://image.hanssem.com/hsimg/gds/1050/1058/1058220_A1.jpg?v=20240818213541
2444,993108,room_0007,fur_type0035,유로 501 플랫 서재 5단 장식책장 1000,353000,https://image.hanssem.com/hsimg/gds/1050/993/993108_A1.jpg?v=20240723143534
2445,993202,room_0007,fur_type0036,플렉스Z 일반책상 1600 D60,248000,https://image.hanssem.com/hsimg/gds/1050/993/993202_A1.jpg?v=20241129085753
2446,993216,room_0007,fur_type0035,플렉스Z 2단 도어 600,60000,https://image.hanssem.com/hsimg/gds/550/993/993216_A1.jpg?v=20241129090345
2447,99700,room_0007,fur_type0035,샘 컬러도어 2단 40cm 시공(컬러 택1),30000,https://image.hanssem.com/hsimg/gds/1050/99/99700_A1.jpg?v=20250519105112
2448,337212,room_0007,fur_type0038,샘스마트 책상+확장수납장 (컬러 택1),309900,https://image.hanssem.com/hsimg/gds/1050/337/337212_A1.jpg?v=20250519105112
2449,271428,room_0007,fur_type0036,홀리라이트 책상 160cm (컬러 택1),189900,https://image.hanssem.com/hsimg/gds/1050/271/271428_A1.jpg?v=20250121080817
2450,884222,room_0007,fur_type0036,플롯 책상 140x60cm (옵션 택1),166050,https://image.hanssem.com/hsimg/gds/1050/884/884222_A1.jpg?v=20240805101535
2451,893142,room_0007,fur_type0035,플롯 선반 60x30cm (컬러 택1),38000,https://image.hanssem.com/hsimg/gds/1050/893/893142_A1.jpg?v=20240805101537
2452,993470,room_0007,fur_type0036,유닛 책상 1600 D70 하부PC장형,580000,https://image.hanssem.com/hsimg/gds/1050/993/993470_A1.jpg?v=20250718154559
2453,993203,room_0007,fur_type0036,플렉스Z 컴퓨터책상 1200 D80,223000,https://image.hanssem.com/hsimg/gds/1050/993/993203_A1.jpg?v=20250213130738
2454,893002,room_0007,fur_type0035,플롯 책장 프레임연결형 5단 60x40cm (옵션 택1),206640,https://image.hanssem.com/hsimg/gds/1050/893/893002_A1.jpg?v=20250911105220
2455,993241,room_0007,fur_type0035,플렉스Z 책장용 타공판 + ACC set,69000,https://image.hanssem.com/hsimg/gds/1050/993/993241_A1.jpg?v=20241129095603
2456,993454,room_0007,fur_type0035,유닛 1단 도어 350 하부장용,52000,https://image.hanssem.com/hsimg/gds/1050/993/993454_A1.jpg?v=20250813143936
2457,993106,room_0007,fur_type0035,유로 501 플랫 서재 2단 장식책장 1000,253000,https://image.hanssem.com/hsimg/gds/1050/993/993106_A1.jpg?v=20240723150950
2458,993475,room_0007,fur_type0036,유닛 h형 책상 세트 1600,1177000,https://image.hanssem.com/hsimg/gds/1050/993/993475_A1.jpg?v=20250813114207
2459,993111,room_0007,fur_type0035,유로 501 플랫 서재 1단 매거진랙 450,212000,https://image.hanssem.com/hsimg/gds/1050/993/993111_A1.jpg?v=20240723155322
2460,992514,room_0007,fur_type0035,바흐 701 콘솔장 960,684000,https://image.hanssem.com/hsimg/gds/1050/992/992514_A1.jpg?v=20240725135932
2461,993442,room_0007,fur_type0035,유닛 사이드 하부책장 350 (D40),115000,https://image.hanssem.com/hsimg/gds/1050/993/993442_A1.jpg?v=20250519105112
2462,993116,room_0007,fur_type0035,유로 501 플랫 서재 1단 루바도어 800,126000,https://image.hanssem.com/hsimg/gds/1050/993/993116_A1.jpg?v=20240723153158
2463,993204,room_0007,fur_type0036,플렉스Z 컴퓨터책상 1400 D80,244000,https://image.hanssem.com/hsimg/gds/1050/993/993204_A1.jpg?v=20241128112407
2464,993541,room_0007,fur_type0035,코티 인서트 수납 ACC 800,125000,https://image.hanssem.com/hsimg/gds/550/993/993541_A1.jpg?v=20250519105112
2465,993114,room_0007,fur_type0038,유로 501 플랫 서재 서랍장 400,242000,https://image.hanssem.com/hsimg/gds/1050/993/993114_A1.jpg?v=20250519105112
2466,1058199,room_0007,fur_type0036,블랭크 베이직데스크 D60cm (옵션 택1),185000,https://image.hanssem.com/hsimg/gds/1050/1058/1058199_A1.jpg?v=20241128094753
2467,993303,room_0007,fur_type0036,플렉스Z 컴퓨터책상1400 D80+측면파티션,335000,https://image.hanssem.com/hsimg/gds/1050/993/993303_A1.jpg?v=20241129094718
2468,893003,room_0007,fur_type0035,플롯 오픈 책장 프레임연결형 5단 80x40cm (컬러 택1),241900,https://image.hanssem.com/hsimg/gds/1050/893/893003_A1.jpg?v=20250911104819
2469,992576,room_0007,fur_type0035,아이디S 5단 일반 책장 600,185000,https://image.hanssem.com/hsimg/gds/1050/992/992576_A1.jpg?v=20250813144754
2470,37957,room_0007,fur_type0035,샘 어린이책장 2단 120cm 시공(컬러 택1),89900,https://image.hanssem.com/hsimg/gds/1050/37/37957_A1.jpg?v=20250519105112
2471,992510,room_0007,fur_type0035,바흐 701 2단장식박스 600,188000,https://image.hanssem.com/hsimg/gds/1050/992/992510_A1.jpg?v=20250117145741
2472,992517,room_0007,fur_type0036,바흐 701 수납확장형책상 1800,1872000,https://image.hanssem.com/hsimg/gds/1050/992/992517_A1.jpg?v=20240723114845
2473,993228,room_0007,fur_type0036,플렉스Z  전면 파티션 1400,148000,https://image.hanssem.com/hsimg/gds/1050/993/993228_A1.jpg?v=20241128093003
2474,993239,room_0007,fur_type0038,플렉스Z 모니터선반 900,78000,https://image.hanssem.com/hsimg/gds/1050/993/993239_A1.jpg?v=20250519105112
2475,992987,room_0007,fur_type0035,바흐 701 서재 6단 유리도어 400,223000,https://image.hanssem.com/hsimg/gds/1050/992/992987_A1.jpg?v=20240725135303
2476,893001,room_0007,fur_type0035,플롯 오픈 책장 프레임단독형 5단 80x40cm (컬러 택1),264860,https://image.hanssem.com/hsimg/gds/1050/893/893001_A1.jpg?v=20250911103950
2477,992469,room_0007,fur_type0035,아이디S 6단 격자 책장 800,231000,https://image.hanssem.com/hsimg/gds/1050/992/992469_A1.jpg?v=20250811084537
2478,993226,room_0007,fur_type0036,플렉스Z  스크린 파티션 1600,131000,https://image.hanssem.com/hsimg/gds/1050/993/993226_A1.jpg?v=20241128093237
2479,1072472,room_0007,fur_type0037,뮤 홈리빙의자 DIY,115900,https://image.hanssem.com/hsimg/gds/1050/1072/1072472_A1.jpg?v=20250121080817
2480,423527,room_0007,fur_type0035,샘 어린이책장 3단 120cm X 2set 시공(컬러 택1),199800,https://image.hanssem.com/hsimg/gds/1050/423/423527_A1.jpg?v=20250519105112
2481,993468,room_0007,fur_type0036,유닛 책상 1600 D70 하부책장형,598000,https://image.hanssem.com/hsimg/gds/1050/993/993468_A1.jpg?v=20250808110918
2482,993298,room_0007,fur_type0036,플렉스Z 컴퓨터책상1200 D80+스크린파티션,326000,https://image.hanssem.com/hsimg/gds/1050/993/993298_A1.jpg?v=20241129094010
2483,992512,room_0007,fur_type0035,바흐 701 6단 일반책장 600,377000,https://image.hanssem.com/hsimg/gds/1050/992/992512_A1.jpg?v=20250117145442
2484,993302,room_0007,fur_type0036,플렉스Z 컴퓨터책상1200 D80+측면파티션,314000,https://image.hanssem.com/hsimg/gds/1050/993/993302_A1.jpg?v=20241128093458
2485,993463,room_0007,fur_type0036,유닛 모니터선반 900,99000,https://image.hanssem.com/hsimg/gds/1050/993/993463_A1.jpg?v=20250718152603
2486,993450,room_0007,fur_type0035,유닛 콘솔장1200,452000,https://image.hanssem.com/hsimg/gds/1050/993/993450_A1.jpg?v=20250813144404
2487,993443,room_0007,fur_type0035,유닛 사이드 PC 하부장 700 (D40),153000,https://image.hanssem.com/hsimg/gds/1050/993/993443_A1.jpg?v=20250808112626
2488,857490,room_0007,fur_type0035,샘 책장 3단 120cm 수납형 시공 (컬러 택1),189900,https://image.hanssem.com/hsimg/gds/1050/857/857490_A1.jpg?v=20250519105112
2489,1032598,room_0007,fur_type0037,웨이브 책상의자 (2종/택1),397000,https://image.hanssem.com/hsimg/gds/1050/1032/1032598_A1.jpg?v=20250519105112
2490,1058212,room_0007,fur_type0036,블랭크 파티션 (옵션 택1),85000,https://image.hanssem.com/hsimg/gds/1050/1058/1058212_A1.jpg?v=20241128100220
2491,37960,room_0007,fur_type0035,샘 어린이책장 3단 120cm 시공(컬러 택1),99900,https://image.hanssem.com/hsimg/gds/1050/37/37960_A1.jpg?v=20250519105112
2492,993109,room_0007,fur_type0035,유로 501 플랫 서재 카페장 600,319000,https://image.hanssem.com/hsimg/gds/1050/993/993109_A1.jpg?v=20240723144522
2493,993682,room_0007,fur_type0037,K60 책상의자 (옵션 택1),457000,https://image.hanssem.com/hsimg/gds/1050/993/993682_A1.jpg?v=20250519105112
2494,993446,room_0007,fur_type0036,유닛 일반 책상 1200 D60,249000,https://image.hanssem.com/hsimg/gds/1050/993/993446_A1.jpg?v=20250718155918
2495,893143,room_0007,fur_type0035,플롯 선반 80x20cm (컬러 택1),40000,https://image.hanssem.com/hsimg/gds/1050/893/893143_A1.jpg?v=20240805101537
2496,993158,room_0007,fur_type0035,유로 501 플랫 하부장 600,223000,https://image.hanssem.com/hsimg/gds/550/993/993158_A1.jpg?v=20240709083140
2497,893146,room_0007,fur_type0035,플롯 타공판용 행거프레임 30cm+S자고리 5개입 (알레 공용),20000,https://image.hanssem.com/hsimg/gds/1050/893/893146_A1.jpg?v=20250103152322
2498,992509,room_0007,fur_type0035,바흐 701 2단도어 600,117000,https://image.hanssem.com/hsimg/gds/1050/992/992509_A1.jpg?v=20250117145555
2499,1032599,room_0007,fur_type0037,알로 책상의자,239000,https://image.hanssem.com/hsimg/gds/1050/1032/1032599_A1.jpg?v=20250922105759
2500,993441,room_0007,fur_type0036,유닛 책상 1200 D70 하부책장형,533000,https://image.hanssem.com/hsimg/gds/1050/993/993441_A1.jpg?v=20250813144540
2501,993457,room_0007,fur_type0035,유닛 2단 도어 350 하부장용,59000,https://image.hanssem.com/hsimg/gds/1050/993/993457_A1.jpg?v=20250808112838
2502,1058204,room_0007,fur_type0035,블랭크 6단 책장 (옵션 택1),152000,https://image.hanssem.com/hsimg/gds/1050/1058/1058204_A1.jpg?v=20241128094252
2503,993453,room_0007,fur_type0035,유닛 1단도어 300 책장용,51000,https://image.hanssem.com/hsimg/gds/1050/993/993453_A1.jpg?v=20250808113551
2504,992513,room_0007,fur_type0036,바흐 701 다용도PKG책상 1200,684000,https://image.hanssem.com/hsimg/gds/1050/992/992513_A1.jpg?v=20240725134235
2505,350375,room_0007,fur_type0037,모리 스마트 책상의자 DIY (6종/택1),209000,https://image.hanssem.com/hsimg/gds/1050/350/350375_A1.jpg?v=20240805101534
2506,993103,room_0007,fur_type0035,유로 501 플랫 서재 2단 책장 800,201000,https://image.hanssem.com/hsimg/gds/1050/993/993103_A1.jpg?v=20240723160432
2507,862990,room_0007,fur_type0035,샘 책장 3단 80cm 서랍형 시공 (컬러 택1),156900,https://image.hanssem.com/hsimg/gds/1050/862/862990_A1.jpg?v=20250519105112
2508,884221,room_0007,fur_type0036,플롯 책상 120x60cm(옵션 택1),119250,https://image.hanssem.com/hsimg/gds/1050/884/884221_A1.jpg?v=20240805101535
2509,992706,room_0007,fur_type0036,플러스 모션데스크 1400 선반형 120,1157000,https://image.hanssem.com/hsimg/gds/1050/992/992706_A1.jpg?v=20250414145201
2510,893120,room_0007,fur_type0036,플롯 h형 책상세트 5단 120x60cm (옵션 택1),375760,https://image.hanssem.com/hsimg/gds/1050/893/893120_A1.jpg?v=20250113113754
2511,993449,room_0007,fur_type0035,유닛 6단책장 900,296000,https://image.hanssem.com/hsimg/gds/1050/993/993449_A1.jpg?v=20250808110812
2512,993104,room_0007,fur_type0035,유로 501 플랫 서재 3단 책장 800,224000,https://image.hanssem.com/hsimg/gds/1050/993/993104_A1.jpg?v=20240723151455
2513,993112,room_0007,fur_type0035,유로 501 플랫 서재 4단 매거진랙 600,232000,https://image.hanssem.com/hsimg/gds/1050/993/993112_A1.jpg?v=20240723153655
2514,1028867,room_0007,fur_type0036,티오 2단도어 70cm (컬러 택1),49400,https://image.hanssem.com/hsimg/gds/1050/1028/1028867_A1.jpg?v=20240805155500
2515,993167,room_0007,fur_type0035,유로 501 플랫 서재 2단 유리도어 800,216000,https://image.hanssem.com/hsimg/gds/1050/993/993167_A1.jpg?v=20240723161116
2516,1023568,room_0007,fur_type0037,라탄체어/스툴,16900,https://image.hanssem.com/hsimg/gds/550/1023/1023568_A1.jpg?v=20250915132052
2517,993210,room_0007,fur_type0035,플렉스Z 3단 일반 책장 600,120000,https://image.hanssem.com/hsimg/gds/1050/993/993210_A1.jpg?v=20241129091816
2518,1046153,room_0007,fur_type0037,시디즈 T20의자 DIY,214000,https://image.hanssem.com/hsimg/gds/1050/1046/1046153_A1.jpg?v=20250519105112
2519,892994,room_0007,fur_type0035,플롯 책장 단독형 3단 80x40cm (옵션 택1),260620,https://image.hanssem.com/hsimg/gds/1050/892/892994_A1.jpg?v=20240805101536
2520,884342,room_0007,fur_type0035,플롯 서랍장 1단 60x40cm (컬러 택1),119280,https://image.hanssem.com/hsimg/gds/1050/884/884342_A1.jpg?v=20240805101537
2521,993338,room_0007,fur_type0035,플렉스Z 6단 격자책장 240cm SET,675000,https://image.hanssem.com/hsimg/gds/1050/993/993338_A1.jpg?v=20241129094848
2522,993296,room_0007,fur_type0036,플렉스Z 일반책상1200 D60+스크린파티션,288000,https://image.hanssem.com/hsimg/gds/1050/993/993296_A1.jpg?v=20241129093835
2523,892998,room_0007,fur_type0035,플롯 책장 연결형 3단 80x40cm (옵션 택1),245680,https://image.hanssem.com/hsimg/gds/1050/892/892998_A1.jpg?v=20240805101535
2524,895012,room_0007,fur_type0035,플롯 자석 월포켓 3P세트 (알레 공용),35000,https://image.hanssem.com/hsimg/gds/1050/895/895012_A1.jpg?v=20250103152323
2525,993466,room_0007,fur_type0035,유닛 파티션용 행잉 ACC set,101000,https://image.hanssem.com/hsimg/gds/1050/993/993466_A1.jpg?v=20250519105112
2526,1046150,room_0007,fur_type0037,시디즈 T50 의자,359000,https://image.hanssem.com/hsimg/gds/1050/1046/1046150_A1.jpg?v=20250901101831
2527,1112420,room_0007,fur_type0037,비스포크 핏 책상의자 (2종/택1),311000,https://image.hanssem.com/hsimg/gds/1050/1112/1112420_A1.jpg?v=20250922150250
2528,993118,room_0007,fur_type0035,유로 501 플랫 서재 2단 루바도어 800,160000,https://image.hanssem.com/hsimg/gds/1050/993/993118_A1.jpg?v=20240723160545
2529,993471,room_0007,fur_type0036,유닛 일반 책상 1200 D70,309000,https://image.hanssem.com/hsimg/gds/1050/993/993471_A1.jpg?v=20250519105112
2530,993440,room_0007,fur_type0036,유닛 책상 1200 D70 하부PC장형,515000,https://image.hanssem.com/hsimg/gds/1050/993/993440_A1.jpg?v=20250718153845
2531,1059747,room_0007,fur_type0035,마카롱 철제 5단 서랍장(크림화이트),75400,https://image.hanssem.com/hsimg/gds/1050/1059/1059747_A1.jpg?v=20250418150133
2532,993565,room_0007,fur_type0035,유닛 하부 플랩 도어 900 책장용,74000,https://image.hanssem.com/hsimg/gds/1050/993/993565_A1.jpg?v=20250808113151
2533,1112273,room_0007,fur_type0035,[특가~9/29]재크 히든 수납 트롤리(2종/택1),69900,https://image.hanssem.com/hsimg/gds/1050/1112/1112273_A1.jpg?v=20250915132054
2534,993306,room_0007,fur_type0036,플렉스Z 일반책상1200 D60+독서실형파티션,378000,https://image.hanssem.com/hsimg/gds/1050/993/993306_A1.jpg?v=20241129095802
2535,992986,room_0007,fur_type0035,바흐 701 서재 선반장 400,501000,https://image.hanssem.com/hsimg/gds/1050/992/992986_A1.jpg?v=20250117150310
2536,993455,room_0007,fur_type0035,유닛 2단도어 300 책장용,58000,https://image.hanssem.com/hsimg/gds/1050/993/993455_A1.jpg?v=20250813134605
2537,992976,room_0007,fur_type0035,바흐 701 서재 멀티장 1000,921000,https://image.hanssem.com/hsimg/gds/1050/992/992976_A1.jpg?v=20240725140438
2538,992468,room_0007,fur_type0035,아이디S 5단 격자 책장 800,226000,https://image.hanssem.com/hsimg/gds/1050/992/992468_A1.jpg?v=20250813150505
2539,893089,room_0007,fur_type0035,플롯 책장세트 3단 120x40cm (옵션 택1),434350,https://image.hanssem.com/hsimg/gds/1050/893/893089_A1.jpg?v=20240805101535
2540,993244,room_0007,fur_type0036,플렉스Z 파티션 트레이,31000,https://image.hanssem.com/hsimg/gds/1050/993/993244_A1.jpg?v=20241129092342
2541,884227,room_0007,fur_type0036,플롯 원형 테이블 70cm (컬러 택1),138000,https://image.hanssem.com/hsimg/gds/1050/884/884227_A1.jpg?v=20240805101535
2542,893144,room_0007,fur_type0035,플롯 선반 80x30cm (컬러 택1),42000,https://image.hanssem.com/hsimg/gds/1050/893/893144_A1.jpg?v=20240805101537
2543,992515,room_0007,fur_type0035,바흐 701 6단 장식책장 1200,1263000,https://image.hanssem.com/hsimg/gds/1050/992/992515_A1.jpg?v=20250117145301
2544,993212,room_0007,fur_type0035,플렉스Z 6단 일반 책장 600,157000,https://image.hanssem.com/hsimg/gds/1050/993/993212_A1.jpg?v=20241129090058
2545,993099,room_0007,fur_type0036,유로 501 플랫 테이블 1800,383000,https://image.hanssem.com/hsimg/gds/550/993/993099_A1.jpg?v=20240226154832
2546,993227,room_0007,fur_type0036,플렉스Z  전면 파티션 1200,108000,https://image.hanssem.com/hsimg/gds/1050/993/993227_A1.jpg?v=20241128092344
2547,993308,room_0007,fur_type0036,플렉스Z 컴퓨터책상1200 D80+독서실형파티션,422000,https://image.hanssem.com/hsimg/gds/1050/993/993308_A1.jpg?v=20241129100919
2548,993115,room_0007,fur_type0035,유로 501 플랫 서재 1단 루바도어 600,116000,https://image.hanssem.com/hsimg/gds/1050/993/993115_A1.jpg?v=20240723155927
2549,765135,room_0007,fur_type0035,샘와이드 책장 3단 120cm 시공(컬러 택1),99900,https://image.hanssem.com/hsimg/gds/1050/765/765135_A1.jpg?v=20250519105112
2550,993448,room_0007,fur_type0035,유닛 6단책장 600,195000,https://image.hanssem.com/hsimg/gds/1050/993/993448_A1.jpg?v=20250808111135
2551,1058202,room_0007,fur_type0035,블랭크 멀티선반 (옵션 택1),346800,https://image.hanssem.com/hsimg/gds/1050/1058/1058202_A1.jpg?v=20241128095006
2552,992577,room_0007,fur_type0035,아이디S 6단 일반 책장 600,195000,https://image.hanssem.com/hsimg/gds/1050/992/992577_A1.jpg?v=20250813144956
2553,1112268,room_0007,fur_type0035,[특가~9/29]뉴 재크 5단 서랍장(3종/택1),79900,https://image.hanssem.com/hsimg/gds/1050/1112/1112268_A1.jpg?v=20250915132054
2554,893059,room_0007,fur_type0035,플롯 책장세트 5단 120x40cm (옵션 택1),617400,https://image.hanssem.com/hsimg/gds/1050/893/893059_A1.jpg?v=20250911105759
2555,884228,room_0007,fur_type0036,플롯 원형 테이블 86cm (컬러 택1),148000,https://image.hanssem.com/hsimg/gds/1050/884/884228_A1.jpg?v=20250113113754
2556,1058206,room_0007,fur_type0038,블랭크 3단 높은서랍장,294000,https://image.hanssem.com/hsimg/gds/1050/1058/1058206_A1.jpg?v=20250519105112
2557,1059052,room_0007,fur_type0037,(아울렛) 웨이브 책상의자,245000,https://image.hanssem.com/hsimg/gds/550/1059/1059052_A1.jpg?v=20250922151405
2558,993102,room_0007,fur_type0035,유로 501 플랫 서재 5단 책장 600,265000,https://image.hanssem.com/hsimg/gds/1050/993/993102_A1.jpg?v=20240723150717
2559,1028868,room_0007,fur_type0036,티오 책상부착용 콘센트,29000,https://image.hanssem.com/hsimg/gds/1050/1028/1028868_A1.jpg?v=20240724143132
2560,884339,room_0007,fur_type0035,플롯 책장 2단 60x40cm (옵션 택1),118150,https://image.hanssem.com/hsimg/gds/1050/884/884339_A1.jpg?v=20240805101536
2561,539395,room_0007,fur_type0035,샘 어린이책장 3단 80cm DIY(컬러 택1),86900,https://image.hanssem.com/hsimg/gds/1050/539/539395_A1.jpg?v=20250519105112
2562,68929,room_0007,fur_type0035,샘 어린이책장 3단 160cm 시공(컬러 택1),125900,https://image.hanssem.com/hsimg/gds/1050/68/68929_A1.jpg?v=20250519105112
2563,862987,room_0007,fur_type0035,샘 책장 2단 120cm 서랍형 시공 (컬러 택1),194900,https://image.hanssem.com/hsimg/gds/1050/862/862987_A1.jpg?v=20250519105112
2564,993301,room_0007,fur_type0036,플렉스Z 일반책상1400 D60+측면파티션,291000,https://image.hanssem.com/hsimg/gds/1050/993/993301_A1.jpg?v=20241129094553
2565,336861,room_0007,fur_type0036,샘스틸 책상 타공보드(DIY),45000,https://image.hanssem.com/hsimg/gds/1050/336/336861_A1.jpg?v=20240805101535
2566,884353,room_0007,fur_type0035,플롯 트롤리 (컬러 택1),88000,https://image.hanssem.com/hsimg/gds/1050/884/884353_A1.jpg?v=20240805101537
2567,884343,room_0007,fur_type0035,플롯 서랍장 1단 80x40cm (컬러 택1),128740,https://image.hanssem.com/hsimg/gds/1050/884/884343_A1.jpg?v=20240805101537
2568,992516,room_0007,fur_type0036,바흐 701 서랍책상 1800,1240000,https://image.hanssem.com/hsimg/gds/1050/992/992516_A1.jpg?v=20240723130312
2569,993469,room_0007,fur_type0036,유닛 책상 1400 D70 하부PC장형,562000,https://image.hanssem.com/hsimg/gds/1050/993/993469_A1.jpg?v=20250718160229
2570,857494,room_0007,fur_type0035,샘 책장 3단 120cm 매거진랙형 시공 (컬러 택1),246900,https://image.hanssem.com/hsimg/gds/1050/857/857494_A1.jpg?v=20250519105112
2571,884223,room_0007,fur_type0036,플롯 컴퓨터 책상 120x70cm (옵션 택1),168750,https://image.hanssem.com/hsimg/gds/1050/884/884223_A1.jpg?v=20240805101535
2572,857506,room_0007,fur_type0035,샘 책장 3단 80cm 매거진수납형 시공 (컬러 택1),250900,https://image.hanssem.com/hsimg/gds/1050/857/857506_A1.jpg?v=20250519105112
2573,893116,room_0007,fur_type0036,플롯 전면 책상세트 5단 80x70cm (옵션 택1),409500,https://image.hanssem.com/hsimg/gds/1050/893/893116_A1.jpg?v=20240805101535
2574,884352,room_0007,fur_type0035,플롯 2단도어 40cm 2개입 (컬러 택1),61000,https://image.hanssem.com/hsimg/gds/1050/884/884352_A1.jpg?v=20240805101535
2575,993229,room_0007,fur_type0036,플렉스Z  전면 파티션 1600,166000,https://image.hanssem.com/hsimg/gds/1050/993/993229_A1.jpg?v=20241129091937
2576,975161,room_0007,fur_type0037,윌링 책상의자(2종/택1),219900,https://image.hanssem.com/hsimg/gds/1050/975/975161_A1.jpg?v=20250612112301
2577,607627,room_0007,fur_type0037,모리 컴포트 책상의자 발받침 DIY (모리 컴포트 전용),26000,https://image.hanssem.com/hsimg/gds/1050/607/607627_A1.jpg?v=20240805101534
2578,857503,room_0007,fur_type0035,샘 책장 3단 80cm 매거진랙형 시공 (컬러 택1),190900,https://image.hanssem.com/hsimg/gds/1050/857/857503_A1.jpg?v=20250519105112
2579,993297,room_0007,fur_type0036,플렉스Z 일반책상1400 D60+스크린파티션,326000,https://image.hanssem.com/hsimg/gds/1050/993/993297_A1.jpg?v=20241129100803
2580,110968,room_0007,fur_type0035,샘 책장 2단 120cm 스틸다리형 시공(컬러 택1),129900,https://image.hanssem.com/hsimg/gds/1050/110/110968_A1.jpg?v=20250519105112
2581,893119,room_0007,fur_type0036,플롯 전면 책상세트 5단 120x70cm (옵션 택1),596140,https://image.hanssem.com/hsimg/gds/1050/893/893119_A1.jpg?v=20250113113754
2582,1058208,room_0007,fur_type0038,블랭크 모니터선반,78000,https://image.hanssem.com/hsimg/gds/1050/1058/1058208_A1.jpg?v=20250519105112
2583,765136,room_0007,fur_type0035,샘와이드 책장 3단 120cm DIY(컬러 택1),89900,https://image.hanssem.com/hsimg/gds/1050/765/765136_A1.jpg?v=20250519105112
2584,993105,room_0007,fur_type0035,유로 501 플랫 서재 5단 책장 800,276000,https://image.hanssem.com/hsimg/gds/1050/993/993105_A1.jpg?v=20240723144402
2585,898603,room_0007,fur_type0035,샘 어린이책장 2단 160cm DIY(컬러 택1),99900,https://image.hanssem.com/hsimg/gds/1050/898/898603_A1.jpg?v=20250519105112
2586,993315,room_0007,fur_type0035,플렉스Z 6단 일반책장 600+2단 도어,217000,https://image.hanssem.com/hsimg/gds/1050/993/993315_A1.jpg?v=20241129101419
2587,993242,room_0007,fur_type0036,플렉스Z LED 클램프조명,108000,https://image.hanssem.com/hsimg/gds/1050/993/993242_A1.jpg?v=20250414145201
2588,993208,room_0007,fur_type0036,플렉스Z 수납책상set 1600 D80,480000,https://image.hanssem.com/hsimg/gds/1050/993/993208_A1.jpg?v=20250214130544
2589,993125,room_0007,fur_type0035,유로 501 플랫 서재 3단 루바도어 600,166000,https://image.hanssem.com/hsimg/gds/1050/993/993125_A1.jpg?v=20240723155656
2590,1060154,room_0007,fur_type0035,[특가~9/29]1+1 모로 3단 트롤리 화이트,35900,https://image.hanssem.com/hsimg/gds/550/1060/1060154_A1.jpg?v=20250915132053
2591,993240,room_0007,fur_type0035,플렉스Z 수납스툴 370,96000,https://image.hanssem.com/hsimg/gds/550/993/993240_A1.jpg?v=20250519105112
2592,993317,room_0007,fur_type0035,플렉스Z 6단 일반책장 600 고급형,266000,https://image.hanssem.com/hsimg/gds/1050/993/993317_A1.jpg?v=20241129100107
2593,1058207,room_0007,fur_type0038,블랭크 3단 이동서랍장,231000,https://image.hanssem.com/hsimg/gds/1050/1058/1058207_A1.jpg?v=20250519105112
2594,893092,room_0007,fur_type0035,플롯 책장세트 3단 180x40cm (옵션 택1),644300,https://image.hanssem.com/hsimg/gds/1050/893/893092_A1.jpg?v=20240805101535
2595,975191,room_0007,fur_type0037,다이브 책상의자(3종/택1),169900,https://image.hanssem.com/hsimg/gds/1050/975/975191_A1.jpg?v=20250121080816
2596,993336,room_0007,fur_type0035,플렉스Z 6단 일반책장 240cm SET,628000,https://image.hanssem.com/hsimg/gds/1050/993/993336_A1.jpg?v=20241129101536
2597,37961,room_0007,fur_type0035,샘 어린이책장 3단 200cm 시공 (컬러 택1),125900,https://image.hanssem.com/hsimg/gds/1050/37/37961_A1.jpg?v=20250519105112
2598,993245,room_0007,fur_type0036,플렉스Z 슬림콘센트 2구,38000,https://image.hanssem.com/hsimg/gds/550/993/993245_A1.jpg?v=20241129092822
2599,993316,room_0007,fur_type0035,플렉스Z 6단 격자책장 800+2단 도어,308000,https://image.hanssem.com/hsimg/gds/550/993/993316_A1.jpg?v=20241129091607
2600,993473,room_0007,fur_type0036,유닛 일반 책상 1600 D70,384000,https://image.hanssem.com/hsimg/gds/1050/993/993473_A1.jpg?v=20250718152102
2601,857714,room_0007,fur_type0035,샘 책장 3단 120cm 매거진수납형 시공 (컬러 택1),336900,https://image.hanssem.com/hsimg/gds/1050/857/857714_A1.jpg?v=20250519105112
2602,993314,room_0007,fur_type0035,플렉스Z 3단 격자책장 800 장식형,468000,https://image.hanssem.com/hsimg/gds/1050/993/993314_A1.jpg?v=20241129101259
2603,909008,room_0007,fur_type0035,플롯 책장 연결형 5단 80x40cm (옵션 택1),318240,https://image.hanssem.com/hsimg/gds/1050/909/909008_A1.jpg?v=20250911104640
2604,1058201,room_0007,fur_type0036,블랭크 데스크콘솔 (옵션 택1),313650,https://image.hanssem.com/hsimg/gds/1050/1058/1058201_A1.jpg?v=20241128100401
2605,337218,room_0007,fur_type0035,샘스마트 책상 확장수납장 (컬러 택1),90000,https://image.hanssem.com/hsimg/gds/1050/337/337218_A1.jpg?v=20250519105112
2606,993370,room_0007,fur_type0037,모리스마트 책상의자,395000,https://image.hanssem.com/hsimg/gds/1050/993/993370_A1.jpg?v=20240911111833
2607,993300,room_0007,fur_type0036,플렉스Z 일반책상1200 D60+측면파티션,270000,https://image.hanssem.com/hsimg/gds/1050/993/993300_A1.jpg?v=20241128092042
2608,993222,room_0007,fur_type0036,플렉스Z  측면 파티션 600,85000,https://image.hanssem.com/hsimg/gds/1050/993/993222_A1.jpg?v=20241129100707
2609,37959,room_0007,fur_type0035,샘 어린이책장 3단 80cm 시공(컬러 택1),92900,https://image.hanssem.com/hsimg/gds/1050/37/37959_A1.jpg?v=20250519105112
2610,993318,room_0007,fur_type0035,플렉스Z 6단 격자책장 800 고급형,361000,https://image.hanssem.com/hsimg/gds/1050/993/993318_A1.jpg?v=20241129091143
2611,271427,room_0007,fur_type0036,홀리라이트 책상 120cm (컬러 택1),169900,https://image.hanssem.com/hsimg/gds/1050/271/271427_A1.jpg?v=20250121080817
2612,993207,room_0007,fur_type0036,플렉스Z 수납책상set 1400 D80,427000,https://image.hanssem.com/hsimg/gds/1050/993/993207_A1.jpg?v=20250214130507
2613,927015,room_0007,fur_type0035,[특가~9/29]1+1 재크플러스 철제 5단 서랍장,99000,https://image.hanssem.com/hsimg/gds/550/927/927015_A1.jpg?v=20250915132053
2614,993095,room_0007,fur_type0036,유로 501 플랫 테이블 950,279000,https://image.hanssem.com/hsimg/gds/550/993/993095_A1.jpg?v=20240226154832
2615,539396,room_0007,fur_type0035,샘 어린이책장 3단 120cm DIY(컬러 택1),85900,https://image.hanssem.com/hsimg/gds/1050/539/539396_A1.jpg?v=20250519105112
2616,992873,room_0007,fur_type0036,플러스 모션 행잉PC홀더,102000,https://image.hanssem.com/hsimg/gds/1050/992/992873_A1.jpg?v=20250519105112
2617,898604,room_0007,fur_type0035,샘 어린이책장 2단 200cm DIY(컬러 택1),105900,https://image.hanssem.com/hsimg/gds/1050/898/898604_A1.jpg?v=20250519105112
2618,893150,room_0007,fur_type0035,플롯 타공판용 행거프레임 80cm+S자고리 5개입 (알레 공용),28000,https://image.hanssem.com/hsimg/gds/1050/893/893150_A1.jpg?v=20250103152323
2619,993467,room_0007,fur_type0036,유닛 책상 1400 D70 하부책장형,580000,https://image.hanssem.com/hsimg/gds/1050/993/993467_A1.jpg?v=20250808111327
2620,993126,room_0007,fur_type0035,유로 501 플랫 서재 3단 루바도어 800,183000,https://image.hanssem.com/hsimg/gds/1050/993/993126_A1.jpg?v=20240723152006
2621,993219,room_0007,fur_type0035,플렉스Z 2단 유리 도어 600,142000,https://image.hanssem.com/hsimg/gds/1050/993/993219_A1.jpg?v=20241129094346
2622,1058230,room_0007,fur_type0038,블랭크 데스크콘솔 공간분리 패키지 (옵션 택1),554000,https://image.hanssem.com/hsimg/gds/1050/1058/1058230_A1.jpg?v=20250519105112
2623,993096,room_0007,fur_type0036,유로 501 플랫 테이블 1200,279000,https://image.hanssem.com/hsimg/gds/550/993/993096_A1.jpg?v=20240226154832
2624,993312,room_0007,fur_type0035,플렉스Z 3단 일반책장 600+2단도어,180000,https://image.hanssem.com/hsimg/gds/1050/993/993312_A1.jpg?v=20241129090509
2625,892982,room_0007,fur_type0035,플롯 책장 단독형 5단 60x40cm (옵션 택1),297180,https://image.hanssem.com/hsimg/gds/1050/892/892982_A1.jpg?v=20250911104230
2626,993439,room_0007,fur_type0036,유닛 책상 1200 D60 하부서랍형,560000,https://image.hanssem.com/hsimg/gds/1050/993/993439_A1.jpg?v=20250808110434
2627,1058226,room_0007,fur_type0038,블랭크 멀티선반 공간분리 패키지 (옵션 택1),593000,https://image.hanssem.com/hsimg/gds/1050/1058/1058226_A1.jpg?v=20250519105112
2628,993451,room_0007,fur_type0036,유닛 h형 책상 세트 1200,1112000,https://image.hanssem.com/hsimg/gds/1050/993/993451_A1.jpg?v=20250718154029
2629,862986,room_0007,fur_type0035,샘 책장 3단 120cm 서랍형 시공 (컬러 택1),198900,https://image.hanssem.com/hsimg/gds/1050/862/862986_A1.jpg?v=20250519105112
2630,993215,room_0007,fur_type0035,플렉스Z 2단 도어 800,83000,https://image.hanssem.com/hsimg/gds/1050/993/993215_A1.jpg?v=20241129100332
2631,993220,room_0007,fur_type0035,플렉스Z 3단 유리 도어 400,159000,https://image.hanssem.com/hsimg/gds/1050/993/993220_A1.jpg?v=20241129094942
2632,1117930,room_0007,fur_type0037,비스포크 프로 책상의자 (2종/택1),450000,https://image.hanssem.com/hsimg/gds/1050/1117/1117930_A1.jpg?v=20250926144111
2633,884354,room_0007,fur_type0035,플롯 서랍 트롤리 (컬러 택1),128000,https://image.hanssem.com/hsimg/gds/1050/884/884354_A1.jpg?v=20240805101537
2634,993313,room_0007,fur_type0035,플렉스Z 3단 격자책장 800+2단도어,233000,https://image.hanssem.com/hsimg/gds/550/993/993313_A1.jpg?v=20241129101121
2635,993452,room_0007,fur_type0035,유닛 특수장 600 콘센트도어포함,420000,https://image.hanssem.com/hsimg/gds/1050/993/993452_A1.jpg?v=20250519105112
2636,884351,room_0007,fur_type0035,플롯 2단도어 60cm (컬러 택1),40000,https://image.hanssem.com/hsimg/gds/1050/884/884351_A1.jpg?v=20240805101535
2637,992511,room_0007,fur_type0035,바흐 701 6단 일반책장 600 장식박스용,360000,https://image.hanssem.com/hsimg/gds/1050/992/992511_A1.jpg?v=20250117145929
2638,893156,room_0007,fur_type0035,플롯 S자고리 5개입 (알레 공용),12000,https://image.hanssem.com/hsimg/gds/550/893/893156_A1.jpg?v=20250103152323
2639,857491,room_0007,fur_type0035,샘 책장 2단 120cm 수납형 시공 (컬러 택1),185900,https://image.hanssem.com/hsimg/gds/1050/857/857491_A1.jpg?v=20250519105112
2640,993139,room_0007,fur_type0037,유로 501 플랫 바체어,169000,https://image.hanssem.com/hsimg/gds/1050/993/993139_A1.jpg?v=20250519105112
2641,196922,room_0007,fur_type0035,모로 3단 트롤리 화이트,17900,https://image.hanssem.com/hsimg/gds/550/196/196922_A1.jpg?v=20250915132052
2642,993214,room_0007,fur_type0035,플렉스Z 6단 수납책장 600,239000,https://image.hanssem.com/hsimg/gds/1050/993/993214_A1.jpg?v=20241129085640
2643,893000,room_0007,fur_type0035,플롯 책장 프레임단독형 5단 60x40cm (옵션 택1),229320,https://image.hanssem.com/hsimg/gds/1050/893/893000_A1.jpg?v=20250911104444
2644,993098,room_0007,fur_type0036,유로 501 플랫 테이블 1400,334000,https://image.hanssem.com/hsimg/gds/550/993/993098_A1.jpg?v=20240226154832
2645,992989,room_0007,fur_type0035,바흐 701 서재 2단 유리도어 600,152000,https://image.hanssem.com/hsimg/gds/1050/992/992989_A1.jpg?v=20240725140550
2646,993243,room_0007,fur_type0036,플렉스Z  데스크패드,81000,https://image.hanssem.com/hsimg/gds/550/993/993243_A1.jpg?v=20241129092219
2647,993159,room_0007,fur_type0035,유로 501 플랫 하부장 1000,351000,https://image.hanssem.com/hsimg/gds/550/993/993159_A1.jpg?v=20240709083140
2648,737730,room_0007,fur_type0036,홀리라이트 책상 160X80cm (컬러 택1),209900,https://image.hanssem.com/hsimg/gds/1050/737/737730_A1.jpg?v=20240805101535
2649,895011,room_0007,fur_type0035,플롯 책상부착용 콘센트,29000,https://image.hanssem.com/hsimg/gds/1050/895/895011_A1.jpg?v=20250103152323
2650,993231,room_0007,fur_type0035,플렉스Z  슬라이딩 옷장 일반형,744000,https://image.hanssem.com/hsimg/gds/550/993/993231_A1.jpg?v=20250519105112
2651,1118428,room_0007,fur_type0035,(소진완료) 샘 어린이책장 3단 120cm 시공(크림화이트),123000,https://image.hanssem.com/hsimg/gds/1050/1118/1118428_A1.jpg?v=20250923081756
2652,893151,room_0007,fur_type0035,플롯 타공판 60cm (알레 공용),65000,https://image.hanssem.com/hsimg/gds/1050/893/893151_A1.jpg?v=20250103152323
2653,1032597,room_0007,fur_type0037,누보 책상의자(2종/택1),597000,https://image.hanssem.com/hsimg/gds/1050/1032/1032597_A1.jpg?v=20250822112909
2654,1046148,room_0007,fur_type0037,시디즈 링고의자 DIY (발받침 포함),189000,https://image.hanssem.com/hsimg/gds/1050/1046/1046148_A1.jpg?v=20240702133623
2655,993097,room_0007,fur_type0036,유로 501 플랫 테이블 1200 (H950),323000,https://image.hanssem.com/hsimg/gds/1050/993/993097_A1.jpg?v=20240723160244
2656,1058215,room_0007,fur_type0035,블랭크 책장용 화이트도어 (옵션 택1),57000,https://image.hanssem.com/hsimg/gds/1050/1058/1058215_A1.jpg?v=20240818221644
2657,993100,room_0007,fur_type0035,유로 501 플랫 서재 2단 책장 600,186000,https://image.hanssem.com/hsimg/gds/1050/993/993100_A1.jpg?v=20240723155553
2658,993221,room_0007,fur_type0035,플렉스Z 4단 유리 도어 400,165000,https://image.hanssem.com/hsimg/gds/1050/993/993221_A1.jpg?v=20241129100530
2659,993166,room_0007,fur_type0035,유로 501 플랫 서재 2단 유리도어 600,201000,https://image.hanssem.com/hsimg/gds/1050/993/993166_A1.jpg?v=20240723155440
2660,993205,room_0007,fur_type0036,플렉스Z 컴퓨터책상 1600 D80,297000,https://image.hanssem.com/hsimg/gds/1050/993/993205_A1.jpg?v=20250429141434
2661,337211,room_0007,fur_type0036,샘스마트 전면 책상 112.5cm (컬러 택1),299900,https://image.hanssem.com/hsimg/gds/1050/337/337211_A1.jpg?v=20250519105112
2662,993110,room_0007,fur_type0035,유로 501 플랫 서재 카페장 1000,466000,https://image.hanssem.com/hsimg/gds/1050/993/993110_A1.jpg?v=20240723144238
2663,893149,room_0007,fur_type0035,플롯 타공판용 행거프레임 60cm+S자고리 5개입 (알레 공용),25000,https://image.hanssem.com/hsimg/gds/1050/893/893149_A1.jpg?v=20250103152322
2664,1058200,room_0007,fur_type0036,블랭크 컴퓨터데스크 D80cm (옵션 택1),223000,https://image.hanssem.com/hsimg/gds/1050/1058/1058200_A1.jpg?v=20250306143043
2665,337208,room_0007,fur_type0036,샘스마트 책상 112.5cm (컬러 택1),219900,https://image.hanssem.com/hsimg/gds/1050/337/337208_A1.jpg?v=20250519105112
2666,993236,room_0007,fur_type0038,플렉스Z 3단 이동 서랍장,231000,https://image.hanssem.com/hsimg/gds/550/993/993236_A1.jpg?v=20250519105112
2667,1112267,room_0007,fur_type0035,[특가~9/29]뉴 재크 철제 서랍장 화이트(2종 택1),59900,https://image.hanssem.com/hsimg/gds/1050/1112/1112267_A1.jpg?v=20250915132054
2668,1059744,room_0007,fur_type0035,마카롱 철제 3단 서랍장,57600,https://image.hanssem.com/hsimg/gds/1050/1059/1059744_A1.jpg?v=20241211104846
2669,993444,room_0007,fur_type0035,유닛 사이드 하부장 700 (D40)서랍장,301000,https://image.hanssem.com/hsimg/gds/1050/993/993444_A1.jpg?v=20250519105112
2670,893088,room_0007,fur_type0035,플롯 책장세트 5단 180x40cm (옵션 택1),849420,https://image.hanssem.com/hsimg/gds/1050/893/893088_A1.jpg?v=20250911105348
2671,992977,room_0007,fur_type0035,바흐 701 서재 긴옷장 600,455000,https://image.hanssem.com/hsimg/gds/1050/992/992977_A1.jpg?v=20250117150056
2672,993223,room_0007,fur_type0036,플렉스Z  측면 파티션 800,91000,https://image.hanssem.com/hsimg/gds/1050/993/993223_A1.jpg?v=20241128091836
2673,893090,room_0007,fur_type0035,플롯 책장세트 3단 160x40cm (옵션 택1),506300,https://image.hanssem.com/hsimg/gds/1050/893/893090_A1.jpg?v=20241216114347
2674,898602,room_0007,fur_type0035,샘 어린이책장 2단 200cm 시공(컬러 택1),115900,https://image.hanssem.com/hsimg/gds/1050/898/898602_A1.jpg?v=20250519105112
2675,898601,room_0007,fur_type0035,샘 어린이책장 2단 160cm 시공(컬러 택1),109900,https://image.hanssem.com/hsimg/gds/1050/898/898601_A1.jpg?v=20250519105112
2676,993238,room_0007,fur_type0035,플렉스Z PC장 800,151000,https://image.hanssem.com/hsimg/gds/1050/993/993238_A1.jpg?v=20241129090818
2677,993309,room_0007,fur_type0036,플렉스Z 컴퓨터책상1400 D80+독서실형파티션,483000,https://image.hanssem.com/hsimg/gds/1050/993/993309_A1.jpg?v=20241129095938
2678,993232,room_0007,fur_type0035,플렉스Z 수납화장대 600,380000,https://image.hanssem.com/hsimg/gds/1050/993/993232_A1.jpg?v=20250519105112
2679,756888,room_0007,fur_type0035,재크플러스 철제 무빙 트롤리 (3종/택1),35900,https://image.hanssem.com/hsimg/gds/1050/756/756888_A1.jpg?v=20250915132052
2680,1120857,room_0007,fur_type0037,(아울렛)비스포크 핏 책상의자,200000,https://image.hanssem.com/hsimg/gds/550/1120/1120857_A1.jpg?v=20250922151405
2681,539394,room_0007,fur_type0035,샘 어린이책장 2단 120cm DIY(컬러 택1),85900,https://image.hanssem.com/hsimg/gds/1050/539/539394_A1.jpg?v=20250519105112
2682,337210,room_0007,fur_type0036,샘스마트 책상 112.5cm 오픈형 (컬러 택1),209900,https://image.hanssem.com/hsimg/gds/1050/337/337210_A1.jpg?v=20250519105112
2683,993211,room_0007,fur_type0035,플렉스Z 3단 격자 책장 800,150000,https://image.hanssem.com/hsimg/gds/1050/993/993211_A1.jpg?v=20241129091026
2684,993101,room_0007,fur_type0035,유로 501 플랫 서재 3단 책장 600,209000,https://image.hanssem.com/hsimg/gds/1050/993/993101_A1.jpg?v=20240723153021
2685,993691,room_0007,fur_type0037,조앤 책상의자-회전/무회전형(컬러 택1),234000,https://image.hanssem.com/hsimg/gds/1050/993/993691_A1.jpg?v=20240702132826
2686,857498,room_0007,fur_type0035,샘 책장 2단 120cm 매거진랙형 시공 (컬러 택1),242900,https://image.hanssem.com/hsimg/gds/1050/857/857498_A1.jpg?v=20250519105112
2687,892989,room_0007,fur_type0035,플롯 책장 단독형 5단 80x40cm (옵션 택1),357520,https://image.hanssem.com/hsimg/gds/1050/892/892989_A1.jpg?v=20250911103711
2688,884230,room_0007,fur_type0035,플롯 가방걸이 1개입,6900,https://image.hanssem.com/hsimg/gds/1050/884/884230_A1.jpg?v=20250103152322
2689,992507,room_0007,fur_type0035,바흐 701 일반책장 2단장식박스 전용 분배기 3in1,56000,https://image.hanssem.com/hsimg/gds/1050/992/992507_A1.jpg?v=20240725135658
2690,993209,room_0007,fur_type0035,플렉스Z 2단 격자 책장 800,109000,https://image.hanssem.com/hsimg/gds/1050/993/993209_A1.jpg?v=20241129085338
2691,884225,room_0007,fur_type0036,플롯 테이블 140x70cm (옵션 택1),211560,https://image.hanssem.com/hsimg/gds/1050/884/884225_A1.jpg?v=20240930095807
2692,993566,room_0007,fur_type0035,유닛 상부 플랩도어 600 책장용,63000,https://image.hanssem.com/hsimg/gds/1050/993/993566_A1.jpg?v=20250813143826
2693,993438,room_0007,fur_type0036,유닛 책상 1200 D60 하부PC장형,451000,https://image.hanssem.com/hsimg/gds/1050/993/993438_A1.jpg?v=20250718153629
2694,993206,room_0007,fur_type0036,플렉스Z 수납책상set 1200 D80,406000,https://image.hanssem.com/hsimg/gds/1050/993/993206_A1.jpg?v=20250214130431
2695,1058222,room_0007,fur_type0035,블랭크 수납장용 도어 (옵션 택1),40000,https://image.hanssem.com/hsimg/gds/1050/1058/1058222_A1.jpg?v=20240818222146
2696,993225,room_0007,fur_type0036,플렉스Z 스크린 파티션  1400,120000,https://image.hanssem.com/hsimg/gds/1050/993/993225_A1.jpg?v=20241129091308
2697,993218,room_0007,fur_type0035,플렉스Z 플랩 도어 800,53000,https://image.hanssem.com/hsimg/gds/1050/993/993218_A1.jpg?v=20241129092945
2698,993339,room_0007,fur_type0035,플렉스Z 6단 격자책장 320cm SET,900000,https://image.hanssem.com/hsimg/gds/1050/993/993339_A1.jpg?v=20241129101842
2699,993462,room_0007,fur_type0035,유닛 상부 플랩도어 900 책장용,74000,https://image.hanssem.com/hsimg/gds/1050/993/993462_A1.jpg?v=20250813141456
2700,993459,room_0007,fur_type0035,유닛 3단도어 300 책장용,63000,https://image.hanssem.com/hsimg/gds/1050/993/993459_A1.jpg?v=20250813151812
2701,993337,room_0007,fur_type0035,플렉스Z 6단 격자책장 160cm SET,450000,https://image.hanssem.com/hsimg/gds/1050/993/993337_A1.jpg?v=20241129094246
2702,993200,room_0007,fur_type0036,플렉스Z 일반책상 1200 D60,185000,https://image.hanssem.com/hsimg/gds/1050/993/993200_A1.jpg?v=20241129085525
2703,993235,room_0007,fur_type0038,플렉스Z 3단 높은 서랍장,294000,https://image.hanssem.com/hsimg/gds/1050/993/993235_A1.jpg?v=20250806134740
2704,993447,room_0007,fur_type0035,유닛 6단책장 300,165000,https://image.hanssem.com/hsimg/gds/1050/993/993447_A1.jpg?v=20250808112330
2705,993472,room_0007,fur_type0036,유닛 일반 책상 1400 D70,367000,https://image.hanssem.com/hsimg/gds/1050/993/993472_A1.jpg?v=20250519105112
2706,893154,room_0007,fur_type0035,플롯 타공판 80cm (알레 공용),68000,https://image.hanssem.com/hsimg/gds/1050/893/893154_A1.jpg?v=20250103152323
2707,992705,room_0007,fur_type0036,플러스 모션데스크 1400 선반형 70,1157000,https://image.hanssem.com/hsimg/gds/1050/992/992705_A1.jpg?v=20250414145201
2708,993456,room_0007,fur_type0035,유닛 2단도어 600 책장용,67000,https://image.hanssem.com/hsimg/gds/1050/993/993456_A1.jpg?v=20250813135407
2709,993335,room_0007,fur_type0035,플렉스Z 6단 일반책장 180cm SET,471000,https://image.hanssem.com/hsimg/gds/1050/993/993335_A1.jpg?v=20241129100245
2710,992704,room_0007,fur_type0036,플러스 모션데스크 1400 일반형,1114000,https://image.hanssem.com/hsimg/gds/1050/992/992704_A1.jpg?v=20250519105112
