extracted_response,expected_output,BERTScore_F1,Embedding_Cosine
"레이아웃 변경으로 실용적인 인테리어를 완성하기 위해 우물천장과 간접 우물천장을 사용했습니다. 이는 거실에서의 공간 활용성을 극대화하고 쾌적한 분위기를 조성하는 데 도움이 됩니다. 대공원월드메르디앙아파트 내 한샘 다이닝 룸은 심플하면서도 고급스러운 분위기를 연출합니다. 또한 한샘 안방 인테리어는 드레스룸 포켓 도어와 함께 실용성을 높여주며, 한샘 자녀방 인테리어의 아치 디자인은 아이들의 창의력을 유발시키는 데 좋습니다. 한샘 욕실 인테리어는 대형 욕실에 인조 대리석 탑을 적용해 세련된 느낌을 줍니다. 한샘 현관 인테리어에서는 중문 인테리어를 통해 공간의 통일감을 높였으며, 거실 욕실 인테리어는 심플하면서도 깔끔한 모습을 유지하도록 설계되었습니다.",주방 ㅣ 11자 주방의 심플한 디자인 (feat.비스포크 키친핏냉장고) 자 녀 방 ㅣ 두개의 공간을 통합과 분리를 통해 효율적 공간 디자인.,0.6558613777160645,0.5935906767845154
"도안 도안리슈빌의 29평 집은 갤러리 같은 분위기를 연출하기 위해 다양한 디자인 요소를 활용합니다. 거실은 텐바 보드 포인트와 라인 조명으로 현대적인 감각을 강조하며, 터치 아이보리 휴판넬과 터치 그레이 터치 플로어로 따뜻하면서도 시크한 분위기를 만듭니다. 안방은 매트 화이트 붙박이장과 낮은 파우더장을 통해 깔끔하고 정돈된 느낌을 주며, 호텔 분위기를 연출합니다. 욕실은 흥판넬 리버 화이트와 크럼블 블랙 상판으로 고급스러운 분위기를 연출합니다. 레인 샤워 수전 KB5030과 타원형 거울 조명은 쾌적한 공간을 완성시킵니다. 자녀 방은 매트 화이트 수납장과 빌트인 매트 화이트 수납장, 빌트인 엔드장 등을 활용해 깔끔하고 효율적인 수납 공간을 제공합니다. 현관은 행잉형 현관장과 초슬림 3연동 중문으로 아늑하고 편안한 분위기를 연출합니다. 이러한 인테리어 요소들은 전체 집을 깔끔하고 미니멀한 분위기로 만들어줍니다.","· 주방옆방[자녀방 A] 아이가 학업에 집중할 수 있고 정리하는 습관을 기를 수 있도록 수납장을 넉넉히 배치하였습니다. 와이드한 책상배치로 모니터를 올려놓고도 불편하지 않게 사용이 가능하며 우측 하단에 책상다리를 대신해주는 서랍장은 수납의 효율을 올려줍니다 :) *주요시공 : 매트화이트 붙박이장, 빌트인 매트화이트 6단 밑장, ㄷ자 단독책상서랍형 · 자녀방[자녀방 B] 자녀방 A와 레이아웃은 동일하되, 매트화이트 노출서랍장을 배치해 자녀방 A와는 다른 이미지를 연출하였습니다. 의류수납에 특화된 노출서랍장은 하단 2단서랍, 상단 여닫이 형태로 빌트인장을 연결설계할 때 더욱 빛을 발하는데요 :) 거울 엔드장과 함께 설계하여 의류는 노출서랍장에, 물건들은 6단밑장 수납장과 엔드장에 보관할 수 있도록 기획하였습니다. *주요시공 : 매트화이트 6단 밑장, 거울 엔드장, 노출서랍장, ㄷ자 단독책상서랍형 · 공용욕실 터치 아이보리 휴판넬과 카고 그레이 휴플로어 제품을 적용해 깔끔한 바탕면을 완성했고 프레임우드 상부장과 하부장으로 우드의 따뜻함을 느낄 수 있는 욕실입니다. 타원형 조명거울의 은은한 조명은 밤늦게 욕실을 이용할 때에도 눈부시지 않게 이용이 가능합니다. 그라데이션 코팅 파티션으로 샤워 시, 물이 넘어가지않도록 막아주는 역할과 동시에 프라이버시를 지키고 파티션 자체로도 하나의 디자인포인트가 되는 매력적인 제품입니다. *주요시공 : 프레임우드 상부장, 프레임우드 하부장, 그라데이션코팅 파티션, 터치 아이보리 휴판넬",0.6705068349838257,0.3952084183692932
"아이방 인테리어를 시작으로 하면, 첫 번째 고려해야 할 것은 아이들의 활동성을 고려한 다용도 공간의 활용입니다. 흔히 사용되는 브라운 주방과 달리, 이 공간은 편안함과 깔끔함을 중시하는 미세먼지 차단과 온도 유지를 위해 깔끔하고 현관은 깨끗하게 관리하는 것이 중요합니다. 거실에서 슬라이딩 거실장을 이용하여 공간을 효과적으로 활용하고, 채광이 좋은 거실에서는 원형 LED 거울을 설치하여 공간을 더 넓게 보이게 만듭니다.

아이방은 침대를 나란히 배치하여 부부가 함께 쓰는 방처럼 설계하여 안정감을 주는 것이 좋습니다. 또한 베이지 톤 침대와 필로우 침대를 사용하여 귀여운 분위기를 연출하며, 아이들이 좋아하는 책을 직접 고르는 책상과 함께 아이방 북스탠드를 설치하면 아이가 독서를 즐길 수 있는 환경을 제공할 수 있습니다.

다이닝 룸은 로맨틱 다이닝을 위한 테이블과 다용도 테이블을 선택하여 다양한 활동을 할 수 있도록 설계합니다. 특히 타원형 식탁은 공간을 효율적으로 사용하면서도 편안함을 제공합니다. 또한 다이닝 팬던트 조명을 통해 식당 분위기를 더욱 즐겁게 만듭니다.

마지막으로, 요리하고 싶어지는 감을 유발하는 키친은 빌트인 장화장과 크림색 수장납, 화장대를 활용하여 깨끗하고 관리하기 쉬운 공간을 만듭니다. 또한 온도 유지와 채광이 좋은 현관에는 현관 전신 거울을 설치하여 확장적인 느낌을 줍니다.","삼성래미안 31평 아파트입니다. 방3개, 욕실2개의 구조에요. 거실의 발코니를 확장하여 더 넓게 사용하였습니다. 입구에는 밝은 그레이톤의 타일과 빌트인장으로 깨끗하게 유지하실 수 있게 하였어요. 그레이 색은 유지, 관리하기에 더할 나위 없이 좋은 색이지요. 두 아이의 유대감을 위해, 같은 패브릭을 선택하였어요. 만약, 서로의 취향이 다르다면 직접 패브릭을 고르는 것도 좋겠지요? 두 아이들이 눈을 맞춰 조곤조곤 대화하며 언어능력을 높일 수 있도록 침대를 나란히 배치하였습니다. 바닥과 가구의 색을 통일해 안정감을 주었어요. 오크 바닥재, 베이지 창호와 어울리는 책상세트를 배치해 통일감을 주었습니다. 놀이방에는 아이들의 상상력을 자극하는 벤치장을 두었어요. 5-6세의 아이의 집중력은 12분 정도라고 해요. 한곳에 오래 앉아있기 보다, 다양한 놀이활동을 통해서 나이에 맞게 자연스럽게 학습시간을 늘리기에 벤치장과 책상은 좋은 조합이예요. 밝은 그레이톤 월플러스로 거실의 분위기를 은은하면서도 깊게 만들었어요. 슬라이딩형 빌트인장은 책의 표지가 보이게 두거나, 소품들을 두어 갤러리로도 활용하실 수 있습니다. 올리브그린, 내추럴 컬러의 조화가 욕실을 프레쉬하게 만들어주고 이음새의 골드컬러는 세로 비례미로 욕실을 더욱 넓어보이게 만들어줍니다. 부부의 침실은 베이지톤을 베이스로 아늑하면서도 편안한 감성으로 꾸몄어요.",0.7285761833190918,0.6902568936347961
"운중동 44평의 공간을 내추럴 컨셉으로 리모델링하여 편안하면서도 고급스러운 분위기를 연출했습니다. 먼저 거실에서는 강마루와 라이브웨이드형 미가루 버릴 주변을 포인트로 사용하여 자연스러운 느낌을 살렸습니다. 천장에는 실링 팬과 간접 조명을 설치하여 공간을 더욱 넓게 보이게 만들었고, 공용욕실은 한샘이자 휴플로어 휴판넬과 슬라이딩 파티션을 통해 깔끔한 분위기를 연출했습니다. 다용도실은 발코니와 연결하여 실내외를 이어주는 역할을 하며, 세라믹 도장으로 직부를 장식하고 기능성 터닝 도어를 설치하여 공간 활용성을 높였습니다. 심플한 사각식 식탁과 특수 장팬던트를 거실에서 사용하여 현대적인 분위기를 더했으며, 부부침실에서는 벽부형 포인트 조명과 연결된 파우더 룸을 설계하여 편안함을 제공했습니다. 안방에서는 600각 타일 샤워 부스와 선반형 레인 샤워기를 설치하여 깨끗함을 유지하며, 한샘 매트 화이트 붙박이장을 슬림형 메인 등과 함께 사용하여 간결한 디자인을 완성했습니다. 또한, 싱크대와 책상, 책장, ABS 도어는 모두 한샘 매트 화이트 스타일러 슬림형 메인 등과 함께 사용하여 일관된 스타일을 유지하였습니다. 마지막으로, 한샘 유로 100 매트 화이트 톤 심플한 부엌은 여닫이 중문과 포세린 타일을 사용하여 깔끔하고 고급스러운 분위기를 연출하였습니다.",각 방마다 모두 붙박이장을 설치하여 수납걱정없는 40평형대를 완성하였습니다! 욕실은 모두 샤워 부스를 설치하여 물튀김없이 깔끔한 욕실을 만들었습니다!,0.6896388530731201,0.4918007254600525
"신혼부부를 위한 아늑한 휴식공간을 꾸미는 데는 여러 요소들을 고려해야 합니다. 먼저 거실에서는 내추럴오크 톤의 유로501 거실장을 배치하여 따뜻하면서도 깔끔한 분위기를 연출합니다. 이와 함께 뉴트럴식탁과 뉴트럴원형테이블을 활용해 다양한 활동을 즐길 수 있는 공간을 만듭니다. 또한 발코니를 활용해 카페처럼 생긴 홈카페를 설치하여 집에서도 편안하게 커피 한 잔을 즐길 수 있도록 하였습니다.

차분한 베이지 톤의 거실은 모노네이비 톤의 한샘밀란키친을 통해 깔끔하고 모던한 느낌을 살립니다. 바흐701 침대와 월넛무늬목침대는 부부 모두에게 편안함을 제공하며, 특히 편안한 침실에서는 보조주방 홈카페를 추가하여 쾌적함을 더했습니다. 

더불어, 드레스룸에서는 한샘 드레스룸을 통해 넓은 수납공간을 확보하였으며, 서재는 빈티지한 테마의 블루서재로 특이하면서도 작업에 도움이 되는 공간을 만들었습니다. 마지막으로, 식물 인테리어를 통해 공기정화와 함께 편안한 분위기를 조성하였습니다. 이러한 다양한 요소들이 조화를 이루어 신혼부부의 편안한 휴식공간을 완성하였습니다.","바쁜 일상을 보내는 신혼. 유일한 휴식처인 집을 편안하고 아늑한 휴식공간으로 만들고 싶어하는 고객들을 위한 집 꾸밈 제안입니다. 거실과 부엌은 내추럴화이트 톤으로 무겁지 않게, 안방, 드레스룸, 서재는 월넛 톤으로 고급스럽고 세련되게 연출했어요.",0.6760329604148865,0.7608360052108765
"매트그레이와 웜베이지 컬러를 활용한 이 공간은 차분하면서도 세련된 분위기를 연출합니다. 현관에서부터 시작하여 페일그레이와 미니멀한 현관장이 공간의 톤을 잡습니다. 거실에서는 심플현관장과 행잉형현관장이 공간을 더욱 깔끔하게 보이게 합니다. 주방에서는 그레이kicheng Cabinet와 미니멀그레이 케이핑장이 실용성을 극대화하며, 발코니는 꿀팁을 통해 공간 분리를 해서 온화한 감성의 공간으로 변신합니다. 특히, 화이트침실과 넓어보이는 침실은 슬림 조명과 함께 매트그레이 컬러의 강마루가 내추럴하면서도 깔끔한 분위기를 연출합니다. 마지막으로, 온화한느낌의 내추럴욕실은 젠다이 시공과 함께 물때 방지를 위해 철저한 설계가 이루어져 있습니다. 이 공간은 전체적인 분위기와 디테일까지 고려한 5천만원대의 비용으로 완성되었습니다.","집의 첫인상을 좌우하는 현관은 깔끔함이 포인트가 되어야 합니다. 애매한 위치에 뚫려 있는 지저분한 가벽을 깔끔하게 정리해 현관과 거실의 공간을 구분했습니다. 기존 집에서는 좁고 부족한 현관장이 흠이었는데요, 넉넉한 현관장을 설치해, 신발, 현관짐을 여유롭게 보관할 수 있도록 시공했습니다. 매트하고 깔끔한 페일 그레이톤의 행잉형 현관장은 공간이 넓어보이는 효과를 보입니다. 무난한 테라조 현관 타일로 흙먼지가 들더라도 디자인 망치지않게! 거실 바닥은 600*600 패턴 3.5T 장판으로, 포쉐린 타일과도 같은 디자인 효과와 가성비까지 선보입니다. 기존의 소폭마루와는 다르게 굵직한 패턴으로 공간이 훨씬 넓어 보이는 효과가 나타납니다! 깔끔한 화이트 벽지와 몰딩, 깔끔한 매립등에 가까운 슬림 조명으로 밝고 화사한 거실이 완성되었습니다 :) 각 공간의 도어는 따뜻한 베이지 톤으로 시공했습니다. 문틀과 도어를 통일시켜 공간의 균형감을 선사하고, 바닥 장판부터 도어 위쪽 평몰딩이 연결되는 듯한 느낌으로, 바닥에서부터 천장까지 층고가 높아보이기도 합니다 :) 방들은 화이트톤으로 통일시켜, 편안하게 휴식을 취할 수 있는 공간으로 제안했습니다. 방의 조명 또한 슬림 조명으로 교체해, 방 공간이 방해 없이 넓고 탁 트여보이게 합니다. 때가 잘 타는 흰색 욕실에서 우드가 포인트 되는 온화한 베이지 톤의 욕실입니다. 거실과 안방쪽 발코니 타일을 분리시켜, 하나로 연결된 공간이지만, 효과적으로 공간을 사용하는 느낌이 들 수 있는 시공을 진행했습니다. 주방옆방, 안방과 마찬가지로 화이트 톤에 깔끔하게 마감된 입구방의 모습입니다.",0.6912084221839905,0.6283459663391113
"깔끔하고 간결한 모던 인테리어를 적용하면 집 전체가 신선하고 현대적인 분위기를 띤다는 느낌을 줄 것입니다. 먼저, 거실에서는 흰색이나 회색 같은 중립적 색상의 벽과 천장, 그리고 대비되는 컬러의 소품으로 포인트를 부여할 수 있습니다. 창호는 통유리로 선택하여 공간을 더 넓고 밝게 만들 수 있으며, 라인 조명을 활용하여 공간의 디테일을 강조할 수 있습니다.

차분하면서도 편안한 분위기의 침실에서는 붙박이장을 사용하여 공간을 최대한 활용하고, LED 조명을 통해 따뜻하고 편안한 분위기를 조성할 수 있습니다. 침대와 소파 등 주요 가구는 직선적인 디자인을 선택하여 모던한 느낌을 살릴 수 있습니다.

키친에서는 우물천장과 테이블 패널을 활용하여 공간을 구분하며, 파우더장은 테이블 패널과 함께 설치하여 깔끔하게 유지할 수 있습니다. 또한, 현관에서는 헹LING형형관장과 LED 조명을 활용하여 공간의 깊이와 방향성을 표현할 수 있습니다.

마지막으로, 욕실에서는 타일바스와 우물천장을 사용하여 깔끔하고 세련된 분위기를 연출할 수 있으며, 바스는 고급스러운 디자인을 선택하여 전체 인테리어와 잘 어울리는 공간을 만들 수 있습니다. 이러한 방법들을 통해 2천만 원대 내에서 깔끔하고 모던한 인테리어를 완성할 수 있을 것입니다.","리모델링 포인트 ① 화이트 & 블랙 욕실 ② 대면형 주방 주요자재 ① 주방 > 유로 700 그레이스 화이트 ② 거실 아트월 > 와이드 월플러스 배수브라이트 라운드 프리미엄 스윙 중문 설치로 모던한 아치 포인트 인테리어를 구현했습니다. 붙박이장 시공을 통해 부족한 수납공간을 해결했습니다. 벽면과 일체감있게 시공하여 공간의 답답함 없이 보다 효과적으로 수납력을 높였습니다. 또한 안쪽의 아치형 게이트가 보이시나요~? 게이트를 아치형으로 제작해 부드러운 느낌으로 포인트를 주고, 안쪽 좁은 공간을 활용하여 화장대를 설치했습니다. 화장대 거울 양쪽 서랍, 심지어 거울을 열어도 수납공간이 있기 때문에 화장품, 향수 등을 깔끔하게 정리할 수 있습니다. 한샘 타일 욕실입니다. 바닥과 벽을 같은 타일로 시공하여 통일성을 주고, 블랙 프레임 상부장으로 깔끔함을 더했습니다. 매립선반을 제작하여 편리하게 사용할 수 있도록 했고, 심플함의 고급스러움을 연출했습니다. 한샘 '유로 700 그레이스 화이트' 주방 입니다. 소복히 쌓인 하얀 눈처럼 뽀얗고 깨끗한 컬러와 은은하게 포인트가 되는 실버 프레임이 돋보입니다. 대면형 구조이기 때문에 요리를 하면서 거실에 있는 가족과 눈을 맞추며 대화할 수 있습니다. 웃음이 끊기지 않는 행복한 식사시간이 될 것 같네요 :) 거실 아트월 부분에 한샘 '월플러스 배수브라이트'를 시공했습니다. 대리석 같은 느낌의 넓은 와이드 월플러스로 시공하여 자칫 밋밋할 수 있는 거실을 더 넓고 고급스러운 공간으로 연출했습니다. ?",0.6766380071640015,0.632175862789154
"책을 사랑하는 부부의 집을 꾸미는 데 있어 가장 중요한 것은 거실의 멀티공간 활용입니다. 거실 중앙에는 편안한 ㄷ자형 주방을 배치하여 요리를 즐길 수 있도록 하였습니다. 주방 옆에는 협소한 현관과 함께 소음 차단 중문을 설치하여 외界的干扰被有效隔绝，营造出宁静的阅读空间。此外，在这个开放的空间中，我们还巧妙地利用了多扇门的设计，如3连动门和韩式米兰门，以实现空间的灵活分隔与整合。

在书架的选择上，我们选择了不会积尘的材质，并将其嵌入到书柜中，以保持整洁美观。为了满足书虫们的需求，我们在每个房间都配备了宽敞的书桌和书柜，使得阅读和工作的环境既舒适又高效。尤其是客卧和书房中，我们采用了白色和奶油色的衣柜，为整个空间增添了一抹温馨的气息。同时，浴室的设计也非常注重实用性，配备了易于清洁的手持淋浴装置和储物空间，确保日常使用的便利性。

通过这些设计元素的巧妙结合，我们成功地打造了一个充满书香气息、功能齐全且美观舒适的家。无论是阅读、烹饪还是休息，这个家都能提供完美的解决方案。","26평형 방 3개 욕실 1개 아파트입니다. 현관에서부터 부엌과 거실이 이어지는 구조며, 26평형에 방 3개가 있어 거실이 비교적 협소해요. 3인 가족이 함께 식사도 할 수 있고, TV 시청과 독서까지 할 수 있도록 거실을 멀티공간으로 꾸몄어요. 거실 벽면은 빌트인플러스를 설치해서, 깔끔하게 수납물품을 보관할 수 있도록 했어요. TV도 함께 수납 가능하답니다. 또한 슬라이딩 도어를 통해 TV를 시청하지 않을 때는 가림수납도 가능해요. 서재는 책상이 포함된 빌트인플러스가 들어가있어요. 책장과 책상을 따로 배치하기엔 약간 협소하지만, 이렇게 풀어내면 공간효율을 높일 수 있어요.",0.6132306456565857,0.6833184957504272
"광진구 자양동 우성3차 아파트의 31평 크기의 작은 공간을 대폭 리모델링하여 앤틱과 클래식의 조화를 이루는 디자인으로 변모시켰습니다. 거실에서는 고급스러움을 끌어내는 클래식한 톨매트와 앤틱한 소파를 배치하여 분위기를 고조시켰습니다. 또한 거실 한쪽에는 클래식한 가구들과 앤틱한 소품들이 어우러져 있어 깊이 있는 공간감을 느끼게 해줍니다. 주방은 모던한 톤을 유지하면서도 클래식한 세련미를 담아내는 톤으로 꾸며졌습니다. 식탁과 의자는 클래식한 디자인을 선택하여 현대적인 요소와 함께 고급스러움을 더했습니다. 침실에서는 앤틱한 베드와 클래식한 장식이 조화를 이뤄주며, 여유로운 분위기를 연출합니다. 현관에서는 클래식한 여닫이 중문과 앤틱한 장식이 포근함을 더해주며, 전체적으로 시각적으로 조화를 이뤄주는 역할을 합니다. 마지막으로 욕실에서는 클래식한 톤과 앤틱한 소품들이 고급스러움을 더해주며, 깨끗하고 쾌적한 분위기를 제공합니다.",거실 조명은 앤틱한 느낌의 제품으로 클래식함을 더했습니다. 현관부분 가벽과 중문을 시공해 현관공간을 별도로 나눴습니다. 웨인스코팅과 앤틱한 디자인의 도어로 클래식함을 더했습니다. 아일랜드에 쿡탑을 설치해 거실을 바라보면서 요리할 수 있는 주방을 설계했습니다. 안방도 거실과 통일감을 주기위해 앤틱한 디자인의 등을 설치했습니다. 욕실 타일도 클래식하면서도 앤틱한 느낌을 주는 디자인을 시공했습니다. 올리브 그린과 골드색상이 잘 어우러진 프렌치 스타일의 여닫이 중문입니다.,0.7348930835723877,0.7320312261581421
"서울 대치동 은마아파트의 30평 크기의 아파트를 인테리어 할 때, 첫 번째로 고려해야 하는 것은 공간의 효율성을 극대화하는 것이다. 거실은 강마루와 타일을 사용하여 깔끔하고 현대적인 분위기를 연출할 수 있다. 또한 우물천장과 간접우물천장을 활용하면 공간의 높이를 강조하고 더 넓게 느껴지도록 만들어 준다. 드레스룸에서는 붙박이장을 활용하여 공간을 효율적으로 사용하고, 화장대와 파우더장을 설치하여 여성스러운 향기를 뿌릴 수 있다.

서재방은 책상과 책장을 비롯해 다양한 서재용품을 배치하여 집에서의 연구와 작업을 즐길 수 있도록 만든다. 안방에서는 편안함을 위해 침실 인테리어를 신경 쓰는데, 깔끔하면서도 따뜻한 분위기를 내는 디자인이 중요하다. 또한 TV장과 식탁등을 추가하여 편안한 생활을 위한 공간을 제공한다.

현관은 중문으로 설계하여 깔끔한 분위기를 유지하면서도 실내와 외부를 구분한다. 현관 인테리어에서는 한샘 모노캐시미어를 사용하여 현관을 깔끔하게 정돈할 수 있다. 마지막으로 주방은 ㄱ자형을 고려하여 주방 인테리어를 계획하고, 식탁등을 통해 식사나 모임의 장소로 활용될 수 있도록 설계한다. 이렇게 전체적인 인테리어를 계획하면 7천만원 이상의 예산을 효과적으로 사용할 수 있을 것이다.","[ 주방 ] 주방은 밀란 모노캐시미어 로 설계드렸고, 기존에 ㅡ자형 주방이었던 것을 ㄱ자로 변경했습니다. 남는 공간에 냉장고장 2개와 키큰장까지 설계해 주방 공간을 효율적으로 사용하실 수 있도록 했습니다. [ 안방 ] 안방에서도 TV를 보실 수 있게 설치 예정이셨고, 수납까지 가능하길 원하셔서 한쪽 벽면에 한샘 무드베이지 TV장과 함께 붙박이장을 설치 했습니다. [ 입구우방 ] 드레스룸으로 쓰실 입구우방에도 한샘 무드화이트 붙박이장을 설치했고, 맞은편에는 화장대를 배치했습니다.",0.6851138472557068,0.581289529800415
"모던 그레이와 심플한 화이트 톤을 사용하여 이 24평 B타입의 영통 쌍용 아파트를 꾸미자. 첫 번째로, 거실은 흰색 벽체와 그레이 컬러의 가구를 배치하여 깨끗하고 고요한 분위기를 연출한다. 블랙 포인트 소품을 적절히 활용하여 도시적인 감각을 더한다. 침실에서는 화이트 베이스와 그레이 컬러의 침대를 중심으로, 슬림 소프트 3연동 창문과 터닝 도어를 통해 시선을 더욱 깔끔하게 만든다.

주방은 심플한 미니멀 스타일로 구성하며, 행잉형 중앙 오픈장과 함께 빛이 잘 드는 투명한 유리 소품을 배치하여 밝고 통유리한 느낌을 주는 것이 좋다. 드레스룸에서는 넓게 개방된 공간을 만들기 위해 대형 비율의 미니멀한 의자를 배치하고, 작은 루프형 빗대를 설치해 실용성을 높인다. 서재는 책장과 책상이 조화롭게 배치되며, 현관은 투명한 유리 소품으로 구분하여 깊이감을 주는 디자인을 적용한다. 마지막으로 발코니에서는 푸른 식물을 배치하여 실내외를 연결하는 역할을 하는 것이 좋다. 이런 방식으로 각 공간이 독립적이면서도 전체적으로 조화를 이룬 인테리어를 완성할 수 있다.",처음에는 운동 하는 방으로 사용하시다가 나중에는 아이방으로 사용 하시려고 하는 주방 옆방입니다 :) 기확장 되어있던 공간이다 보니 단열 체크 꼼꼼히 해드리고 깔끔히 비워둔 공간입니다 ^^,0.6207568049430847,0.5218930244445801
"경남아너스빌의 23평 경기 안산시 단원구 원곡동 아파트를 내추럴한 우드와 화이트 컬러 톤으로 꾸미면, 이곳은 편안함과 고요함을 느끼는 공간이 될 것입니다. 거실에서 볼 수 있는 아치형 게이트는 공간을 부드럽게 분리하고, 휴판넬과 휴플로어는 자연스러운 느낌을 더욱 강조합니다. 식당과 거실을 연결하는 ㅡ자형 주방은 사각싱크볼과 구축아파트 주방 스타일의 설계로 현대적인 감각을 더해주며, 한샘바스와 블룸 서랍은 깊은 자연감을 연출하는데 도움이 됩니다.

화이트 주방과 인조대리석은 촘촘하게 매치되어 있으며, 포세린 타일과 거위목수전은 깨끗하고 세련된 분위기를 만듭니다. 다이닝 룸에서는 무광니켈과 오브제식기세척기가 조명을 추가하여 밝고 활기찬 분위기를 연출합니다. 드레스룸은 블룸 서랍과 내추럴한 패턴의 의자로 꾸며져 있어 공간을 아늑하게 만들어줍니다. 발코니는 휴판넬과 함께 딥네이처 하부장으로 장식되어 있어 실용적이면서도 자연스러운 분위기를 띕니다.

현관에는 건식 욕실이 위치해 있어 전체적인 디자인에 자연스러움을 더하며, 안방 욕실은 티슈 보관을 위한 서랍과 함께 내추럴한 느낌을 유지합니다. 이런 다양한 요소들이 조화롭게 결합되어 5천만원대의 예산 내에서 깊은 자연의 느낌을 살린 인테리어가 완성됩니다.",주방ㅣ구축아파트의 좁은 주방에 답답하지 않은 ㅡ 자 부엌,0.6009582281112671,0.2837866246700287
"양정포레힐즈스위첸의 83A 단란한 거실에서 바흐토브소파와 특수장이 어우러져 넓디넓은 공간을 더욱 편안하게 만듭니다. 거실 한쪽에는 파사드거실장이 위치해 있어 거울장과 스케치붙박이장이 함께 자리하고 있습니다. 특수장 옆으로는 블랑소파테이블이 배치되어 있어 작은 식사를 즐길 수 있으며, 플로어램프는 밤이 찾아오면 따뜻한 조명을 제공합니다. 거실의 유로503뉴트럴화이트 커튼은 청순하면서도 세련된 분위기를 떠올리게 합니다. 거실과 연결된 침실에서는 한샘호텔침대와 2단서랍장이 조화를 이뤄 주는 동시에 아이방에서는 협탁과 포시즌매트리스가 아이들의 활동적인 생활을 돕습니다. 마지막으로 드레스룸에서는 멀티패널과 조이S, 슈퍼싱글침대, 학생책상, 이동서랍장, 카모매트리스가 함께하여 필요한 물건들을 쉽게 접근할 수 있도록 도와줍니다.","가족들이 모두 모이는 공간인 거실 에는 차르르한 속 커튼과 따뜻한 감성을 더해줄 수 있는 패브릭 소파를 두었습니다. 팔걸이 높낮이가 다른 언밸런스한 디자인으로 세련된 거실을 연출할 수 있어요. 낮은 팔걸이는 눕기에 최적화되어있고, 높은 팔걸이는 팔을 기대고 앉아 편하게 쉬기 좋아요. 신소재 패브릭 원단이라 아이가 있어도 관리하기 쉬울 뿐 아니라, 모듈형 소파 라 자유자재로 배치를 바꿀 수 있어 원하는 인테리어를 연출할 수 있는 장점은 덤! 밝은 바닥재, 벽지 컬러와 조화가 잘 어우러지는 캐시미어 화이트 컬러의 토브 소파 에, 너무 밋밋하지 않게 컬러감이 있는 액자와 쿠션 으로 인테리어를 완성했습니다. 봄에는 노란색, 초록색 쿠션을, 여름에는 파란색 쿠션을 계절 따라 소품들을 바꾸면 또 다른 분위기의 거실을 연출할 수 있는 도화지 같은 소파입니다. 요즘은 대부분 큰 TV를 선호하시는데요, 일반적인 거실장으로는 TV와 거실장의 길이 비율감을 맞추기가 쉽지 않죠. 75인치 이상의 TV 사이즈에 최적화된 *파사드 거실장* 입니다. 아트월과 잘 어울리는 디자인일 뿐만 아니라, 큰 화면 옆에 셋톱박스나 인터넷 공유기가 나오지 않게 숨김 수납할 수 있는 공간도 있으니 모던하고 깔끔한 거실을 연출할 수 있어요. 아이 방 책상과 침대는 11자 로 배치했습니다. 동선으로도 편하고 학습/수면 공간이 분리되는 효과가 있습니다. 심리적인 안정감이 드는 배치로, 좀 더 학습에 집중할 수 있는 환경을 조성해 보세요.",0.6696546077728271,0.5709394812583923
"이 공간은 미니멀하면서도 따뜻한 분위기를 느낄 수 있도록 설계되었습니다. 거실에서부터 현관까지는 하이글로시와 유광현관장을 사용하여 깔끔하고 세련된 느낌을 줍니다. 또한 망입유리를 활용해 자연광을 최대한引入中，请您继续用韩语完成剩余部分，这样可以确保信息的完整性和一致性。以下是完成后的韩文版本：

이 공간은 미니멀하면서도 따뜻한 분위기를 느낄 수 있도록 설계되었습니다. 거실에서부터 현관까지는 하이글로시와 유광현관장을 사용하여 깔끔하고 세련된 느낌을 줍니다. 또한 망입유리를 활용해 자연광을 최대한 활용하며, 포세린타일을 이용해 미니멀한 디자인을 표현합니다. 침실에서는 네이비 도어와 키친 판넬을 사용해 시각적으로 공간을 확장시키며, 무광 키친과 스칸디블랙을 통해 따뜻하면서도 클래식한 분위기를 연출합니다. 키친에서는 사각 싱크볼과 베이지 붙박이장을 사용해 효율성을 높이며, 원형 거울을 통해 공간을 더 넓게 만듭니다. 마지막으로 욕실에서는 헤이즈 크림과 월 플러스를 사용해 고급스러움을 강조하며, 강 마루와 스타일 화이트 오크를 통해 자연스럽고 우아한 분위기를 조성합니다. 이 모든 요소들이 함께 어우러져, 미니멀하면서도 따뜻한 분위기를 만드는 것이 중요합니다.",바닥: 600*600타일시공 벽: 실크벽지 & #한샘키친판넬 #한샘싱크대,0.5581976771354675,0.49615639448165894
"송파구 거여1단지의 달달 하우스는 한샘 리하우스를 통해 화이트 톤으로 꾸며진 모던한 신혼집 인테리어를 선보입니다. 거실에서는 흰색 벽면과 대비되는 깊은 회색 소파와 테이블을 배치하여 시크하면서도 편안한 분위기를 연출합니다. 침실은 간결한 디자인의 침대와 화이트 컬러의 가구들이 빛나는 흰 벽들과 어우러져 깔끔함을 느끼게 합니다. 주방은 한샘 키친의 현대적인 라인과 깨끗한 흰색 터치를 사용하여 식사 공간을 더욱 깨끗하고 편안하게 만듭니다. 드레스룸은 큰 비율의 유리와 흰색 케이스로 구성되어 있어 넓고 통유리 같은 느낌을 주며, 욕실은 흰 마루와 깨끗한 장비들이 조화를 이뤄 편안함과 깨끗함을 제공합니다. 기타 공간으로는 작은 서재와 다이닝 루프가 있어 다양한 활동을 즐길 수 있도록 설계되었습니다.","우리 집 구조의 장점은 더욱 살리고 단점은 보완할 인테리어 제안, 함께 구경해 보실까요? ■ 주방 밀란 시리즈 주방은 한샘에서 자랑하는 가성비가 가장 우수한 모델입니다. 다양한 컬러의 도어 선택이 가능하며, 주방 필수 요소는 충족하면서 깔끔한 주방을 만들어 드렸습니다. ■ 거실",0.6892002820968628,0.5931476354598999
"여백의 미를 살린 심플 모던 그레이 스타일링은 현대적인 감각과 깔끔함을 동시에 느끼게 해줍니다. 거실에서 대면형 주방을 배치하여 대화하면서 요리를 할 수 있게 설계하면 더욱 편안해 보입니다. 심플한 3단 서랍장과 유니크한 패턴의 바닥재가 함께 어우러져 공간을 더욱 아늑하게 만듭니다. 허전하지 않은 거실은 밝은 톤의 침실과 잘 어우러지며, 빌트인 플러스 아이 방은 자녀들이 집중하기 좋은 구조를 제공합니다. 심플한 3단 서랍장은 똑똑한 수납으로 공간을 최대한 활용하며, 터치 도브 도어와 노바 그레이 바닥재는 현관부터 세련된 분위기를 연출합니다. 심플한 욕실은 심플한 3단 서랍장과 유니크한 패턴을 사용하여 여백의 미를 강조하며, 블랙 폴딩 도어는 비밀스러운 분위기를 더해줍니다. 이 스타일링은 모던 거실과 심플한 침실, 아이 방, 키친, 욕실 등 다양한 공간에 걸쳐 깔끔하고 세련된 분위기를 제공합니다.",삼호벽산 아파트입니다. 방3 개 욕실 2개의 구조로 3인 가구에게 부족하지 않은 공간입니다. 발코니는 블랙컬러의 폴딩도어로 사색공간으로서 충분하도록 차분함을 채웠습니다. 또한 빌트인플러스장을 배치해 거실의 가구를 줄였습니다. 중학생 자녀를 둔 고객님이 아들과 대화하며 저녁 준비하는 시간이 가장 즐겁다는 코멘트를 떠올리며 구성한 부엌입니다.,0.658879280090332,0.7236504554748535
"인후동 위브어울림에서 33평 규모의 집을 모던 심플 스타일로 인테리어 하려면, 공간 활용과 편안함이 중요합니다. 먼저 거실에서는 우물천정과 간접조명을 활용하여 공간을 더욱 넓고 밝게 만듭니다. 드레스룸에서는 행거 시스템과 수납장을 설치하여 옷을 효율적으로 보관하고, 샷시를 통해 공간을 더욱 넓게 느끼게 합니다.

주방은 오픈형 디자인으로 한눈에 보이는 공간을 만듭니다. 빌트인 기기와 키친 캐시미어(Kitchen Cashmere)의 멋진 싱크대를 사용하여 깨끗하고 현대적인 분위기를 연출합니다. 주방과 연결된 식당 공간에서는 휴플로어를 사용하여 공간을 분리하면서도 유연하게 사용할 수 있도록 합니다.

욕실에서는 한샘 바스(Hanssem Bath)를 사용하여 고급스러운 분위기를 표현하며, 헤어 드라이어와 스포터를 위한 공간을 마련합니다. 또한 욕실 리모델링을 통해 간결하고 현대적인 느낌을 줍니다. 이 과정에서 필요한 소품들은 미ลาน100 캐시미어(Milan 100 Kitchen Cashmere)의 아이템들을 활용하여 전체적인 테마를 일관되게 유지합니다.","공간별로 자세히 살펴보실까요? 거실 거실의 발코니를 확장 해 탁 트인 공간으로 재구성한 거실 입니다. 더 환하고 넓어보이는 거실을 연출하기위해 거실등은 초슬림 엣지 LED등으로 설계했습니다. 주요시공 :  발코니 확장. 우물천정 간접등 드레스룸 창문의 위치를 고려해 최대한의 수납장 배치를 했고 오픈 행거시스템으로 효율적인 공간활용 이 가능해졌습니다. 바스 일반적인 타일시공이 아닌 한샘만의 바스소재 시공으로 바닥재와 벽판넬 시공을 하였습니다. 타일 특유의 줄눈이 없어 변색이 없고 장기적인 관리가 편안한 바스 입니다. 주요시공 : 생활방수 벽판넬, 휴플로어",0.67768394947052,0.8476725220680237
"이 32평 규모의 공간에서 트랜디하면서도 가족 구성원 모두가 편안하게 즐길 수 있는 인테리어를 계획한다면, 베이지와 화이트 컬러가 조화를 이루는 디자인이 적합합니다. 거실에서는 실링팬 인테리어를 활용해 상당한 공간을 확장하는 효과를 줄 수 있으며, 간접조명을 통해 더욱 포근하고 따뜻한 분위기를 연출할 수 있습니다. 침실과 아이방에서는 내추럴한 재료를 사용하여 자연적인 느낌을 살려주며, 여닫이 중문을 이용하면 필요에 따라 공간을 유연하게 분리하거나 통합할 수 있어 실용성을 높입니다. 주방에서는 와이드 마루를 선택하여 공간을 더욱 넓게 느끼게 만들고, 미가루버를 적용하면 깔끔하고 현대적인 느낌을 더할 수 있습니다. 마지막으로, 욕실에서는 간결하면서도 세련된 디자인을 추구하여 전체적인 인테리어 스타일을 일관되게 유지할 수 있습니다. 이처럼 다양한 공간에 걸쳐 색감의 조화를 고려하면 트랜디하면서도 편안한 생활을 즐길 수 있을 것입니다.","[거실과 현관이 바로 연결된 32평] 기존 현관은 문을 열고 바로 들어오시면 양옆에 벽이 없고 중문도 없는 구조여서 외부에서 들어오는 미세먼지, 추위, 소음이 바로 집안에 노출되는 구조입니다. 이런상황이면 먼지도 그렇고 추위까지는 이해하시겠지만 외부인에게 집내부가 그대로 보이는 구조여서 이러한 구조는 많은 고객님분들이 중문설치를 원하시는데요, 저희 한샘은 여닫이 및 3연동부터 다양한 중문이 나옵니다. 프레임색상부터 두께,유리선택까지 자유롭게 상담 받으시면서 시공까지 그대로 받으실수있으신데요. 중문을 설치하셔서 프라이버시를 지키시면서도 공간분리를 통해 외부에 들어오는 먼지를 차단하여 건강을 챙기시는게 좋으시겠죠~? [생활반경에 편리한 주방을 만들어드립니다] 주방하면 한샘이시라는건 고객분들께서 잘 알고계시는 정보이실텐데요~^^ 타사 브랜드보다 디자인을 선택하실 수 있는 모델도 다양하기도 하고, 무엇보다 주방은 큰금액을 들여서 교체하시는거라 몇십년 사용을 원하시는 분들이 많습니다. 그러면 고객님께서 선택하시는 주방이 속자재와 힌지는 무슨재료로 사용되는지 잘 아셔야하는 부분들이 있습니다. 저희 한샘은 E0등급의 친환경 속자재와 하드웨어도 블룸사 이용하여 고급라인입니다. 본사에서도 6만번에 개폐테스트를 통과해서 고객분들이 몇십년 쓰실 수 있도록 보장되어있습니다. 이처럼 자재도 중요하지만 같은 평수,같은 구조여도 고객님분들의 라이프스타일에 맞춰 주방 구조가 다양하게 바꾸실 수 있으신데요, 막연한 구조 변경을 상상만 하시는것보단 저희 한샘은 고객님분들의 니즈를 100프로 반영하여 추후 구매하실 기기에 맞춰 디자인상담을 해드립니다. 몇십년 사용하실 주방, 후회 하시지 않게 여러번 상담도 가능하시니 주방은 한샘에서 꼭 바꾸시길 바라겠습니다~ 한샘 유로N그레이드 사하라 제품과 터치화이트 조합으로 꾸민 주방입니다. 위 디자인처럼 투톤 주방으로 조합하셔도 괜찮고, 제가 한 디자인처럼 창문 위 플랩장으로 포인트를 준 주방으로 사용하실 수 있고 수납을 더 중요하게 생각하시면 일반 상부장으로 바꾸실 수도 있으십니다~ [타일욕실 거실욕실] 600*600 타일 시공으로 고급스러운 욕실을 연출하였습니다. 젠다이가 없는 욕실이였습니다. 조적시공을 하여 따로 선반악세사리를 두지않고 벽자체를 선반으로 이용하실 수 있게 디자인을 만들었습니다. 거실욕실은 욕조를 원하시면 욕조를 파티션을 원하시면 파티션 시공도 가능하시니 고객님의 니즈를 모두 담아드리겠습니다^^ [한샘바스 안방욕실] 한샘판넬 욕실로 시공된 이미지입니다. 고객님분들께서 타일욕실 쓰시면서 제일 힘든부분은 미끄럽고 청소가 까다롭다는건 다 알고 계시죠~? 타일욕실은 고인 물이 빠져나가지 않아 메지라인에 곰팡이가 피는 소재인데요, 저희 욕실로 시공하시면 바닥이 한판으로 깔기때문에 곰팡이 걱정 덜어드리겠습니다^^ 또 저희 소재는 미끄럽지않아 넘어져도 다치지 않는 장점이 있습니다.",0.6573556065559387,0.6470931768417358
"50평 규모의 서초구 반포자이에서 고급스러운 인테리어를 구축하는 것은 큰 도전이지만, 이를 성공적으로 완성하면 주거 공간의 가치가 크게 향상될 것입니다. 특히 거실에서는 6인용식탁과 ㄱ자형 주방을 배치하여 식사와 가족 모임을 위한 공간을 확보할 수 있습니다. 또한 거실 인테리어는 대형 타일과 포쉐린 타일, 600각 타일을 사용하여 고급스러운 분위기를 연출할 수 있으며, 타일욕실은 깔끔하고 청결한 느낌을 주게 됩니다. 드레스룸과 바흐 드레스룸은 알파 룸과 미가 루버를 통해 개인적인 공간을 더욱 효율적으로 활용할 수 있게 해줍니다. 라인 조명을 적절히 배치함으로써 공간을 더욱 돋보이게 만들고, 멀티 룸은 허브 판넬과 허브 플로어를 활용하여 다양한 기능성을 가지는 공간으로 변신시킬 수 있습니다. 마지막으로, 안방 인테리어는 간접 조명과 타워형 거실을 통해 쾌적한 분위기를 조성하며, 대형 소파는 편안함을 제공합니다. 이처럼 다양한 요소들이 조화롭게 어우러져, 이 공간은 고급스럽고 편안한 거주 환경을 제공하게 될 것입니다.","한샘 EO200 루체 화이트 모델로 구성한 주방입니다. 찬넬과 걸레받이와 같은 마감재까지 모두 도어와 동일한 색상으로 구성 가능하여 완벽한 일체감과 슬림룩을 구현합니다. 뿐만 아니라 키친 바흐에서만 볼 수 있던 빗각 도어를 적용하여 문 열기는 편리하게, 디테일은 더욱 고급스럽게 강화한 모델입니다. 거실 욕실은 가족 구성원 뿐만 아니라 손님도 이용하는 공간인 만큼 유지, 관리면에서 장점이 있는 한샘 바스로 시공했습니다. 벽체의 휴판넬은 타일과 달리 줄눈이 없기에 처음 시공했던 컨디션 그대로 오랫동안 유지 가능하며, 별도의 약품을 사용하지 않아도 손 쉽게 청소 가능합니다. 바닥의 휴플로어는 표면 특수 엠보처리 되어있어 혹여 발생할 수 있는 낙상사고에도 충격을 최소화 해주며 이음매가 없어 보다 깔끔하고 개방감 있는 욕실을 구현할 수 있습니다.",0.6878274083137512,0.5475760102272034
"어린 아이가 있는 가정의 인테리어를 계획할 때는 안전성과 편리성이 매우 중요합니다. 첫 번째 고려해야 할 것은 드레스룸입니다. 5단 서랍장과 기본 붙박이장을 설치하여 아이들의 물건들을 정돈하고 관리할 수 있게 만듭니다. 거실에서는 공부하기 좋은 테이블을 선택하여 아이가 집에서 학업을 진행할 수 있도록 하세요. 또한 벽에 거실 책장을 추가하여 아이가 필요로 하는 자료를 쉽게 찾을 수 있게 합니다.

아이들이 많이 사용하는 침실에서는 높이 조절 책상과 각도 조절 책상을 선택하여 아이가 성장하면서도 적합하게 사용할 수 있게 만듭니다. 또한 다이닝 룸에서는 원목 타원형 식탁을 배치하여 가족이 함께 식사를 즐길 수 있도록 하세요. 현관에는 빌트인 플러스 벤치장을 설치하여 신발이나 소포를 보관할 수 있도록 하며, 현관 중문은 먼지와 외풍을 차단할 수 있어 더욱 좋습니다.

마무리 단계에서는 주방을 깔끔하고 넓게 만들기 위해 화이트 컬러의 주방과 다이닝 룸을 선택하여 전체적으로 밝고 세련된 분위기를 연출할 수 있습니다. 마지막으로, 욕실에서는 대리석 판넬과 마블 패턴 대리석을 사용하여 넓어보이는 효과를 주면서 세련된 분위기를 연출할 수 있습니다. 이러한 인테리어 요소들은 예산 내에서 최적의 결과를 제공하며, 아이들과 부부 모두에게 편안하고 아름다운 공간을 제공합니다.","방 3개 욕실 2개로 구성된 답십리에 위치한 32평형 아파트예요. 자녀를 위해 과감히 집에서 TV를 빼고 거실의 공간을 놀이&학습 공간으로 만들었어요. 또한 거실에 테이블을 배치하여 아이들과 함께하는 시간 더욱 풍부해질 수 있도록 했습니다. 슬라이딩도어가 포함된 빌트인플러스로, 자석을 사용해 알파벳 놀이를 하거나, 자녀의 귀여운 그림 작품들을 부착할 수 있어요. 아직 어린 미취학 자녀와 함께하는 부부침실이에요. 부모님의 침대 옆에 아이의 침대를 배치해서 같이 잠들기 때문에, 아이가 무서워 하지 않아요.",0.6751238107681274,0.7444358468055725
"25평 규모의 신혼부부를 위한 인테리어는 밝고 따뜻한 분위기를 연출하면서도 편안함을 느끼게 해주는 것이 중요합니다. 먼저 거실은 밝은 색감의 벽면涂料来了，我继续描述这个空间：
为了营造出明亮和温馨的感觉，可以使用浅米色或淡灰色作为墙面的颜色。这样可以让整个空间显得更加宽敞明亮。选择一款质地柔软的深色地毯，既能提供舒适的脚感，又能为房间增添一份温暖。客厅的一角可以设置一个小型书架，既可以用作阅读区也可以存放一些书籍和装饰品。

接下来是卧室，床头背景墙可以选择柔和的蓝色或绿色，这样不仅能够营造出宁静舒适的睡眠氛围，还能让房间看起来更加优雅。床品可以选择棉麻材质，既舒适又有自然的质感。床头两侧放置简约风格的床头柜，上面可以摆放台灯和一些小装饰品，增加生活气息。

厨房的设计则要注重实用性和美观性的结合。可以选择白色橱柜搭配木纹贴面，既简洁又易于打理。烹饪区上方安装吊柜，充分利用空间储存厨具和调料。为了保证厨房的整洁，还可以考虑安装洗碗机和消毒柜等现代化设备。

书房区域可以设计成开放式或是半开放式布局，配备一张大尺寸的工作桌和舒适的办公椅。书架上可以摆放一些书籍和植物，营造出一个轻松的学习工作环境。此外，还可以设置一个小角落放置休闲沙发和茶几，供夫妻两人在工作之余享受悠闲时光。

浴室则需要注重干湿分离的设计原则，淋浴区与洗手台之间应有明显的界限。选择防滑地砖和防水墙面材料，确保安全性和耐用性。在镜子旁边安装一组灯光，保证化妆或剃须时有足够的光线。最后，不要忘了为这个小空间增添一些绿植，让浴室也充满生机。

最后，在玄关处可以设置一面全身镜和一个鞋柜，方便客人换鞋的同时也能整理自己的仪表。通过上述设计，这个25平的空间将成为新婚夫妇理想的居所。","현장정보 -평형: 84m2(25평형) -공사범위: 샷시필름, 기존 구조에서 마감재 변경 -공사기간: 3주 리모델링포인트 1.화이트&베이지 톤의 밝고 따스한 느낌의 인테리어 공간 2.신혼부부를 위한 아일랜드 주방 구조로 실용성 UP 주요자재 -한샘 밀란 필름 S200 -한샘 휴장판 2.2T 어반스톤베이지 -한샘 주방 무드화이트 -한샘 수퍼 현관장 무드화이트 --한샘 라이팅 스윙엣지 PKG <거실> -한샘 휴장판2.2T로 타일 같은 느낌의 바닥재 완성 -메인등과 포인트등을 통한 조명 인테리어 <안방&서재방> -서재방을 통한 취미방&알파방 구성 -안방은 오직 휴식과 수면을 위한 공간으로 구성 -한셈 스윙엣지 조명으로 따스한 느낌의 조명 인테리어 <현관> -한샘 초슬림 3연동 중문으로 깔끔한 현관 완성 <주방> -한샘 무드화이트 주방으로 깔끔하고 세련된 분위기의 주방 재탄생 -실용적인 아일랜드로 조리대 겸 식탁으로 구성 <욕실> -기존 욕조에서 파티션 타입으로 변경 -롱젠다이 신설로 깔끔한 욕실 재탄생",0.5622575879096985,0.28986382484436035
"거실을 정리하고 싶다면 세라믹 유리장을 활용한 디자인이 효과적입니다. 세라믹 유리는 투명하면서도 고급스러운 느낌을 주며, 거실의 공간을 더욱 넓게 보이게 만듭니다. 반매립형 TV는 공간을 더욱 깔끔하게 유지하며, 시스템 에어컨과 함께 사용하면 여름철에도 시원함을 제공합니다. 또한, 거실 알판과 다운라이트 조명은 미니멀한 분위기를 강조하는데 도움이 됩니다. 거실을 확장하기 위해서는 9mm 두께의 문선을 활용해 볼 수 있으며, 이를 통해 거실과 다른 공간을 분리하거나 연결할 수 있습니다. 마지막으로, 단 내림과 세라믹 장식장을 통해 공간을 더욱 정돈하며, 시스템 행거를 설치하면 필요한 물건을 쉽게 찾을 수 있도록 돕습니다. 이러한 요소들을 조화롭게 결합하면 심플&미니멀한 스타일의 거실을 완성할 수 있을 것입니다.",32평형대 4인가족 구성의 인테리어 화이트와 베이지톤 그리고 우드톤의 필름으로 인테리어 포인트를 준 따뜻한 분위기의 인테라어 연출 안방 ㅣ 시그니처 맞춤 붙박이장으로 더욱 깔끔한 수납공간 발코나 ㅣ 수납을 위한 반침장과 위생적인 세라믹 탄성코트 발코니에는 세라믹 탄성을 시공하고 바닥에는 300x300각 타일을 사용해 제안 드렸습니다. 세탁부에는 단올림을 하여 좀더 안정감 있게 사용하실 수 있도록 제안 드렸습니다. 현관 ㅣ 중앙 오픈장으로 인테리어 요소의 재미를 더해주는 현관장,0.6713249087333679,0.5789794921875
"화이트 모던 스타일의 인테리어를 적용하면 주택 전체가 깔끔하고 시크하게 변모합니다. 특히 거실에서는 대리석 마블스퀘어 강마루와 조명을 활용하여 고급스러움을 더해주고, 키친에서는 실링팬을 통해 쾌적한 환기를 유지하면서도 깨끗한 분위기를 연출합니다. 침실에서는 미가루버 소재의 침대와 베개를 배치하여 편안함을 느낄 수 있도록 하며, 발코니는 편안한 의자와 테이블을 두어 여유로운 시간을 즐길 수 있게 합니다. 마지막으로 현관은 화이트 컬러의 빗살무늬 마루와 조명을 통해 입구부터 깔끔하고 청결한 느낌을 줍니다. 이 모든 요소들이 조화를 이뤄 전체적인 인테리어의 미니멀한 분위기를 더욱 돋보게 합니다.","드레스룸 & 침실 - 실용성과 정돈미의 완성 화이트 모던 인테리어의 연장선상에서 침실과 드레스룸 역시 깔끔하고 실용적인 공간으로 완성했습니다. ▶ 드레스룸 - 오픈형 시스템행거 시공 맞춤형 시스템행거 구조로 개방감 있는 드레스룸을 구성했습니다. 선반 행잉봉을 효율적으로 조합하여 사용자의 생활 패턴에 맞춘 커스터마이징 수납이 가능하도록 설계했어요. 벽면과 바닥 마감은 기존 인테리어 톤과 조화되는 화이트&내추럴 우드 톤을 적용해 통일감 있는 분위기를 유지했습니다. ▶ 파우더 공간 - 조명 거울 포함한 내장형 화장대 드레스룸 내부 한켠에는 파우더장 시공을 통해 메이크업부터 간단한 정리까지 가능한 개인 케어존을 구성했어요. 파우더장 위로 조명ㅇ르 설치하여 조도 확보는 물론, 깨끗하고 화사한 분위기를 연출했습니다.",0.6821746230125427,0.7370433211326599
"부산 대연힐스테이트의 34평 집을 호텔처럼 편안하게 꾸미려면, 먼저 전체적인 분위기를 고려해야 합니다. 그레이톤 컬러를 기본 색상으로 선택하면 시각적으로 공간이 더 넓어 보이고 세련된 분위기를 연출할 수 있습니다. 거실과 침실에서는 편안함을 강조하기 위해 터치 패드나 코튼 소재의 러그를 사용할 수 있으며, 아이 방에서는 천장까지 이어지는 빛을 활용해 밝고 활기찬 분위기를 만드는 것이 좋습니다.

또한, 요리하는 즐거움을 느끼게 하기 위해 주방은 밝은 색상의 케이스와 밝은 조명을 사용하여 개방감을 주는 것이 좋습니다. 드레스룸에서는 헤어드라이어와 수납공간이 있는 키친 스타일의 수납장을 추가해 실용성을 높일 수 있고, 욕실은 호텔식 티비와 프리미엄 화장품 라인을 설치하여 고급스러운 분위기를 연출할 수 있습니다. 기타 공간에서는 조명을 활용해 공간의 특징을 강조하거나 조화롭게 연결하는 것이 중요합니다.","키친(주방) 주방 EURO 200 루체 콘크리트 한샘의 베스트 셀러 중 한 제품입니다! 고급스럽고 클래식한 디자인으로 많은 고객님들의 사랑을 받고 있습니다 기존 'ㅡ'자 형태의 주방에 아일랜드장을 더하여 다이닝 키친으로 변모하였습니다 주백색 매립등을 사용하여, 그레이 / 베이지 색상을 함께 만나 보실 수 있습니다 안방 안방은 부부의 편안한 안식처가 되어야 할 공간입니다 안방 욕실 옆 고급스러운 파우더장으로 단장 할 수 있는 공간입니다 시스템 에어컨을 설치함으로 공간을 넓게 연출하였습니다 드레스룸 옷은 저마다 개성을 연출하기 쉬운 부분인데요 최근 다양해지는 사회에 따라 옷을 활용범위도 넓어졌습니다 여러 종류의 옷을 수납하며, 동시에 스타일 연출을 해볼 수 있는 나만의 공간을 제안 드립니다 자녀방 자녀방 또는 지인들이 잠시 머무르고 갈수 있는 방으로 활용가능합니다 자녀가 업무 또는 학업의 능률을 올릴 수 있도록 침대와 책상을 구분하여 배치하였습니다 지인, 친지들이 머무를 수 있도록 할 수 있습니다 공용욕실 한샘은 욕실이 하루만에 시공 가능하시다는거 알고 계시죠? 카라라화이트 판넬과 그레이 플로어가 들어갔으며, 집 천제 분위기에 맞게 화이트 / 블랙 으로 포인트를 주었습니다",0.6820734143257141,0.7246013879776001
"연희성원 아파트의 33평형 레이아웃은 효율적인 공간 활용과 깔끔한 디자인이 특징입니다. 거실에서부터 시작해 펜트house 를 활용하여 작은 공간에도 풍부한 수납공간을 제공합니다. 특히 거실 한 쪽 벽면에는 한샘 빌트인 비스포크 냉장고를 설치하여 공간을 절약하고도 식료품 보관이 가능하게 했습니다. 주방은 한샘 매트 화이트 컬러의 주방을 선택하여 깨끗하고 세련된 분위기를 연출했습니다. 중문을 통해 거실과 주방을 분리하여 필요한 경우 음식 조리 중에도 손님을 맞이할 수 있습니다. 또한, 침실에서는 한샘 붙박이장을 활용하여 빈틈없이 옷장과 서랍을 마련하였습니다. 침실의 따뜻한 분위기를 살려 한샘 펄 클래식 시리즈의 가구를 사용하였으며, 욕실은 건식 욕실을 도입하여 깨끗한 분위기를 유지하면서도 공간 효율성을 높였습니다. 이처럼 연희성원 아파트의 33평형은 다양한 기능성을 갖춘 인테리어를 통해 작은 공간에서도 편안하고 고급스러운 생활을 즐길 수 있게 해줍니다.","현장정보 - 평형 : 108㎡ A형 (33평형) - 공사범위 : 주방, 욕실, 창호, 마루, 목공, 필름, 수납, 조명, 도배 등 - 공사기간 : 5주 리모델링 포인트 - 거실 확장으로 넓은 공간 확보 - 다양한 수납장 설치로 빈틈없는 수납 주요자재 - 한샘 월플러스 - 한샘 창호 - 한샘 강마루 - 한샘 키친 EO 100 매트화이트 오픈형 현관에는 파티션형 중문을 설치하여 공간을 분할해 주었습니다. 설치된 중문은 한샘 유로 중문 입니다. 주방은 빌트인 냉장고장 설치로 조리 및 수납 공간을 넓게 확보했습니다. 주방 벽체는 타일이 아닌 한샘 키친판넬 설치로 깔끔한 느낌을 주면서 관리가 용이 하도록 했습니다. 주방 제품은 한샘 유로 100 매트화이트 입니다. 침실과 서재에는 한샘 붙박이장과 한샘 빌트인 제품을 설치했습니다. 침실 붙박이장은 한샘 펄클래식, 서재에 설치된 수납장은 한샘 빌트인 오크 제품입니다. 한샘바스로 시공된 욕실입니다. 한샘바스는 줄눈이 없어 청소 및 관리가 편하고 타일 욕실보다 훨씬 모던한 느낌을 줍니다.",0.6990647912025452,0.6736694574356079
"폴딩도어를 활용한 거실 인테리어는 공간 활용도와 시각적 확장을 동시에 이루어냅니다. 특히 신혼부부에게 적합하며, 폴딩 도어를 통해 부엌과 연결되는 공간으로 활용하거나, 필요에 따라 안방이나 파우더 룸과 연결시켜 사용할 수 있습니다. 이는 실내 공간을 유연하게 조절하고 공간 효율성을 극대화하는 데 큰 도움이 됩니다. 또한, 무드 화이트 컬러를 주요 색상으로 사용하여 전체적인 분위기를 차분하고 깔끔하게 유지합니다. 간접 조명과 다운라이트을 조합하여 밝고 포근한 분위기를 연출할 수 있으며, 이는 특히 밤에는 더욱 매력적으로 보입니다. 이렇게 하면 거실이 여유로운 분위기를 떠올리게 만듭니다.",날씨가 오락가락 하는 계절입니다. 계절의 변화에 맞춰서 집정리를 하다보면서 하나하나 고치고 싶은 부분들이 눈에 보이죠 오늘은 우리집은 어떻게 바뀔 수 있을까 생각하면서 김천kcc스위첸 33평 한번 뜯어고쳐 보겠습니다! 작은방 입구에 있는 작은방 두군데는 개인 서제 및 취미공간으로 사용하실 수 있도록 구성했습니다.,0.647892951965332,0.452553391456604
"산성역 자이푸르지오 112T에서 부모님을 위한 안락하고 편안한 공간을 꾸미는 데는 몇 가지 중요한 요소들이 있습니다. 먼저, 거실에서는 슬로우 패브릭 침대와 1인 리클라이너를 배치하여 부모님의 편안함을 돕습니다. 침실에서는 클래식 파우더장을 활용해 옷장 역할을 하되, 포시즌 매트리스와 유로 604를 사용해 편안함을 극대화합니다.

드레스룸은 클래식한 스타일의 3단 서랍장을 통해 필요한 물건들을 정돈하며, 멀티룸이나 서재에서는 한샘이 만든 도무스 베네레와 바흐 서재를 활용하여 작업과 휴식을 즐길 수 있도록 합니다. 특히, 애나벨 식탁과 플로어 조명, 펜던트 조명 등으로 분위기를 조성하면 더욱 좋습니다.

마지막으로, 블라인드와 소파 테이블, 사이드 테이블, 원형 러그 등을 통해 전체적인 공간의 균형과 조화를 이루며, 시각적으로도 아름다움을 더합니다. 이처럼 다양한 아이템을 조합하여 부모님을 위한 안락하고 편안한 공간을 만들어보세요.",한샘의 뮤트 코너 옷장으로 답답하지 않은 드레스룸을 연출하실 수 있습니다 ^^ 오픈 선반장에는 자주 사용하시는 가방이나 모자를 보관하시는 건 어떠실까요 ~? 깔끔한 화이트 컬러는 답답하지 않고 넓어 보이는 드레스룸을 만들 수 있어요! 포인트는 한샘 패브릭의 블라인드와 원형 러그로 이쁘게 꾸며보세요 :),0.6760789155960083,0.5063464641571045
"수원 광교의 오드카운티에서 눈을 환하게 빛내주는 화이트 인테리어는 전체적인 분위기를 밝고 시원하게 만듭니다. 특히 ㄱ자형 주방을 한샘 키친으로 선택하여 넓어 보이는 효과를 줍니다. 유로 키친 스타일의 매트 화이트 컬러는 전체적으로 깨끗하고 차분한 느낌을 줍니다. 현관문을 딥 그린색으로 선택하여 강렬하면서도 아름다운 대비를 이루게 합니다. 이와 함께 은은한 라인 조명과 매트 화이트 화장대를 사용하여 밝은 거울 앞에서 더욱 넓어 보이는 효과를 낼 수 있습니다.

발코니 확장을 통해 실내외를 연결하는 것이 가능하며, 슬라이딩 중문과 한샘 프리미엄 중문은 공간을 효율적으로 활용합니다. 화이트 마루 바닥과 창가 간접 등은 전체적으로 환한 분위기를 연출하는데 도움이 됩니다. 또한 욕실공간을 분리함으로써 물이 튀지 않는 화이트 톤의 한샘 강마루와 우드 톤 마루 바닥은 깨끗하고 청결한 느낌을 줍니다. 이처럼 다양한 요소들이 조화롭게 어우러져 모던한 인테리어를 완성할 수 있습니다.","현관문은 딥그린색으로 차분한느낌과 포인트를 주고 바닥과 벽면은 은은한 우드톤의 색상으로 입구에서 따뜻한 느낌을 줍니다. 중문은 한샘프리미엄 슬라이딩 중문으로 화이트 컨셉과 어울리는 화이트 라인으로 시공되었습니다. 색상의 일체감은 공간의 고급스러운 느낌을 잘 살려주는 것 같습니다. 넓은 주방은 ㄱ자형 아일랜드 주방으로 깔끔한 매트화이트로 시공되었습니다. 많은 수납공간을 확보했네요! 상부장 라인에 맞게 맞춘 매립등과 상부장 간접등은 주방을 더욱 환하게 해줍니다. 조리대나 싱크쪽 벽면은 깨끗한 화이트보다는 살짝 라이트한 그레이색상으로 조리나 뒷정리를 할때도 청소가 부담스럽지 않도록 시공되었습니다. 우물천장을 양쪽으로 최대한 넓게 시공해 공간이 더 넓어보이네요! 은은한 화이트에 가까운 우트톤의 마루가 깔끔한 느낌을 가져다 주네요! 창가쪽 커튼박스에 간접등을 설치해 따뜻한 거실분위기를 완성했습니다. 드레스룸 화장대는 매트화이트로 시공됐어요. 넓은 거울이 공간을 더 넓어보이게 하는 효과를 가져다 주네요! 하부 수납 역시 놓치지 않습니다. 공용욕실에는 파티션을 시공해 샤워부스와 세면대 공간분리를 했어요. 물이 튀지 않게 해서 아주 좋은 것 같아요! 수납은 슬라이딩장을 설치했는데, 하단에 조명을 설치해 포인트를 줬습니다. 은은한 그레이톤의 욕실은 화이트톤보다 훨씬 관리하기 편하답니다. 침실은 베란다를 확장하지 않고 팬트리처럼 사용할 수 있도록 했답니다. 침실 커튼박스에도 간접등을 설치해 따뜻한 느낌을 줬답니다.",0.710299015045166,0.7080011367797852
"이 공간은 내추럴한 테마를 유지하면서도 아이들과 함께 사는 가족들의 필요성을 고려하여 디자인되었습니다. 첫 번째 공간인 거실에서는 저altura의 수납장과 블루투스 에어드레서를 활용하여 쓰레기를 관리하고, 포네 소파와 미나식탁으로 편안한 시간을 보내는 데 필요한 공간을 마련하였습니다. 침실에서는 맞춤형 붙박이장을 설치하여 공간을 최대한 활용하였고, 산성역자이푸르지오와 자이푸르지오 침대는 아이들과의 편안한 잠을 보장합니다. 아이방에서는 작은 책장과 책꽂이를 통해 아이의 독서습관을 기르는데 도움을 줄 수 있도록 했습니다. 다이닝 룸에서는 프레임오크 소재의 저altura 수납장이 식탁 옆에 위치하여 음식을 보관하거나 필요한 물건을 쉽게 찾을 수 있게 해줍니다. 드레스룸에서는 갤러리 장을 설치하여 의류와 액세서리를 효율적으로 보관하며, 서재/멀티 룸에서는 오브제 거실장을 통해 다양한 물건을 정돈할 수 있습니다. 이 공간은 내추럴한 테마를 유지하면서도 다양한 기능성을 겸비하여, 아이들과 함께 사는 가족들에게 편안함을 제공합니다.","#  포인트 컬러 따뜻한 컬러의 마루와 아트월로 포근한 홈스타일링을 연출하기에 적합한데요. 다만 이에 맞춰 가구까지 화이트와 베이지 컬러로만 구성하다 보면 다소 지루할 수 있습니다! 우리집의 얼굴이라고 할 수 있는 거실 TV벽면에 톡톡 튀는 포인트를 주면 어떨까요? 깔끔하면서도 개성있는 [ 오브제 글라스 거실장 ] 을 배치하였습니다! 넉넉한 수납은 물론, 내부를 비추어주는 LED와 내부가 은은하게 보이는 플루트 유리로 한 층 더 고급스러운 거실 분위기를 연출 할 수 있습니다. 거실장 옆에 좋아하는 식물을 함께 두어도 조화롭게 잘 어우러질 것 같네요! ________________________________________________________",0.6387119889259338,0.5857369899749756
"화사하면서도 깔끔한 분위기를 원하신다면, 이 집의 33평 공간을 '모노네이비' 톤으로 꾸미는 것이 좋습니다. 현관문을 안정감 있는 모던한 스타일로 선택하면 전체적인 공간의 분위기를 더욱 높여줍니다. 특히 현관문은 밝은 톤의 미러 마감을 가진 한샘의 중문을 사용하면 고급스러움과 함께 밝고 통하는 느낌을 줄 수 있습니다.

거실은 발코니를 확장하여 거실과 연결해주는 방식으로 설계하면 실내 외부의 경계를 없애고 더 넓고 여유로운 공간을 만드는 효과가 있습니다. 강마루를 시공하여 깨끗하고 세련된 분위기를 연출할 수 있으며, 미니멀한 식탁 조명과 주방 조명을 활용하면 포인트 조명으로 화사함을 더할 수 있습니다.

주방은 한샘의 유로슬라이딩 중문을 통해 공간을 효율적으로 구분하며, 심플한 싱크대를 선택하여 뒷정리를 두려워 하지 않게 합니다. 이처럼 3천만원대 내에서 다양한 요소를 조합하여 차분하면서도 화사한 분위기의 스윗홈을 완성할 수 있습니다.","복도에는 포인트로 복도 매립등을 시공했습니다. 등이 없었다면 너무 어두웠을 것 같은데, 탁월한 선택을 하셨네요! 어두운 색상으로 포인트를 준 한샘 프리미엄 슬라이딩 중문 입니다. 많은 고객님들께서 화이트 색상을 많이 선호하시는데, 어두운 색상으로 포인트를 주니 이 또한 굉장히 깔끔한 느낌을 주네요! 중문과 같은 방화문 색상은 인테리어에 일체감을 줍니다. 색상이 어두워 더 안정감있는 느낌이죠? 양 옆에는 붙박이장을 설치, 신발외에도 집에 보관중인 다양한 물건들을 보관할 수 있는 장으로 시공되었답니다. 어쩌면 이 공간에서 가장많이 변한곳이지 않을까 생각되는데요, 고객님들께 사랑을 많이 받는 클래식한 디자인 한샘 밀란 모노 네이비 입니다. 왼편에는 식당장을 설치하여 우리집의 홈카페 분위기를 낼 수 있는 공간을 마련했습니다. 오른편에는 키큰장과 냉장고장을 설계해 양쪽에서 너른 수납을 사용할 수 있도록 했습니다. 완성된 주방 한가운데 놓인 포인트 등이 너무 매력적이네요! 이곳에 식탁을 설치한다면 정말 무드있는 공간이 완성 될 듯합니다.",0.6843283176422119,0.6862542033195496
"부산 다대동 대우아파트의 38평 공간은 그레이 컬러를 기본으로 하여 모던그레이 하우스로 변신하였습니다. 거실은 흰색 벽체와 대면형 아일랜드 키친을 통해 넓은 조리공간을 만끽할 수 있으며, 그레이 아일랜드 키친에는 빠른 외출 준비를 위한 기능적인 디자인이 적용되어 있습니다. 발코니는 사선형으로 확장하여 발코니 공간을 최대한 활용할 수 있게 되었습니다. 현관은 좁은 공간임에도 불구하고 한샘 월플러스, 한샘 아트월 등 다양한 루프트웨어를 설치하여 넉넉한 옷 보관이 가능하도록 했습니다. 또한 현관에 거울 시공을 통해 공간을 더 넓게 느끼게 만들었으며, 터치 크림 붙박이장과 넓은 붙박이장은 옷 보관에 큰 도움이 되었습니다. 마지막으로 침실과 아이방은 깔끔하고 깊은 분위기를 연출하기 위해 모던 화이트화장대를 선택하였고, 편안함을 제공하는 침구와 소품을 배치하여 조화롭게 꾸몄습니다.","거실공간이 주방과 이어지는 구조로 좁은 편이라 사선형 발코니를 확장하였습니다. 사선으로 남는 공간이 쓸모없는 공간이 되지 않도록 터닝도어를 시공하여 창고로 만들었습니다. 한샘 월플러스 사하라로 밝은 느낌을 주고 천정 우물천정으로 어색할 수 있는 사선형 구조를 거실 공간으로 분리되어 보이도록 시공하였습니다. 좁은 현관이랑 행잉형 현관장으로 아랫쪽에 조명을 시공하여 밝은 느낌을 주도록 하였습니다. 기존 ㄱ자형 주방에 거실 쪽으로 아일랜드를 시공하여 거실과 공간분리의 느낌도 주었습니다. 붙박이장은 터치크림으로 시공하고, 파우더룸 공간에는 파우더장과 공틀장을 시공하였습니다. 자녀방과 게스트룸으로 사용할 방 2개는 확장하여 공간을 넓히고, 확장된 날개벽 쪽으로 붙박이장을 시공하였습니다. 한샘바스 리버화이트 벽판넬과 CargoD그레이 휴플로어로 화이트톤의 욕실을 구성하였습니다. 한샘바스 리버베이지 벽판넬과 Cargo베이지 휴플로어로 베이지톤의 욕실을 구성하였습니다.",0.7068827748298645,0.7184312343597412
"신혼부부의 소프트하고 심플한 집 인테리어를 꾸미는 데 있어, 첫 단추는 현관부터 시작합니다. 현관은 작은 공간이라도 따뜻한 느낌을 주는 강마루를 사용하여 공간에 포근함을 더합니다. 거실에서는 한샘아트월과 월플러스를 활용하여 시선을 잡고, 모카크림 컬러의 벽면과 우물천장이 조화를 이룹니다. 슬림 LED 거실등이 조명을 균형있게 비춰주며, 다운라이트는 공간의 깊이를 연출합니다. 페일그레이 타일을 이용해 쾌적한 분위기를 만드는 동시에 청결감을 유지합니다.

거실과 연결된 키친은 화이트 글로시 주방으로 마무리해 깨끗하고 세련된 느낌을 줍니다. 3연동 중문을 설치하면 공간을 효과적으로 구분하면서도 통일감을 유지할 수 있습니다. 욕실은 모노톤 인테리어를 적용해 깔끔하고 정갈한 느낌을 살려줍니다. 특히 졸리컷 시공으로 욕조를 배치하면 공간이 더욱 넓어 보입니다. 또한, 포세린 타일과 펜던트 조명은 욕실의 분위기를 고급스럽게 만듭니다. 코너 선반과 매립형 휴지걸이는 실용성을 더해주며, 하부장은 공간 활용도를 높여줍니다.",한샘은 완벽한 휴식 공간을 제공하기 위해 꼼꼼한 상담을 거쳐 공간을 살아갈 이들의 취향을 담아냅니다. 라이프 스타일과 공간적 특성을 돋보일 수 있는 구조 변경과 감각적인 가구 배치 더불어 기능과 트렌디함을 살린 자재 사용 등으로 감도 높은 인테리어를 제안합니다. 트렌디한 시각과 한샘 브랜드의 기술력을 더해 좋은 집을 위한 한샘의 프로젝트는 계속됩니다. 다음에 만나요!,0.6680266857147217,0.5401912331581116
아이를 위한 수납공간이 알찬 우리집을 꾸미는 데는 철저한 계획이 필요합니다. 먼저 현관과 아이방에서는 벤치장과 빌트인 옷장의 활용을 통해 보이지 않는 수납공간을 만듭니다. 이는 아이들의 장난감을 숨기고 정돈된 느낌을 유지하는 데 도움이 됩니다. 거실과 서재에서는 깔끔한 시크한 디자인의 식탁과 다용도 테이블을 배치하여 공간 활용도를 높입니다. 또한 밝고 화사한 주방에서 아일랜드식 테이블을 배치하면 넓어보이는 효과와 함께 효율적인 공간 활용이 가능합니다. 심플하면서도 세련된 욕실에서는 빌트인 플러스 옷장과 에어슬레서장을 활용하여 환기가 잘 되는 공간을 만들 수 있습니다. 마지막으로 침실에서는 3단 서랍장과 담요 보관을 위한 파우더룸을 설치하여 집중력이 잘 되는 서재를 만들어줍니다. 이러한 방식으로 공간을 효율적으로 활용함으로써 전체적인 집의 아름다움과 깨끗함을 유지할 수 있습니다.,"만현마을9단지 엘지자이 34평형 아파트입니다. 방 3개와 화장실 2개와 발코니를 가지고 있는 구조예요. 거실장을 활용하면 아이들의 물건을 보이지 않게 정리할 수 있습니다. 아이가 있으신 고객 분들이 가장 만족하세요! 아이를 키우신다면 정말 추천드려요. 거실에 테이블을 배치한다면 아이들의 숙제를 봐주기도 하고, 간식타임을 가지기에도 좋답니다! 부엌공간은 밝고 화사해 보이지 않으신가요? 거실과 마찬가지로 하얀색 벽지와 가구를 활용하였어요. 중앙의 아일랜드 식탁을 설치해 조리공간과 식사공간을 분리하였어요. 침실은 큰 수납 가구는 덜어내고, 침대와 TV가 놓인 오로지 휴식만을 위한 공간으로 꾸몄어요. 화이트보다는 베이지톤의 벽지와 바닥재를 활용하여서 눈을 편안하게 해주었어요. 글래드 그레이 컬러의 수납장으로 모던하면서 시크한 느낌의 호텔 침실을 만들어 보았습니다. 침실 옆 작은 공간에 파우더장과 에어드레서장을 설치하여 수납 공간으로 활용하실 수 있어요. 처음으로 방이 생긴 아이를 위한 공간입니다! 나만의 방은 아이에게 독립심을 심어주고 스스로 정리하는 습관을 기를 수 있게 해주죠.",0.7039397358894348,0.852614164352417
"거제2차 현대 홈타운의 27평 크기의 작은 집을 넓어보이는 화이트톤 주방으로 꾸미려면, 먼저 현관을 벤치형 현관장과 넓은 현관으로 설계해 공간 활용성을 높입니다. 아치형 게이트를 사용하여 현관 문을 장식하면 더욱 깊은 공간감을 연출할 수 있습니다. 현관 문에는 방화문 필름을 부착하여 안전성과 함께 세련된 분위기를 연출합니다. 주방은 화이트 톤으로 전체를 통일시켜 넓어 보이는 효과를 줍니다. 주방 옥외는 큰 창문을 설치하여 자연광이 많이 들어오도록 하여 더욱 밝고 넓어 보이는 느낌을 살립니다. 드레스룸에서는 대형 비폴딩문을 사용하여 공간을 더욱 깊게 느끼게 하고, 침실과 거실은 원하는 대로 구분하거나 오픈형으로 연속되도록 설계하면 전체적인 공간이 더 넓어 보일 것입니다. 이처럼 다양한 요소를 통해 27평 규모의 작은 집도 넓고 트렌디한 모던 스타일로 변신시킬 수 있습니다.","거제2차현대홈타운 27평형은 현관이 넓은 장점이 있어요 :-) 그래서 이렇게 앉아서 신발을 신고 벗을수 있는 넓직한 벤치형 현관장과 중앙이 뚫려있어 차키, 마스크등을 걸어두거나 장식품을 올려둘수있는 현관장을 배치해 보았어용 ㅎ 거실에서 바라본 중문입니다. 한샘  프리미엄스윙 중문은 여닫이 중문이며 도장으로 된 제품이라 관리가 쉽고 고급스럽다는 장점이 있습니다. 초슬림으로 된 간살과 틀이 깔끔하고 예쁩니다 ㅎㅎ 거제2차현대홈타운 27평형의 거실입니다:-) 유니크하고 러블리한 동그라미 우물천장으로 천장을 높아보이게, 집을 한결 무드있게 만들어주었습니다. 조명은 메인등 없이 3인치매립다운라이트로  땅!땅!땅! 밝혀주고 중앙에는 실링펜을두었습니다. 거실확장부에는 이중창교체와 더불어 폴딩도어도 설치하여 단열도 두 배, 고급스러움도 두 배Vv ㅎㅎ 좌측에 보이는 낮은 수납장은 공간활용에 최고지요 :-) 낮은 수납장 상부에는 조명/액자/장식품 등 기호에 맞게 무엇을 놓아도 분위기있답니다 ㅎㅎ 주방 꺾이는 부분 하부코너장 사용시 허리도 아프고 불편하셨죠? 수납과 사용의 불편함을 개선하고자 거실방면으로 도어가 열리는 단독장을 두었습니다. 주방옆방을 드레스룸으로 만들어보았습니다. 드레스룸엔 시스템장이지요~! 같은 공간대비 많은 옷을 걸어서 보관할 수 있어 요즘 정말 많이 문의주십니다!^^ 공용(거실)욕실입니다. 한샘바스로 깔끔하게 호텔같은 욕실 완성~! 밝은 조명과 상부장하부조명으로 분위기는 한층 무드있게~ 바닥재는 한샘 휴플로어인데요, 한 판으로 되어있어 타일과 타일사이 메지가 없어 청소가 용이하며, 미끄럽지 않고 겨울철 맨발로 밟아도 따뜻한 만족도 최고 인기 만점인 한샘 욕실 바닥재 휴플로어입니다. 벽장재는 한샘 휴판넬 입니다. 약 가로60cm의 판넬이 길게길게 들어가서 휴 판넬 또한 청소와 관리가 용이하고 친환경 소재라는 장점이 있습니다.",0.6667707562446594,0.7915451526641846
"신혼부부에게 적합한 인테리어는 개성 넘치고 기능성이 뛰어난 디자인이 중요합니다. 특히 거실에서는 1인 소파를 선택하여 편안한 휴식공간을 만들 수 있습니다. 또한 LED 조명 거울과 블랙 팬던트 조명을 통해 모던한 분위기를 연출할 수 있습니다. 식당 공간에서는 뉴트럴식탁이나 유로식탁을 활용하여 다양한 용도로 사용할 수 있도록 하세요. 침실에서는 기본에 충실한 빌트인 플러스 드레스룸과 필로우 침대를 설치하여 깔끔하고 넓은 느낌을 줄 수 있습니다.

거실과 서재는 H형 책상과 빌트인 플러스 서재를 통해 작업 환경을 마련할 수 있으며, 빗빛이 잘 드는 창문으로 채광을 극대화시킬 수 있습니다. 주방은 심플하면서 깔끔한 스타일의 한샘 바스와 한샘 중문을 활용하여 실내의 통일감을 유지할 수 있습니다. 또한 발코니는 홈카페로 활용하여 여유 있는 휴식공간으로 변身为 할 수 있습니다. 현관은 그레이 현관장을 통해 전체적인 인테리어와 조화를 이룰 수 있습니다.","장미마을 삼성래미안 2차 39평형 아파트입니다. 방 3개와 화장실 2개를 가지고 있는 구조예요. 라이트그레이 월플러스에 감각적인 컬러의 소파와 소품으로 공간에 생기가 더해졌어요. 부부가 편히 쉴 수 있는 소파와 러그에는 톤이 밝은 블루 그린 색상으로 선택! 이렇게 동일한 색상을 다른 채도로 사용한다면 다른 느낌을 주면서도 통일감을 유지할 수 있어요. :) 신혼부부의 단란한 식사시간을 위해 콤팩트한 원형의 유로 뉴트럴식탁 1000을 배치하여 감갔 있게 연출해봤어요. 스틸 색상 냉장고가 아닌 파스텔 민트 비스포크 냉장고가 집안 곳곳에 있는 그린 색상을 부엌에도 연결해주어요! 다이닝 테이블 위 블랙 펜던트와 신혼부부의 흑백 웨딩 사진이 공간에 포인트가 되어주어요. :) 그레이 인테리어에 블랙을 적절히 활용하여 포인트를 준 공용 욕실이에요. 침실에도 부부의 개성을 듬뿍 담아 다른 채도의 그린색이 있는 침대 프레임과 러그로 포인트를 주었어요! 침대 옆 블랙 색상의 개인 매립등과 애시드 옐로우 색상의 쿠션이 더해지니 완벽한 컬러 조합이지 않나요? 깔끔한 성격의 부부를 위해 도어가 있는 빌트인플러스로 수납물품을 깔끔하게 숨길 수 있도록 하였어요. 현재 남편이 서재로 사용하고 있는 이 방은 나중에 아이방으로 꾸며줄 예정인 점을 고려하여 빌트인플러스를 구성하였어요. 나중에 아이 용품을 채워 넣기 충분한 수납 공간은 물론, 책상을 분리 또는 연결하여 사용할 수 있답니다! 망입유리 중문을 톤다운된 블루그린으로 활용하여 포인트를 준 현관이에요. 헥사곤 바닥 타일과 그레이 현관장으로 과하지 않는 리듬감을 더하여 입구부터 부부의 감각을 느낄 수 있게 해 보았어요!",0.6946008205413818,0.6608534455299377
"22평 규모의 안성진사리 삼성아파트에서 안성맞춤 인테리어를 꾸미려는 당신에게 적합한 아이디어를 소개합니다. 먼저 거실에서는 곡선형 조명을 활용해 따뜻하고 포근한 분위기를 연출할 수 있습니다. 천장 인테리어는 화이트 컬러를 선택하여 전체적인 분위기를 깨끗하고 시원하게 유지할 수 있습니다. 부엌에서는 무몰딩 디자인을 적용해 깔끔하고 현대적인 느낌을 살릴 수 있으며, 유로700 라인의 다크우드 색상의 싱크대와 블랙 터치를 사용하여 캐리비안 스타일의 감성을 더할 수 있습니다.

안방에서는 포인트 벽지를 통해 공간을 분위기 있게 장식할 수 있으며, 도배와 한샘이 드레스룸으로 이어지는 시스템장을 통해 공간 활용성을 높일 수 있습니다. 행거와 한샘이 바스로 이어지는 휴판넬은 실용성과 미적 감각을 동시에 느끼게 해줍니다. 마지막으로 현관은 휴플로어를 설치하여 깔끔하고 넓은 느낌을 줄 수 있습니다. 이러한 아이디어들이 당신의 인테리어 작업에 도움이 되길 바랍니다.","다음으로 보여드린 공간은 부엌 이예요. 다크우드 색상을 써서 고급스러운 집안의 분위기 를 나타내고있습니다. 또 요즘은 벽장에 무몰딩을 선호하시기에 무몰딩 벽장 을 디자인했습니다. * 주요설계 : 부엌 구조, 장, 펜던트등 다음은 포인트 벽지를 두어 분위기를 살린 안방 입니다. 천장엔 LED등 을 넣어 심플베이직한 디자인을 살렸어요. * 주요설계 : 포인트벽지, 조명 가장 기본기에 충실한 화장실 인테리어를 보여드립니다. 더 다양한 디자인을 보고싶다? 내 집도 내가 원하는 취향대로 포인트를 넣고싶다? 한샘리하우스 오른대리점에서 최주원 디자이너를 찾아보세요. * 주요설계 : 한샘바스 드레스룸 오픈형으로 자주 입는 옷들을 바로바로 꺼낼 수 있는 시스템 장을 설치 하였습니다. 또 이사갈때도 가져갈 수 있는 장점이 있죠?",0.6928747892379761,0.6802405118942261
"확장 인테리어를 통해 작은 공간도 편안하고 멋진 거실이 될 수 있습니다. 먼저, 갤러리 인테리어는 거실의 공간을 더욱 넓게 느끼게 만드는 효과적인 방법입니다. 벽면에는 오픈 서랍장이나 노출 서랍장을 설치하여 필요한 물건을 쉽게 찾을 수 있게 하며, 부엌과 다이닝 룸은 적당한 크기의 보조 주방을 만들어 효율성을 높입니다. 또한, 소형 발코니를 활용해 카페 테리아를 만드는 것은 공간 활용의 좋은 예시입니다.

침실에서는 드레스룸 인테리어를 통해 옷장 공간을 최대한 활용할 수 있으며, 베란다나 발코니는 작은 휴식공간으로 변身为迷你花园或阅读角落。此外，通过巧妙利用墙面空间安装多个壁架和展示架，可以增加储物空间并保持整洁有序。

最后，在整个空间中，使用现代风格的照明设备如吊灯、壁灯等，营造温馨舒适的氛围。通过合理规划，即使是有限的空间也能创造出令人惊叹的生活空间。","거실 대부분 3연동 중문이 시공되는 장림 동원로얄듀크, 우리 집 현관에는 특별하게 양개형 중문을 사선형으로 놓고, 얇은 프레임의 와이즈 프리미엄 3연동 문을 거실 분합창 대신 시공 하여 답답하고 좁은 거실을 더욱 넓어 보이게 설계했습니다. 발코니는 확장형처럼 이중창 으로 들어가 단열을 걱정하지 않아도 된답니다! 조명은 원형 매립 조명으로 시공됐고, 생기있는 플렌트가 돋보이는 미니멀한 거실입니다. *주요 시공: 원형 매립 조명, 양개형 라운드 중문 , 강마루 7.5T, 와이즈 프리미엄 3연동 부엌 / 다이닝룸 부엌은 발코니와 작은방의 확장 을 통해 수납 활용도를 높이고 다이닝룸을 설계했습니다. 기존 장림 동원로얄듀크의 부엌은 ㅡ자형으로 수납 공간이 부족합니다. 부엌 발코니에는 보조 조리 공간이 있지만 문을 열고 나가야 한다는 번거로움이 있어 부엌 발코니 확장 을 통해 동선의 효율을 높여 하나의 공간으로 만들었습니다. 또 작은방 확장 으로 손님이 와도 부족하지 않은 크기의 테이블을 놓을 수 있는 다이닝룸 이 탄생했습니다. 부엌의 날개벽은 오히려 하부장 깊이만큼 연장시켜 지저분 할 수 있는 조리 공간은 숨기고 하프 파티션 형식 으로 일부 노출시켜 답답한 느낌이 들지 않는 공간입니다. * 주요 시공: 부엌 발코니 확장, 작은방 확장, 날개벽 연장 안방 / 안방발코니 안방은 빌트인 붙박이로 수납 활용도 를 높이고 안방 발코니 공간은 살려 미술관의 카페테리아 같은 휴식 공간 으로 설계했습니다. 빌트인 붙박이장에는 파우더장, 노출서랍장, 이불장 까지 알차게 구성되어 있습니다. 안방 발코니 공간은 살려 바닥은 타일이 아닌 미끄럼 방지와 냉기가 느껴지지 않는 휴플로어 로, 갤러리 벽등과 장식 벽부등으로 미술관에 온 것 같은 느낌으로 만들어 졌습니다. 모두 잠든 시간 이 공간에서 혼자만의 조용한 시간을 보낼 수도 있는 특별한 공간입니다. 안방 분합창 또한 거실처럼 와이즈 프리미엄 3연동 중문 시공으로 디자인 적으로 깔끔하고 개방감 있게 연출했습니다. * 주요 시공: 빌트인 특수장, 발코니 바닥 휴플로어 시공, 와이즈 프리미엄 3연동 드레스룸 / 발코니(서재) 장모 러그 위에 악세서리함이 놓인 드레스룸은 작은 나만의 편집샵 이 되었습니다. 내가 좋아하고 자주 입는 옷을 바로 꺼낼 수 있는 오픈 서랍장과 악세서리를 정리할 수 있는 낮은 서랍장 으로 중앙 공간까지 활용하여 수납 활용도를 높였습니다. 조명은 원형 매립 조명 3구씩 한 세트로 드레스룸의 분위기를 한층 더 고급스러움이 느껴지게 합니다. 발코니 공간은 안방과 마찬가지로 바닥은 타일이 아닌 휴플로어 로 시공됐고, 못다한 업무를 할 때 문을 닫고 조용히 집중할 수 있는 공간이 되었습니다. * 주요 시공: 빌트인 특수장, 발코니 바닥 휴플로어 시공, 원형 매립 조명 공용욕실 / 안방욕실 마지막으로 공용욕실과 안방욕실은 포인트 벽타일로 개성있는 공간으로 시공됐습니다. 젠다이를 쌓아 반다리 세면대를 시공하면 바닥청소가 용이하여 깔끔하게 관리할 수 있고, 은은한 조명거울이 호텔 욕실을 이용하는 듯한 느낌을 줍니다. 시공 이미지로 소개드리고 인사드리겠습니다. * 주요 시공: 젠다이, 조명거울, 샤워부스",0.6492260694503784,0.6854429244995117
"봉천동 서희스타힐스의 26평 아파트를 그레이 톤으로 꾸미는 것은 고급스러움과 깔끔함을 느끼게 만드는 좋은 방법입니다. 전체적으로 그레이 컬러를 기본으로 하되 포셀린 타일을 활용하여 바닥과 벽면을 연출하면 시각적인 균형을 잡을 수 있습니다. 거실에서는 골드 컬러의 소품이나 장식을 추가하여 고급스러움을 더해주고, 아이방에서는 그레이 톤을 유지하면서도 밝은 색상의 침구나 장식을 통해 활기찬 분위기를 조성할 수 있습니다.

주방에서는 현관을 통한 첫인상을 고려하여 폴드윙 중문을 설치하여 깔끔하고 안정적인 느낌을 줄 수 있습니다. 욕실에서는 행잉형 샤워부스를 선택하여 공간 활용도를 높이고, 여닫이 중문을 사용하여 공간을 구분하며同时也被转换成了中文：

在奉天洞的西希斯塔希尔斯26平米公寓里，使用各种灰色调的高级和谐风格进行装饰，是一个既简约又时尚的好方法。整体以灰色为主色调，利用抛光瓷砖来打造地面和墙面，可以营造出视觉上的平衡感。客厅可以通过加入金色配件或装饰品来提升豪华感，而儿童房则可以在保持灰色调的基础上，通过使用亮色的床上用品或装饰品来增添活力。

厨房方面，可以从入口的第一印象出发，选择折叠翼门来增加整洁和稳定的感觉；浴室可以选择悬挂式淋浴间，提高空间利用率，并使用推拉门来划分空间。这样，整个公寓都会呈现出一种简洁而优雅的气息，同时又不失温馨与舒适。","거실의 아트월은 이 집의 하이라이트 중 하나입니다. 가로로 긴 타일이 거실을 더 넓어보이는 효과를 주며, 자칫 들뜰 수 있는 집안의 분위기를 차분하게 잡아주는 역할을 해주죠! 무늬 또한 실제로 보시면 더욱 고급스러움이 살아있는 걸 느끼실 수 있습니다.",0.6305670142173767,0.735933244228363
"래미안원베일리 154E의 4인 가족과 수험생 맞춤 인테리어를 계획한다면, 첫 번째로 거실을 살펴보겠습니다. 한샘도무스 소파와 블랑 AV 거실장을 활용하여 편안함과 실용성을 동시에 느낄 수 있도록 디자인합니다. 이 공간에서는 1인 리클라이너를 추가하여 수험생이 편안하게 휴식할 수 있도록 하며, 펜던트 조명을 통해 따뜻하고 편안한 분위기를 조성합니다.

다음으로는 아이방입니다. 조이 S2 침대 SS와 스케치 붙박이장을 통해 넓지 않은 공간에서도 최적의 활용도를 달성할 수 있도록 설계합니다. 또한 침대 프레임은 유로 503 아트월넛으로 선택하여 고급스러운 분위기를 연출하며, 카모 매트리스를 사용하여 편안함을 극대화합니다.

주방에서는 한샘 도무스와 세라믹 식탁을 활용하여 현대적인 분위기를 강조합니다. 아일랜드 서랍장은 쇼핑이나 요리 시 편리성을 높여주며, 멀티 패널은 공간 활용도를 높이는 데 큰 역할을 합니다.

마지막으로 드레스룸에서는 바흐 드레스룸과 시스템 행거를 설치하여 옷장 공간을 효율적으로 관리할 수 있도록 하며, 이동 서랍장은 필요한 물건을 쉽게 꺼낼 수 있도록 도와줍니다. 이 모든 요소들이 결합하여 래미안원베일리 154E의 인테리어는 내추럴 스타일을 유지하면서도 다양한 요구사항을 만족시킬 수 있게 됩니다.",중학생 사춘기 아이의 방을 쾌적하고 깔끔하게 만들어주어 본인의 방에 애착감을 가질 수 있도록 만들어 줍니다. 자아 형성은 물론 집에서 집중하고 휴식할 수 있는 시간을 많이 보내게 될 거예요.,0.6364548802375793,0.6766322255134583
"광주 광산구 하남 부영 3차 아파트에서 한샘 필름을 활용한 화이트톤 인테리어를 연출하였습니다. 먼저 거실에서는 실크벽지를 사용하여 부드러운 분위기를 연출했으며, 한샘 장판을 깔아 깨끗하고 시원한 느낌을 줍니다. 침실에서는 심플한 디자인의 실크벽지를 선택하여 편안함을 강조하였습니다. 아이방에서는 사각싱크볼과 폭포수전을 설치하여 아이들이 안전하게 사용할 수 있도록 했습니다. 주방에서는 키친 핏 냉장고와 식기세척기를 비롯해 한샘 인덕션, 키친 판넬 등을 활용하여 깔끔한 주방 인테리어를 완성했습니다. 드레스룸에서는 붙박이장을 필름으로 덮어 보관공간을 효율적으로 활용하였고, 욕실에서는 한샘 바스와 밀란 7 프레임 우드를 통해 깨끗하고 세련된 분위기를 연출하였습니다. 마지막으로 현관에서는 신발장 필름과 현관장 필름을 통해 깨끗하고 정돈된 공간을 만들었습니다. 이러한 인테리어는 전체적인 비용을 3천만 원대로 유지하면서도 각 공간마다 필요한 요소를 최적화하여 제공하였습니다.","벽, 문틀, 도어 모두 한샘필름 S200으로 마감해 화이트톤 + 주백색 간접조명 조합으로 아늑한 분위기로 연출 해보았습니다. 욕실은 공용 욕실과 안방 욕실 모두 한샘바스로 리모델링이 진행됐습니다. 한샘 쌤페스타 특가 패키지를 활용해 합리적인 가격에 고급스러운 느낌을 연출할 수 있었는데요, 벽면은 cc판넬 터치아이보리, 바닥은 휴플로어 스톤베이지로 시공했습니다. 여기에 타원형 거울장과 우드 포인트 상부장이 포인트가 되어 세련된 욕실로 완성되었습니다. 창호는 재사용 하면서 조명교체와 장판 & 도배시공 만으로 깔끔한 자녀방 완성~ 공용욕실과 동일한 패키지 상품으로 진행되었고 공용욕실은 욕조설치, 안방욕실은 브론즈 파티션 설치로 진행하였습니다.",0.6921148300170898,0.6888418197631836
"오래된 구축 아파트를 깔끔하고 현대적인 신혼 집으로 바꾸기 위해 다양한 공간을 고려해야 합니다. 먼저 거실에서는 강마루와 실크 벽지를 사용하여 따뜻하면서도 세련된 분위기를 연출할 수 있습니다. 또한 마이너스 몰딩을 추가하면 더욱 고급스러운 분위기를 연출할 수 있습니다. 드레스룸에서는 슬라이딩 붙박이장을 활용하여 공간을 효율적으로 사용할 수 있으며, 발코니나 베란다에서는 샷시 창호를 설치하여 실내외를 연결하는 효과적인 인테리어가 가능합니다.

서재 방에서는 반침장과 창고장을 통해 다양한 기능성을 제공할 수 있고, 안방에서는 침대 옆에 작은 서랍장이나 책장을 추가하여 생활 편의성을 높일 수 있습니다. 주방에서는 한샘 주방 제품을 선택하여 무드화이트 컬러의 싱크볼과 사각 싱크볼, 거위목수전 등을 활용하여 깔끔하고 현대적인 느낌을 살릴 수 있습니다.

마지막으로 현관에서는 중문과 파티션 중문을 활용하여 공간을 효과적으로 구분하고 센서등을 설치하여 실내 분위기에 맞게 조명을 조절할 수 있습니다. 이 모든 요소들을 고려하여 5천만 원대 내에서 신혼부부에게 적합한 인테리어를 계획할 수 있습니다.","<드레스룸> 드레스룸으로 사용할 입구방에는 한샘 터치화이트 슬라이딩 붙박이장 설치를 원하셨고, 스타일러를 놓을 자리를 빼놓길 원하셨습니다.",0.6595519185066223,0.5864725112915039
"내수 파크팰리스의 39평 공간에서 편안하고 현대적인 분위기를 만드는 데 필요한 인테리어 방법을 제안합니다. 먼저 거실에서는 시스템 에어컨을 설치하여 여름철에도 쾌적하게 보내실 수 있도록 하겠습니다. 또한 등박스 조명을 활용하여 공간을 밝고 편안하게 조명할 수 있으며, 벽지는 포인트벽지를 통해 공간을 더욱 돋보이게 할 것입니다. 

다음으로는 부부침실에서는 빌트인화장대와 드레스룸을 함께 구성하여 공간 활용성을 높이고, 붙박이장을 추가하여 필요한 물건들을 쉽게 정리할 수 있도록 하겠습니다. 또한 안방에서는 아치형 게이트를 사용하여 공간을 구분하면서도 개방감을 유지할 수 있도록 설계하겠습니다.

아이방에서는 청결한 세라믹 도장을 적용하여 깨끗함을 유지하며, 발코니는 타일을 깔아 겨울철에도 따뜻하게 이용하실 수 있도록 하겠습니다. 또한 체크리스트를 통해 쾌적한 공부방을 만들고, 라인문틀을 활용하여 원목마루의 따뜻함을 살릴 것입니다. 

마지막으로 주방은 대면형 주방으로 설계하여 효율성을 높이고, 젠다이는 멋스러운 조명거울과 조적 젠다이를 사용하여 공간을 더 넓어 보이게 만듭니다. 중문과 현관장식장은 세련된 외관을 제공하며, 현관은 행잉형을 적용하여 실내와 외부를 연결하는 매개체 역할을 할 것입니다.","거실과 주방을 아치형 게이트로 나누어 포인트를 줬으며 메인등 없이 간접등으로 은은하고 고급스러운 분위기 연출 주방은 높은 천고를 고려하여, 상부장을 천정끝까지 마감하지 않고 오픈하여 포인트를 줬습니다. 'ㄷ'자형으로 설계하여 바로 옆으로 식탁을 배치하여 개수대부터 준비대 조리대 가열대 순의 동선으로 주방공간을 디자인했습니다. 좁은 공간에 수납력을 높이기위해 일반 여닫이문이아닌 포켓도어로 설계하여 드레스룸에 보다 더 많은 수납공간을 확보 했습니다. 아이방에는 코너장을 배치하여 수납을 확보했습니다. 이어서 침대장을 설치하여 남는 상부 공간에도 책 등을 보관할 수 있게 디자인했습니다. 공용욕실은 밝은 톤의 타일 바스로 디자인 했습니다. 조적을 쌓아서 샤워부와 세면부를 나웠고, 마찬가지로 조적욕조로 타일마감하여 포인트를 줬습니다. 안방욕실은 부스를 설치하여 샤워공간과 세면공간을 분리 했습니다. 벽면타일은 600*600을 사용하여 더욱 넓어 보이는 효과를 줬습니다.",0.7196481227874756,0.632297158241272
"서울시 동작구 상도더샵아파트의 24평 공간을 골드 컬러 포인트를 통해 단조롭지 않게 꾸미는 것은 인테리어의 중요한 목표입니다. 먼저 거실에서는 골드 톤의 소파와 액세서리를 활용하여 고급스러움을 표현할 수 있습니다. 또한 현관부분에서는 골드 컬러의 라이트박스를 설치하여 도어를 통과할 때마다 시선을 사로잡을 수 있도록 합니다.

또한 골드 컬러를 주요 색상으로 사용하면서도 전체적인 공간이 단조롭지 않도록 하기 위해 화이트 주방과 화이트 욕실을 선택하였습니다. 이는 공간의 밝기를 높이고, 깨끗하고 청결한 분위기를 연출하는데 도움이 됩니다. 

더불어 침실에서는 골드 컬러의 베개와 카펫을 활용하여 고급스러움을 강조하며, 발코니에서는 골드 컬러의 테이블과 의자를 배치하여 외부공간에서도 고급스러움을 느낄 수 있도록 구성합니다. 마지막으로 기타 공간에서는 골드 컬러의 작은 장식품들을 넣어 전체적인 조화를 이루며, 인테리어의 고급스러움을 강조합니다.",여러 디자인의 팬던트 등으로 같은 공간에도 다양한 연출이 가능 합니다. 매트화이트 붙박이장 침실과 그리너리한 벽지의 마지막 침실.,0.6350521445274353,0.5441020727157593
"강남구 대치래미안 아파트의 37평 크기인 거실은 원목마루를 선택하면 따뜻하고 편안한 분위기를 연출할 수 있습니다. 이 공간에서 원목마루는 거실 전체를 포괄하며 따뜻한 분위기를 주는 동시에 현대적인 디자인 요소를 담아내는 데 도움이 됩니다. 원목마루를 사용하면 거실의 코너나 벽면을 장식하거나, 소파와 같은 가구를 둘러싸는 것이 가능합니다. 또한 화이트 주방을 선택하면 원목마루와 함께 균형을 이루며, 전체적으로 깨끗하고 고급스러운 분위기를 낼 수 있습니다. 이 아파트의 다른 공간들에도 원목마루를 적용하면 전체적으로 통일감을 줄 수 있으며, 특히 침실과 서재에서는 우드 톤 인테리어가 더욱 효과적입니다. 또한 한샘 드레스룸과 시스템장은 이 스타일에 잘 어울릴 것입니다. 이러한 인테리어 방식으로 37평 규모의 대치래미안 아파트는 모던하면서도 따뜻한 분위기를 느끼는 공간으로 변신할 것입니다.","현장정보 -평형:124㎡ (37평형) -공사범위: 거실확장, 거실 아트월 시공, 샤시교체 -공사시간: 6주 리모델링 포인트 1) 거실 확장을 통해 개방감 있는 거실 연출 2)거실 아트월을 통해 무게감 있는 공간 연출 주요자재 -한샘 M보드 (아트월) -한샘 원목마루시공 -한샘 4인치 다운라이트 시공 -한샘 ML100 무드 화이트 올 리모델링 공사로 따뜻한 무게있고 따뜻한 느낌을 연출한 37평형 아파트 구조를 소개해드리겠습니다. 거실 거실은 발코니 공간을 확장하여 개방감 있는 거실을 연출해 주었고, 마루색상과 어울리는 소파와 러그 배치로 공간을 좀더 고급스럽게 연출 하였습니다. TV면 공간도 한샘 M보드를 시공하여 더욱더 돋보이는 거실로 만들어드렸습니다. *주요공사: 거실 아트월 공사, 원목마루시공* 안방 안방은 맞춤수납 설계로 서라운드 없이 시공으로 고가 더 높아 보이도록 개방감을 연출 해 주었고, 드레스룸에 화장대도 한샘 빌트인 제품으로 시공하여 공간에 알맞게 넣어드렸습니다. *주요공사: 원목마루시공, 빌트인화장대시공, 맞춤수납* 서재&드레스룸 두 공간은 한샘 바흐브라운, 바흐 그레이로 원목마루와 잘 어울리도록 가구를 배치 하였습니다. 방 한 곳은 서재로 개인일과를 정리할 수 있는 공간연출, 방 한 곳은 드레스룸으로 모든 옷 수납을 넉넉히 할 수 있도록 공간을 설계하였습니다. *중요 시공: 한샘 바흐 그레이 드레스룸, 한샘 서재장* 욕실 600각 대형타일 시공으로 공간을 넓어보이도록 연출 하였고, 욕실도 연한 우드상부장과, 거울 조명으로 포인트를 주었습니다. *주요시공: 600각 대형타일, 조명거울*",0.6795334219932556,0.5399178862571716
"넓고 고급스러운 ㄷ자형 주방을 꾸미는 데 있어 가장 먼저 고려해야 할 것은 전체적인 디자인 톤입니다. 제타화이트와 제타블랙을 활용하여 깨끗하고 세련된 분위기를 연출할 수 있습니다. 특히 EO300 소재를 사용하면 내구성이 뛰어나면서도 고급스러움을 더해주므로 주방의 총체적인 완성도를 높여줍니다. 거실이나 침실 등 다른 공간과의 조화를 위해 이정표색인 EO300 소재의 투명한 막스판을 주방 도어와 창문으로 활용할 수 있습니다.

또한, 주방의 멋진 구조를 최대한 살릴 수 있도록 L자형 가구를 배치하여 활용할 수 있습니다. 이를 통해 주방의 기능성을 높이면서도 여유로운 공간감을 느낄 수 있습니다. 식탁을 중앙에 배치하면 식사뿐만 아니라 가족들이 모여 대화하는 공간으로도 변신할 수 있으며, 이는 주방의 유연성을 더욱 강조합니다. 또한, 청소를 쉽게 하기 위해 낮게 설계된 쇼케이스를 설치하면 주방의 정돈된 분위기를 더욱 강조할 수 있습니다.","상부장은 EO 300 제타 화이트 / 하부장과 냉장고장은 제타 블랙을 믹스해 디자인해드린 주방입니다. 흰색과 검은색의 대비가 정말 고급스러운 분위기를 연출하지 않나요 ? 또한, 기존 ㄴ자 주방구조에서 ㄷ자로 변경해 더 넓게 조리하실 수 있는 공간을 확보해드렸답니다. 안방은 한쪽 벽면에 슬라이딩 붙박이장을 시공해드렸으며, 안붕 드레스룸으로 들어가는 입구는 아치형 도어로 시공해드렸습니다. ※ 아치형 도어는 일반적으로 목공 공사 시, 오징어 합판이라는 자재를 사용하여 시공하게 됩니다. 오징어 합판의 잘 휘는 성질을 이용하여 부드러운 라운드 도어를 시공할 수 있습니다.",0.7173498868942261,0.8072681427001953
"이 50평대 아파트의 리모델링은 원목 마루와 무드 그린 색상으로 통일되며, 자연스러운 분위기를 연출합니다. 거실에서는 아일랜드 테이블을 배치하여 가족들이 함께 식사하거나 라이브를 즐길 수 있도록 설계했습니다. 체크리스트에 따르면, 내추럴 인테리어를 위해 한샘 마루와 한샘 붙박이장을 사용하였으며, 안방에는 TV장과 수납장이 추가되어 편안함을 더했습니다. 주방은 유로 700 베일 다크 우드와 제타 블랙 색상을 선택하여 깊은 감성을 표현하였고, 빌트인 냉장고와 리프트업 도어는 공간 활용도를 높였습니다. 또한, 드레스룸은 한샘 바흐 화이트 디자인의 붙박이장을 통해 여유로운 수납공간을 제공하며, 현관은 한샘 신발장과 현관 수납장을 설치하여 입주자의 편의성을 높였습니다. 각 방마다 적합한 인테리어 소품과 액세서리를 골라 포인트로 활용하여 전체적인 일관성을 유지하면서도 개성 있는 공간을 만들었습니다.","거실 나무의 느낌을 그대로 살린 한샘 바흐 7 원목 마루  오크로 시공하여 따뜻한 느낌과 내츄럴한 무드로 재구성한 거실 입니다. 넓은 거실을 더욱 시원하고 확장되어 보이도록 연축하기 위해 거실 조명은 보조 간접 매립등과 직사각의 스키니 조명으로 설계 했습니다. *주요 시공 : 원목 마루, 우물 천장 시공, 천장 간접 매립등 시공 주방 다용도실 협소한 보조 주방을 최대한 활용 하기 위해 작은 싱크볼을 설치하고 넓어보이도록 화이트 톤의 플랫 화이트 주방을 시공하였습니다. *주요 시공 : 보조주방, 한샘 무늬목 도어 안방 내부 드레스룸 아치형의 게이트를 만들어 드레스룸과 안방을 개방감 있게 분리하였습니다. 드레스룸과 빌트인 파우더장을 함께 배치하여 편리한 동선으로 구조를 설계하였습니다. 자녀방 아늑한 느낌을 주도록 인디언 핑크 벽지로 색감을 따뜻하게 주었습니다. 안방 욕실 안방 욕실은 한샘 욕실의 자랑인 휴판넬을 시공하여 줄눈을 없앴고 이후에도 청소가 편리하도록 시공 해 드렸습니다.",0.7083492279052734,0.6892368793487549
"화이트와 오크 톨톤 컬러를 활용한 이 인테리어는 현대적인 감성을 느끼게 합니다. 거실에서부터 대면형 소파와 함께 모던한 간접조명이 어우러져 편안한 분위기를 조성합니다. 주방은 빌트인 냉장고와 미가루 마루가 있는 ㄷ자형 설계로, 오크 톤의 코지 우드가 주는 따뜻함과 함께 청결함을 더합니다. 주방과 연결된 펜트리에는 유로 스타일의 펜트리장이 있어 공간 활용도를 높여줍니다.

현관으로 들어서면 미가루 마루가 깔려 있어 깔끔하고 고급스러운 느낌을 줍니다. 침실에서는 무드 화이트와 코지 우드를 통해 부드러운 분위기를 연출하며, 천장에 매달린 슬라이딩 중문은 공간의 통일감을 더합니다. 또한, 욕실은 아치형 중문으로 구분되어 있어 공간의 깊이감을 줍니다. 특히, 투명한 유리 파티션이 설치된 탈의실은 실내 외부로 자연스럽게 연결되는 효과를 낼 것입니다.","거실 발코니를 확장 하여 탁 트인 공간으로 재구성한 거실입니다. 확장으로 인해 노출된 우수관 을 가리기위해 디자인적인 요소를 가미하여 가벽을 세웠고, 바닥 강마루색상과 비슷한 오크색상의 필름과 미가루버 를 활용하여 공간의 통일성 및 심미성을 높였습니다. 라인조명, 3인치 다운라이트, 천장 간접조명 을 활용하여 은은하면서 무드있는 분위기를 연출하였습니다. 안방은 침대 공간과 파우더룸 및 붙박이장 공간을 아치형 가벽으로 공간을 분리 하여 연출하였습니다. 침대 헤드쪽 벽면과 가벽 하단에는 미가루버 와 은은한 간접조명 을 시공하여 호텔과 같은 분위기 를 연출하였습니다. 붙박이장은 가벽사이의 공간을 고려하여 슬라이딩장 으로 구성하여 편의성을 높였습니다. 욕실은 600각 타일을 졸리컷시공과 젠다이를 욕조면까지 구성하여 깔끔한 마감과 고급스러운 분위기를 연출하였습니다. 은경슬라이딩장 하부에는 간접조명을 시공하여 호텔욕실에 와있는 것과 같은 느낌을 받을 수 있도록 하였습니다.",0.7174375057220459,0.713220477104187
"연지동 청구2차의 32평 106타입 아파트는 현대적인 감성을 담은 인테리어를 추구하는 주택입니다. 현관에서부터 시작해 깔끔한 매트 화이트 수납장을 배치하여 입주자의 소중한 물건들을 정돈하게 합니다. 거실에서는 무드 그린 부엌을 선택하여 코워크링 룸으로 활용하거나 식사 공간으로 사용할 수 있도록 설계하였습니다. 특히 11자 부엌 아일랜드는 공간 활용성을 높여주는 역할을 합니다. 부엌은 월 플러스 사하라 마감재와 통유리를 통해 밝고 시원한 분위기를 느끼게 합니다. 현관과 연결된 부분에는 하프 유리가벽을 설치하여 공간의 흐름을 원활하게 만듭니다. 마지막으로 욕실은 한샘이자 디자인 타일 바스와 함께 하반신을 담당하는 편안함을 제공하며, 전체적으로 인테리어는 모던한 스타일을 유지합니다. 이와 같은 디자인으로 6천만원대 내에서 최적의 주거 환경을 완성할 수 있습니다.",현관 시원하게 틔여 보이는 하프 통유리 가벽으로 현관과 거실 공간을 분리하고 외출 귀가 시 편하게 앉아서 신발을 신을 수 있도록 가벽 안쪽은 벤치장을 설치 거실바닥면이 넓어 보이는 600*600각 큰패턴의 한샘휴2.2t 장판으로 깔고 거실 아트월(월플러스 사하라)은 바닥과 이어져 보이도록 같은 웜베이지 계열컬러로선정 부엌 유니크한 무드그린 부엌으로 개성있는 공간으로 연출 11자 대면형 부엌에 식탁겸 수납장으로 활용 할 수 있도록 아일랜드 추가 설계,0.6756753325462341,0.7108884453773499
"신혼부부를 위한 이 공간은 따로 또 같이라는 개념으로 디자인되었습니다. 거실은 대면형 주방과 연결되어 있어 부부가 함께 요리를 즐길 수 있으며, 주방은 그림 같은 뷰를 제공하여 사진 찍기에 좋습니다. 노출 콘크리트 느낌의 벽 판넬과 유니크한 벽 판넬은 시크한 감성을 더하며, 빌트인 드레스룸은 공간 활용도를 높여줍니다. 현관은 깔끔한 브라운 타일로 마무리하여 전체적인 분위기를 고정시키고, 침실은 크림색으로 칠해 깔끔하고 깊은 분위기를 연출합니다. 거실은 테이블과 의자를 비롯한 홈 카페와 홈 파티를 위한 식탁을 두어 소통하는 공간으로 활용할 수 있습니다. 또한 현관 중문을 한샘 3연동 중문으로 꾸미면 공간을 더욱 깔끔하게 유지할 수 있습니다. 마지막으로 욕실은 고급스러운 루미나스 휴판넬과 휴플로어를 사용하여 은은한 빛을 발산하며, 전체 인테리어와 잘 어우러집니다.",장미마을 삼성래미안2차 34평형 아파트입니다. 방 3개와 화장실 2개를 가지고 있는 구조예요. 한 폭의 그림 같지 않나요? 소통이 가능한 대면형 주방은 요리를 좋아하는 남편과 사진 작가인 아내가 소중한 시간을 카메라에 담을 수 있는 최상의 구조가 될거예요! 유로 402 침대에 오트밀 패브릭 헤드를 얹으니 붙박이장의 크림색과 함께 부드러운 무드가 조성되죠? 1인 크리에이터이자 스트리머인 남편을 위해 시크하게 조성한 개인방이에요! 각종 장비를 올려두기 넉넉한 철제선반형 책상은 물론 영상에 보이는 뒷배경을 위한 검은 커튼까지!,0.6763314604759216,0.7644290924072266
"연지자이 2차에서의 56평 크기의 아파트는 클래식한 화이트 컨셉으로 꾸미기에 적합합니다. 거실에서는 화이트 벽체와 대비되는 골드 컬러의 손잡이를 사용하여 고급스러움을 더해주며, 웨인스코팅을 통해 시각적인 깊이감을 부여할 수 있습니다. 주방은 세탁조와 샤워부스를 포함해 클래식한 화이트와 골드 컬러를 활용하여 깔끔하면서도 고급스러운 분위기를 만듭니다. 침실에서는 LED 거울을 설치하여 공간을 더욱 넓게 느끼게 하고, 화이트 컬러의 침구와 골드 컬러의 소품으로 간소하면서 고급스러운 분위기를 연출할 수 있습니다. 마지막으로, 욕실은 타일을 활용해 고급스러운 타일욕실 스타일을 표현하며, LED 거울과 함께 사용하면 더욱 빛나는 느낌을 줄 수 있습니다. 현관에서는 작은 금속 장식을 추가하여 전체적인 디자인에 어우러지는 고급스러움을 더할 수 있습니다.","현장  소개 - 아파트명 : 연지자이 2차 - 주거형태/평수: 아파트 /56평(186m2 타입) 오늘 소개해드릴  공간은 연지자이2차 아파트  입니다. 벤자민무어 도장으로 칠한 거실에 클래식타입 부엌으로 구성된 집입니다. 설계포인트! ① 거실 tv 매립형 텐바보드 아트월 ② 욕실 디자인 타일욕실으로 세련된 무드 연출 ③ 화사한 클래식 부엌으로 집에 가치를 up! - 공사기간: 4주 - 가족 구성: 2인 가족 주요  자재 - 바닥재: 프리미엄와이드 강마루 - 벽, 천정: 친환경  도장(거실,주방) / 실크도배(방) - 벽장재:  템바보드 리모델링  포인트 - 주방 :11자 부엌에 카페장 설치 - 안방 텐바벤치침대해드설치 현관 클래식 스타일의 현관장 + 카라라패턴 현관 타일 조합 깔끔하고 세련된 공간연출 거실 화이트톤 도장의 거실벽면에 자연적인질감의 텐바보드 포인트 부엌 나비형 골드포인트 손잡이가 달린 유로 클래식 500 리갈 실버펄 부엌 설치 벽면 대형 키친판넬 마감으로 부엌을 더 품격있게 연출했습니다. 욕실 타일마감의 디자인욕실 내부에 세탁장을 설치해  넓은 욕실을 보다 효율적으로 사용할 수 있도록 설계했습니다. 안방옆방 작은방 하나를 드레스룸으로 설계했습니다. 길고 좁은 공간을 가벽으로 다림질실과 수납 구역 분리하여 사용할 수 있습니다.",0.6619973182678223,0.6963735222816467
"거실에 스터디 공간을 만드는 것은 집의 활용성을 높이는 좋은 방법입니다. 먼저, 거실 한쪽 벽을 가벽으로 만들어 스터디 공간을 구분하는 것이 좋습니다. 이 가벽에는 침실 가벽과 같이 책장과 화장대를 부착하여 필요한 물건들을 넓게 배치할 수 있습니다. 스터디 공간의 촛점을 둔 브라운 샤워장과 밝은 색상의 벽을 사용하여 깨끗하고 쾌적한 분위기를 연출할 수 있습니다. 또한, 빛이 잘 드는 곳에 위치시키는 것이 중요합니다. 이렇게 하면 스터디 공간이 더욱 활기찬 분위기를 가지게 됩니다. 마지막으로, 편안하면서도 견고한 식탁과 서재 책장을 추가하면 스터디 공간이 더욱 편안해질 것입니다. 이런 방식으로 거실을 스터디 공간으로 변신시키면 공간 활용도와 효율성이 크게 향상될 것입니다.","LG 신봉 자이 39평형 아파트입니다. 방 3개, 욕실 2개로 이루어져 있어요. 공동 공간인 거실과 주방이 넓은 편이에요. 거실은 멀티공간으로 활용하기에 좋은 구조입니다. #가족의 눈길이 닿는 곳에 스터디 공간 마련 가구를 이용한 자연스러운 공간 분리 소파와 식탁을 배치하여 휴식공간과 스터디 공간을 분리하였습니다. TV앞 소파와 대비되도록 브라운 계열의  식탁을 배치해 독립적인 느낌을 주었어요. 가족 모두가 함께하는 스터디 공간을 만들었습니다 #거실이 보이는 오픈형 주방 거실을 향해 트인 밝은 베이지 톤 주방 LDK 구조의 장점을 살려 조리대에서 거실이 보이도록 하부장을 배치하였어요. 거실이 잘 보이는 구조이기에 요리하는 중에도 아이에게 관심을 기울일 수 있으실 거예요. 침실은 하루를 마무리하며 잠들 거나 외출을 준비하는 공간이기도 하죠. 화이트톤 배경에 브라운 계열의 가구를 배치하여 아늑하고 따뜻한 분위기로 연출 했어요. 가벽으로 생긴 자투리 공간에 파우더장을 두어 특별한 공간으로 만들었어요. 욕실 옆에 있어 외출 준비 시 용이할 뿐만 아니라 수납공간까지 더했습니다. 화이트 클래식 스타일 가구로 아이의 취향이 담긴 공간이에요. 부담스럽지 않은 화이트 모던클래식 가구여서 중학생이 되어도 계속 쓰게 될거에요. #여러 사람이 오가도 깔끔한 출입구 화이트 빌트인장 현관",0.6742213368415833,0.7022727727890015
"사하구 다대성원아파트의 49평형을 깔끔하게 리모델링하기 위해 심플한 화이트 컬러를 주요 색으로 선택하였습니다. 거실에서는 대형 시스템 에어컨을 설치하여 통풍과 난방을 효과적으로 관리하였으며, 키친에서는 단독 아일랜드 설계를 적용하여 공간 활용성을 높였습니다. 침실에서는 베드와 의자 주변을 화이트와 블루 컬러 조합으로 조명해 편안함을 더했습니다. 또한 현관은 청소를 쉽게 하기 위한 도어 아래 소형 라커를 추가하였고, 욕실에서는 화이트 타일을 사용하여 깨끗하고 청결한 분위기를 연출하였습니다. 기타 공간에서는 간단한 조명과 미니멀한 소품만을 배치하여 전체적인 인테리어 스타일을 일관되게 유지하였습니다.","시스템 에어컨 일반적인 단내림이 아닌 거실부터 부엌까지 연결되는 간접 등라인을 만들어 포인트로 연출하였습니다. 메인등을 대신하는 3인치 다운라이트 매립등으로 시공 깔끔한 화이트 톤의 벽지로 어떤 가구와도 어울릴 수 있도록 연출하였습니다. *주요시공 : 등박스 간접조명, 시스템 에어컨 실용성이 높은 한샘 바스 입니다. 휴플로어(카고 D그레이) / 휴판넬(피에트라 화이트)과 샤워부 한쪽 벽면은 L그레이 포인트 판넬로 연출하였습니다. 그레이 코팅 샤워 파티션과 거울 슬라이딩장을 배치하여 실용성을 높였습니다. *주요시공 : 한샘 휴판넬/휴플로어, 샤워 파티션, 거울 슬라이딩장 깔끔한 화이트톤에 톤 다운된 침대 가구로 배치된 안방입니다. 안방도 시스템 에어컨을 시공함과 동시에 간접 등박스으로 무드있는 분위기로 연출하였습니다. 별도의 드레스룸이 있는 집이라 별도의 붙박이장이 없는 부부의 수면을 위한 공간입니다. *주요 시공 : 시스템 에이컨, 간접 등박스 안방에서 이어지는 아치형 게이트가 맞이하는 파우더룸 공간입니다. 기존에는 수납 빌트인장이 있어 답답함이 느껴졌던 공간이었지만 기존장을 없애고 한샘 빌트인 낮은 화장대와 거울을 시공하여 답답함이 사라진 파우더룸 공간으로 연출하였습니다. *주요 시공 :  아치형 게이트, 한샘 빌트인 낮은 화장대",0.6983174085617065,0.7605636119842529
학익동의 풍림아이원 25평형에서 원하는 인테리어를 구축하기 위해선 현관부터 시작해 한샘바스와 한샘월플러스를 활용한 깔끔한 욕실 인테리어가 필요합니다. 현관은 한샘중문으로 정제된 분위기를 내도록 하세요. 거실에서는 라인조명을 설치하여 시각적으로 공간을 넓게 만드는 효과를 줄 수 있습니다. 침실은 심플하면서도 모던한 분위기를 위해 한샘마루를 사용해 보세요. 키친에서는 한샘키친 판넬과 월플러스를 이용해 깔끔하고 모던한 주방을 만들어 보세요. 또한 보조주방과 냉장고장을 추가하면 실용성이 더욱 높아집니다. 마지막으로 욕실에서는 파우더장을 설치하여 공간 활용성을 높이는 동시에 디자인적인 요소를 더할 수 있습니다. 이러한 구성으로 4천만원대의 예산 안에서 모던하면서도 심플한 인테리어를 완성할 수 있을 것입니다.,"거실 거실은 확장공사를 통해 더 넓은 공간으로 재탄생 했습니다. 기존 발코니가 있던 위치는 테이블을 두어 가족들만의 시간을 보낼 수 있는 다이닝 공간을 마련 했고, 아트월은 그레이톤의 한샘 와이드 월플러스로 마감하여 모던 분위기를 연출 했습니다. 주요자재 - 한샘 월플러스 <배수브라이트> - 한샘 마루 <브러쉬 와이드 애쉬화이트> - 한샘 라이트 <3인치 다운라이트> 주방 주방은 ㅡ자 구성에 따로 메인등을 달지 않고 3인치 다운라이트로 시공하여 간결한 느낌을 더해주었습니다. 작은 주방은 냉장고 자리가 애매한 경우가 많은데요, 주방 발코니에 냉장고장을 따로 마련해서 공간을 효율적으로 사용 했습니다. 주요자재 - 한샘 키친판넬 <라인마블> - 한샘 마루 <브러쉬 와이드 애쉬화이트> - 한샘 키친 <무드화이트> 안방 안방은 가구를 따로 구입하실 필요 없는 한샘 빌트인 파우더장으로 설계 했습니다. 파우더장은 슬림 타입, 하부 서랍 타입 등 다양한 스펙으로 설계가 가능하기 때문에 용도와 현장상황에 맞게 시공이 가능 합니다. 주요자재 - 한샘 수납 <빌트인 매트화이트> - 한샘 마루 <브러쉬 와이드 애쉬화이트> 현관 귀가 시 짐이 많은 경우에는 여닫이 중문에 불편함을 느끼실 수 있는데요, 한샘 3연동 초슬림 중문 같은 경우에는 간결한 디자인은 물론 편리함까지 갖추었습니다. 화이트 컬러로 시공하여 모던한 내부의 분위기와 톤을 맞추어 주었습니다. 주요자재 - 한샘 중문 <초슬림 3연동 중문 S200>",0.6739385724067688,0.6973211765289307
"서울시 관악구 봉천동 성현동아아파트에서 32평 규모의 공간을 리모델링하는 프로젝트를 진행한다면, 전체적인 디자인은 모던 스타일을 선택하는 것이 좋습니다. 먼저, 심플하면서도 깔끔한 분위기를 유지하기 위해 기본 컬러는 흰색과 그레이 계열의 색상을 활용하면 효과적입니다. 이 컬러는 다양한 가구와 소품을 흡수하며, 공간을 더 넓고 여유로워 보이게 만들어 줍니다.

거실에서는 한샘 유로 중문을 사용하여 공간 분리를 할 수 있으며, 이는 기능성과 미학을 동시에 갖춘 제품입니다. 침실에서는 편안함을 위해 침대와 소파를 흰색으로 선택하고, 벽면에는 그레이 계열의 벽지나 캐스미스를 활용하여 공간을 더욱 깔끔하게 연출할 수 있습니다.

주방에서는 심플한 디자인의 싱크대와 식탁을 배치하여 공간을 효율적으로 활용할 수 있습니다. 또한, 드레스룸에서는 투명한 도어를 사용하여 공간을 개방감 있게 만들고, 발코니에서는 편안한 의자를 설치하여 외부 공기를 만끽할 수 있도록 설계할 수 있습니다.

마지막으로, 현관에서는 간결하면서도 고급스러운 디자인의 도어와 코팅을 통해 입구를 강조할 수 있습니다. 이러한 요소들을 통합하여 1천만 원 미만의 예산 내에서 전체적인 인테리어를 완성할 수 있습니다.",북유럽 포인트 타일과 화이트톤의 신발장을 매치한 현관입니다. < 중 문 > 슬림한 디자인에 모루유리와 화이트 컬러의 프레임이 돋보이는 여닫이 중문을 디자인했습니다. 화이트벽지와 엣지등을 시공해 깔끔하고 심플한 스타일에 확장형 거실을 완성했습니다. 창문을 가리고 있던 답답한 벽장을 없앤 깨끗하고 개방감이 느껴지는 주방입니다. 주방 한쪽면을 수납장으로 꾸밀 수 있어 공간을 더욱 효율적으로 사용할 수 있는 30평형 주방입니다. 부드러움을 느낄 수 있는 터치질감의 도어로 시공한 슬라이딩 붙박이장입니다. 마루 느낌에 타일을 이용한 발코니입니다. 세탁실 및 보조주방 역할이 가능한 공간입니다.,0.705735445022583,0.7161984443664551
"확장된 34평의 침산 코오롱하늘채에서는 공간 활용성이 크게 향상되었습니다. 먼저, 거실은 다운라이트를 통해 자연스럽게 밝혀져 무드화이트 컬러의 벽과 천정이 더욱 부드럽게 어우러집니다. 월플러스는 거실 한쪽에서 보조주방으로 활용되며, 세탁공간과 함께 멋스러운 펄클래식 패턴의 바닥재가 전체적인 분위기를 더욱 고급스럽게 만듭니다. 또한, 침실은 아치게이트를 통해 더욱 넓어진 느낌을 주며, 안방인테리어와 한 samo키친의 조화로 인해 깔끔하면서도 따뜻한 분위기를 연출합니다. 아이방은 책상장이 설치되어 있어 학습공간과 놀이공간을 동시에 제공하며, 멀티룸은 다양한 용도로 사용될 수 있도록 설계되었습니다. 마지막으로, 현관과 발코니는 여닫이 중문을 통해 공간을 효과적으로 구분하고, 현관인테리어는 리갈실버펄 패턴의 도어와 함께 깔끔한 외관을 갖추게 됩니다. 이 모든 요소들이 조화롭게 어우러져 6천만원대의 예산 내에서 최적의 인테리어 결과물을 만들어냅니다.","속보요 속보!! 침산코오롱하늘채 33평 시공현장에 나와있는 대구한샘 리하우스 아이앤디 남기림RD입니다!! 확장공사를 진행함에도 가격이 착하다는 소문을 듣고 찾아왔는데요 바로 한번 알아보겠습니다! 주방 식기세척기를 사용하고 싶다는 고객님을 위한 맞춤형 부엌 과 식탁과 냉장고 위치 확보를 위해 가벽을 시공 하여 냉장고장 자리를 만들어 드렸습니다 클래식한 디자인을 좋아하시는 고객님께서 선택한 E0500 리갈실버펄 모델로 우아하고 고급스러운 우리 고객님과 잘 어울리는 모델입니다 아름다운 부엌에 효과를 주기위해 메인등 대신 다운라이트 로 포인트를 더했습니다 * 주요 시공 : 가벽 시공, EO500 리갈실버펄, 다운라이트 주방 다용도실 주방 다용도실로 다니는 공간에 가벽을 일부 세웠기 때문에 터닝도어 로 개폐공간을 확보했습니다 키큰장과 하부장 으로 수납과 간편한 조리공간까지 제공해드렸습니다 * 주요 시공 : 터닝도어, 밀란100 퓨어화이트 안방 클래식 한 분위기를 좋아하시는 우리 고객님께 추천해드리는 펄클래식 붙박이장입니다 아기자기한 골조와 손잡이로 안방을 한층 우아하게 만들어줍니다 파우더룸으로 이동하는 통로를 아치 게이트 로 만들어 부드러운 분위기를 통일시켜 주었습니다 파우더룸 안방과 연결된 파우더룸은 수납공간 최대로 활용할 수 있는 파우더장 과 안방 이외의 옷들을 보관할 수 있는 붙박이장 으로 구성했습니다 무드베이지 톤으로 파우더룸만의 따뜻한 분위기를 자아냅니다 * 주요 시공 : 무드베이지 파우더장, 붙박이장 자녀방 안방맞은편방인 작은방에는 자녀분이 사용하기로 하셨습니다 확장한 공간에 자녀분만의 수납을 위한 붙박이장 을 제안드렸습니다 * 주요시공 : 발코니 확장, 무드화이트 붙박이장 서재 입구방은 고객님께서 사무공간으로 사용하시는데요 1600 철제다리 책상 과 빌트인,붙박이장 을 넣어 서재공간에 충분한 보관이 가능하도록 제안드렸습니다 * 주요 시공 : 빌트인 책상, 매트화이트 붙박이장 현관 현관확장 을 진행했습니다 기존 현관장 자리에는 낮은 현관장 을 두어 외출 시 필요한 물건들을 배치할 수 있는 공간으로 만들고 맞은편 자리는 팬트리 공간으로 다양한 물건을 보관할 수 있는 붙박이장 으로 구성했습니다 원도어 중문 으로 망입유리 를 넣어 스크래치 방지 와 디자인적인 포인트를 넣었습니다 바깥 현관에는 높은 현관장 으로 많은 신발들을 보관 할 수 있는 공간으로 제안드립니다 * 주요 시공 : 현관 확장, 붙박이장, 현관장, 여닫이 중문",0.6647826433181763,0.4530182480812073
"수원센트럴아이파크자이112A의 모던 프렌치 스타일 인테리어를 완성하기 위해선 전체적인 디자인 톤을 고려해야 합니다. 먼저, 거실에서는 노출서랍장과 슬림화장대를 활용해 공간을 최대한 효율적으로 사용할 수 있습니다. 또한, 카페 장과 티 테이블을 배치하여 편안한 읽는 공간을 만들고, 한샘 유로604와 포시즌 매트리스를 이용해 편안한 잠을 취할 수 있도록 하겠습니다.

아이 방에서는 학생 책상과 암막 블라인드를 설치해 집중력을 높이고, 한샘 아이디 S를 통해 깨끗하고 세련된 분위기를 유지할 수 있습니다. 드레스 룸에서는 로드레스 룸과 노아 붙박이장을 설치하여 공간을 효과적으로 활용할 수 있으며, 원형 러그와 커튼을 통해 따뜻하고 편안한 분위기를 만듭니다.

마지막으로, 서재와 멀티 룸에서는 한샘 유닛 서재와 하부 책장을 설치해 필요한 물건들을 쉽게 찾을 수 있게 하며, 컴퓨터 책상과 협탁을 통해 작업 효율성을 높일 수 있습니다. 이를 통해 2천만 원대 내에서 다양한 기능을 갖춘 공간을 만드는 것이 가능합니다.",언밸런스한 비례감 과 낮은 높이의 모듈 소파 로 완성한 개방감 있는 거실 공간 화사 하고 고급 스러운 뉴트럴 화이트 색상과 프렌치 한 루버 디자인 공간을 아늑하게 만드는 완만한 곡선 디자인과 특별하고 개성 있는 실루엣의 소파 파리 감성 을 담은 윙헤드 디자인의 프레임과 고급스러운 골드 포인트 손잡이 붙박이장으로 완성한 프렌치 모던 스타일 스마트 학습 도 문제없는 멀티 기능 책상으로 완성한 초등 자녀방 독서실 책상 으로 집중력 과 창의력 을 요할 때마다 학습 공간을 바꿔서! 프렌치 로망을 완성해 줄 감성적인 디자인의 골드 포인트 드레스룸,0.6499900817871094,0.7087043523788452
"신정동 목동신시가지 9단지의 38평 아파트는 세월의 흔적을 지우면서도 현대적인 감각을 살려내는 인테리어를 통해 새로운 생명을 얻었습니다. 먼저 거실은 연그레이 타일과 조적 파티션으로 장식되어 전체적인 분위기를 깔끔하고 정갈하게 만들었습니다. 이와 함께 졸리 컷 소재의 매그놀리아 카페장이 거실 한쪽을 중심으로 배치되어 편안한 휴식공간을 제공합니다. 주방에서는 유로300 빌트인 냉장고와 함께 간편한 식사 준비를 위한 카페장이 설치되어 있어 요리사의 효율성을 높여줍니다.

거실과 주방 사이에는 간접 조명이 설치되어 밝은 낮 시간에도 불구하고 밤처럼 편안한 분위기를 연출합니다. 이 조명은 실내의 공간감을 강조하고, 세련된 분위기를 만드는데 큰 역할을 합니다. 욕실에서는 방수 처리가 완벽하게 이루어진 연그레이 타일이 사용되어 깨끗하고 청결한 느낌을 줍니다. 현관은 단정하게 설계되어 들어오는 손님에게 깔끔한 인상을 심어줍니다.

모든 공간은 현대적인 스타일을 따르며, 예산 4천만원대로 인테리어를 완성했습니다. 이러한 인테리어는 비주얼뿐만 아니라 기능성까지 고려하여 주거 환경을 근본적으로 변화시켰습니다.",거실│따뜻한 색감의 월넛 필름과 웜톤의 화이트 필름 시공으로 따뜻하고 고급스러운 분위기 연출 키친│예쁜 디자인과 고객님을 위한 완벽한 동선의 레이아웃,0.6319810152053833,0.3788335621356964
"광주 치평동 금호대우아파트의 24평형 주택을 미니멀하면서도 깔끔한 분위기로 꾸미려면, 화이트와 우드의 조합이 적절합니다. 거실에서는 강마루를 사용하여 자연스러운 느낌을 살릴 수 있으며, 실크벽지를 활용해 고급스러움을 더할 수 있습니다. 티비매립박스와 폴딩도어는 공간 활용성을 높여주며, 별도의 드레스룸을 마련하여 패션과 수납 공간을 따로 두는 것이 좋습니다.

서재 방에서는 바흐시스템장을 설치하여 책상과 서랍을 효율적으로 배치할 수 있으며, 화장대는 발코니 내부에 설치하여 작은 공간을 활용하는 동시에 실용성을 갖출 수 있습니다. 주방은 ㄱ자형 주방을 선택하여 세련된 모습을 보여주며, 캐시미어와 포세린타일을 사용하여 깨끗하고 현대적인 분위기를 연출할 수 있습니다.

현관과 안방에서는 화이트인테리어를 유지하며, 파우더장을 통해 여유로운 공간을 만드는 것이 좋습니다. 또한, 세탁기 단연장과 비스포크 냉장고를 사용하여 공간을 최대한 활용할 수 있으며, 발코니에는 작은 식당을 만들어 요리를 즐길 수 있도록 구성할 수 있습니다. 마지막으로, 욕실 상부장과 욕실 인테리어는 현대적인 터치를 더해주며, 욕조와 함께 설치하면 편안함을 느낄 수 있습니다.","[입구방 시공 제품명] - 펜트리장: 유로펜트리 입구방은 집에서 재택근무를 하는 고객님을 위해 서재 공간을 제안드렸습니다. 입구방 발코니는 고양이를 기르기 때문에 내부에 수납을 편하게 할 수 없는 고객님을 위해 펜트리 공간을 마련해드렸습니다. 펜트리장은 다용도 물품을 편리하게 수납할 수 있는 공간이라 만족도가 높은 제품입니다! *주요시공: 펜트리 [안방 시공 제품명] 안방은 편안한 휴식이 가능할 수 있도록 군더더기 없이 깔끔하게 꾸몄습니다. 붙박이장이 아닌 파우더장을 이용해 심플한 공간을 연출했습니다. [드레스룸 시공 제품명] - 시스템장 모델: 바흐드레스장 화이트 - 벽지: 포근한니트 시스템장은 화이트를 주색깔로 하는 집의 톤에 통일감을 주기위해 한샘 우드가 섞인 화이트 컬러를 이용하고, 벽지 또한 따뜻한 화이트컬러로 시공했습니다. 시스템장의 가운데에는 악세사리장을 넣어 체계적인 정돈, 수납이 가능할 수 있도록 꾸며드렸습니다. 주요시공: 바흐 시스템장, 화장대 부엌이 좁기 때문에 냉장고는 부엌발코니로 옮기고, 세탁기와 건조기를 놓기 위해 세탁기 단은 연장했습니다! [현관 시공 제품명] - 현관장 모델: 매트화이트 - 중문: 비대칭 고급형 원도어 중문 현관장은 좁은 24평 현관에 밝고 넓은 느낌을 주기 위해 화이트 컬러 현관장을 설계하고, 고급스러우면서도 자연스러운 느낌을 더했습니다. *주요시공: 현관장, 비대칭중문, 모루유리, 파티션",0.6842911243438721,0.6222416758537292
"도심 속 아파트에서도 프렌치 라이프를 즐길 수 있도록 설계한 이 공간은 세련된 분위기를 자아냅니다. 거실은 웨인스코팅과 네스트 패브릭 소파로 포인트를 주며, 화이트와 모카 크림 월 플러스의 조화로운 색감으로 채워져 있습니다. 발코니는 홈 카페로 활용되며, 1인 소파와 함께 편안함을 더합니다. 키친은 클래식한 현관과 함께 화이트 컬러의 주방과 함께 프렌치 화이트 스타일을 연출하며, 빌트인 서재는 효율성을 극대화합니다. 아이방은 로맨틱한 분위기를 내며, 발코니는 홈 카페로 변신하여 실내외를 연결시킵니다. 마지막으로, 환한 발코니는 비확장 발코니를 최대화하여 공간 활용도를 높입니다. 이러한 디자인 요소들은 모두 프렌치 감성과 현대적인 스타일을 조화롭게 표현하며, 5천만 원대의 예산 안에서 완벽하게 구현되었습니다.",부드러운 핑크톤 벽지와 웨인스코팅 몰딩으로 로맨틱한 자녀방이에요. 샌즈 컬러로 거실보다는 한 톤 다운된 벽지를 사용하여 차분하면서도 로맨틱한 분위기를 연출해보았어요 ^^ 베이지 샌드스톤 판넬과 브론즈 파티션으로 로맨틱한 분위기를 곁들인 부부 욕실이에요. 부부가 함께 사용하기 때문에 많은 용품을 수납할 수 있도록 상하부장을 배치하여 수납 공간을 최대화 하였어요. 상부장의 간접 조명이 공간을 더욱 은은하게 해준답니다. ^^,0.6810440421104431,0.6820436716079712
"서울 강동구 상일동 고덕숲아이파크에서 34평 규모의 아파트를 리모델링하면서 가장 중요한 것은 각 공간의 역할을 잘 살리는 것입니다. 먼저 현관은 편안함을 제공하기 위해 3연동 중문을 사용하여 개인적인 공간과 공용 공간을 분리합니다. 거실에서는 한샘 현관 장을 활용해 도어와 연결된 공간을 더 넓게 만듭니다. 주방은 아일랜드식 테이블을 배치하여 요리와 대화가 동시에 이루어질 수 있도록 설계하였고, 빌트인 후드를 설치하여 효율성을 높였습니다.

침실에서는 우물천장과 간접조명을 통해 깊은 분위기를 연출하였으며, 서재/멀티룸에서는 디자인 조명을 활용해 작업과 휴식을 구분하는 데 도움을 줍니다. 욕실은 작은 공간임에도 불구하고 월플러스 제품으로 청결감을 유지하며 실링팬을 설치하여 통풍을 도와줍니다. 마지막으로 천장에는 우물천장과 간접조명을 결합하여 공간에 깊이와 높이를 더해주었습니다. 이 리모델링 방식으로 34평 아파트는 더욱 견고하고 현대적인 모습을 갖추게 되었습니다.","다크한 색상의 현관문 + 그레이톤의 바닥재 + 웜화이트톤의 현관장 + 화이트 색상의 중문 의 찰떡 조화로 들어설 때부터 깔끔히 정돈되고 세련된 느낌을 받을 수 있어요. 벽면에 한샘 월플러스 를 사용하여 벽지와는 또 다른 느낌을 주었습니다. 우물천장으로 천장이 조금 더 높아 보이고, 간접 조명을 매립하여 다양한 무드의 거실로 연출할 수 있습니다. 하얗고 귀여운 실링팬을 설치하여 고객님 댁만의 포인트가 되었어요. 아마도 손님들이 놀러 오시면 실링팬 너무 귀엽다며 대화의 주제가 생길 것 같네요 :) 온 가족이 함께 쓰는 공용 욕실입니다. 젠다이 를 만들어 세면대 위에 지저분하게 올리지 않고 수납할 수 있게 해드렸습니다. 욕실 청소 시 용이하도록 변기 옆 청소 스프레이건 도 잊지 않고 넣어드렸습니다. 호텔 욕실 같은 디자인 으로 연출하여 손님들이 놀러 왔을 때 고급스러움을 어필할 수 있어요. 따뜻한 분위기로 연출해 드렸습니다. 붙박이장 색상과 침실의 벽면의 색상이 유사하여 공간이 더욱 넓어 보입니다. 다양한 조명으로 자유로운 분위기가 연출 가능하도록 도와드렸습니다. 화장대 옆에 선반을 만들어 자주 쓰는 화장품, 향수 등을 올려둘 수 있게 했습니다.",0.6760162711143494,0.5984430313110352
"엄鲷롯데캐슬아파트의 32평 주택에서는 대면형 주방과 거실식탁을 활용하여 주방 공간을 더욱 효율적으로 사용할 수 있습니다. 이를 위해 거실과 주방을 연결하는 곳에 조적파티션을 설치하여 편안한 식탁공간을 만들 수 있습니다. 주방 바닥은 한샘 유로그레이스 화이트 타일을 사용하여 깔끔하고 현대적인 분위기를 연출합니다. 또한, 드레스룸과 서재, 멀티룸 등에서 필요한 물건들을 보관하기 위한 낮은 수납장을 추가하여 공간 활용도를 높일 수 있습니다. 주방 안에는 시스템장과 스타일러장을 설치하여 필요한 물건들이 정돈되도록 하며, 파우더장을 통해 간편한 화장품 보관이 가능합니다. 마지막으로 현관과 욕실에는 한샘 행잉형 신발장을 설치하여 신발 관리와 욕실 청결성을 유지하는데 도움이 될 것입니다. 이 모든 요소들을 통해 32평의 작은 집에서도 깔끔하고 효율적인 생활을 즐길 수 있을 것입니다.","/ 발코니 폴딩도어, 낮은장, tv매립벽, 시스템에어컨/ 침대헤드보드를 만들고 간접조명을 시공해 아늑하고 차분한 안방을 만듭니다. 나중에 아이가 생기면 가구를 교체해야하니 고정가구보다 이동이 가능한 가구로 구성했습니다. 직부등없이 간접등만 구성해서 재택근무를 할 수 있는 공간입니다. 한샘 서재장과 책상으로 채웠습니다. 신혼부부지만 각자의 시간도 필요하겠지요. 조용히 개인업부도 보고 나중에 다른 쓰임으로도 활용할수 있는 공간입니다. --------------------------------------------------- 신혼부부 맞춤형 인테리어 제안",0.6496294736862183,0.7658506631851196
"이번 리모델링은 38평 규모의 아파트를 대상으로, 신혼부부의 요구를 충족시키는 계획입니다. 첫 번째 공간인 거실은 포인트 벽지를 통해 포인트 중문과 함께 따뜻하면서도 깔끔한 분위기를 연출합니다. 주방은 아일랜드 형태로 설계되어 식기세척기가 설치되며, 이를 중심으로 화이트와 우드 톤이 조화를 이룹니다. 드레스룸은 시스템장과 화이트 옷장으로 구성되어 있어 효율적인 수납력을 제공합니다. 서재는 오픈형으로 설계되어 책상과 컴퓨터 방을 함께 사용할 수 있으며, 포인트 벽지는 눈을 즐겁게 합니다.

현관은 심플한 현관 디자인으로 공간을 확장하며, 투명 중문을 통해 실내외를 연결합니다. 마지막으로, 욕실은 헤비 베이지 컬러의 한샘 바스와 사각 세면대를 중심으로 고급스러운 분위기를 조성합니다. 간접 조명과 무드 화이트 빛은 공간에 편안함을 더해주며, 전체적으로 깔끔하고 아늑한 분위기를 유지합니다. 이러한 디자인은 신혼부부의 요구를 충족시키면서도 편안함과 고급스러움을 동시에 담아냈습니다.","아일랜드는 선택 아닌 필수! 큰 사이즈의 주방창 덕에 집을 환~하게 밝혀주는 장점을 가지고 있어요 장점을 살려 주방에서는 정면에서 바로 보이는 상부장을 과감하게 없애고 탁! 트여보이도록 시공했어요 :) 질리지 않는 은은한 멋, 미가루버 포인트 톡톡 튀는 아트월을 했을 때, 색다른 느낌은 있지만 금방 질릴 것 같을 때! '꾸안꾸'라는 말이 가장 잘 어울리는 우리집 거실이에요 :) 눈이 편안해지는 컬러의 투톤 벽지로 방이 밋밋해보이지 않아요 :) 밝은 화이트톤의 욕실은 이제 그만~! 헤링본 우드 포인트와 콘크리트 베이지의 고급스러운 조화, 간접조명이 달린 거울은 절대 놓칠 수 없어요! Simple is Best! 은은한 베이지 톤으로 편안한 분위기의 욕실이에요 우리집의 포토존 그린 포인트 벽지와 고급스러운 벽등 아래, 큼직한 액자나 화분 무엇이든 OK! 사계절 내내 모든 옷을 수납하기 위해서는 드레스룸은 필수에요! 오픈된 시스템장으로, 오늘 입을 옷이 어디에 있는지 한 눈에 볼 수 있어요 :)",0.6470545530319214,0.6395617723464966
"당산 센트럴아이파크에서 3천만원대 인테리어를 통해 집의 아름다움과 기능성을 동시에 잡았습니다. 첫 번째 단계로, 넓은 거실과 현관에는 대형 타일을 사용하여 깔끔하고 큰 느낌을 주었습니다. 이 타일은 흰색을 기본으로 하되, 일부 부분에서는 흰색과 블루 컬러를 조합하여 시각적인 깊이감을 표현하였습니다.

두 번째 단계로, 침실에서는 드레스룸을 별도로 만들어 개인적인 물건들을 정돈하게 했습니다. 이 드레스룸은 붙박이장과 대형 거울을 배치하여 공간을 효율적으로 활용하였으며, 편안한 분위기를 유지하도록 편안한 조명을 설치하였습니다.

세 번째로, 아이방은 오픈장으로 구성되어 있어 다양한 활동을 자유롭게 즐길 수 있게 했습니다. 이 오픈장은 멀티방으로 변경될 수 있도록 설계하여 미래의 필요에 따라 유연하게 변형할 수 있게 했습니다.

네 번째로, 요리를 즐길 수 있는 키친은 키친 판넬을 사용하여 고급스러운 느낌을 주었고, 사각 싱크볼을 설치하여 실용성을 높였습니다. 이 외에도 키친은 화이트 컬러를 기본으로 하여 전체적인 인테리어와 어우러지도록 디자인되었습니다.

마지막으로, 욕실에서는 비스포크 샤워부스를 설치하여 개인적인 공간을 더욱 즐겁게 만들었습니다. 또한, 조명은 전체적인 분위기에 맞춰 세심하게 고려되었으며, 안방에서도 편안함을 느낄 수 있도록 최적의 조명을 제공하였습니다.",인스타와 블로그에 예쁜 디자인이 넘쳐나는 인테리어가 많은데요 오늘은 가성비와 디자인 모두 다 잡은 인테리어를 소개해드릴게요~ 초등학생 자녀들이 스스로 정리하는 습관을 들일 수 있도록 각방에 옷장을 설치했습니다.,0.660761833190918,0.6403875350952148
"달서구 성서4주공아파트에서 24평 규모의 공간을 라이트 내추럴 스타일로 꾸미는 것은 깨끗하고 편안한 분위기를 만드는 좋은 기회입니다. 먼저 현관에서는 3연동 중문을 설치하여 공간을 구분하면서도 통일감을 유지할 수 있습니다. 거실은 큰 행잉 현광장과 거울 도어를 통해 공간을 확장시키며, 슬라이딩 붙박이장을 추가하면 필요한 물건을 쉽게 접근할 수 있어요.

침실에서는 화이트 붙박이장을 활용해 공간을 최대한 활용하며, 실링 팬과 간접 조명을 통해 쾌적한 분위기를 만듭니다. 키친에서는 한샘 바스와 그레이 색상의 욕실 장비를 사용하여 고급스러운 분위기를 연출합니다. 서재/멀티룸에서는 청정하고 자연적인 느낌을 살려내는 것이 중요합니다. 발코니는 휴식을 위한 공간으로 사용될 수 있으며, 현관과 같이 깨끗하고 깔끔한 분위기를 유지하는 것이 좋습니다. 기타 공간에서도 같은 스타일을 고수하며 전체적으로 일관성을 유지하는 것이 중요합니다.","현장정보 - 면적: 80.33㎡ (24평) - 공사범위: 샷시 교체, 가벽시공, 부엌 구조 변경 - 공사기간: 4주 리모델링 포인트 - 가벽 시공 후 중문 설치 - 부엌과 연결된 방을 활용한 부엌 확장 효과 - 거실 아트월 포인트 - 실용적인 실링팬으로 인테리어 효과 주요 자재 - 한샘 수퍼라인 창호 - 한샘 월플러스 (아트월) - 한샘 휴休장판 2.2T - 한샘 밀란 투톤 부엌 공간별로 자세히 소개해 드리겠습니다~ [거실] 천장 실링팬 은 실내 환기가 용이하고 냉난방비 절약에 도움이 되는 실용성도 있지만 인테리어 효과도 극대화해 줍니다. TV벽면에 한샘 월플러스 아트월로 따뜻한 분위기를 상승시켰습니다. *주요 시공: 실링팬 시공, 아트월 시공 [안방] 안방은 침대 맞은편에 한샘 매트화이트 슬라이딩장을 설치해 자유롭게 문을 개폐할 수 있습니다. 넓은 도어 사이즈로 방을 더 넓게 보이도록 해줍니다. [부엌/ 부엌 맞은편방] 한샘 밀란 모노 네이비와 플랫 화이트를 매치해 투톤 부엌을 연출했습니다. 네이비와 화이트는 많은 분들이 선호하는 투톤 색상이랍니다. 좁은 부엌 구조이기 때문에 아일랜드를 식탁으로 활용하고, 부엌 옆방에 아치형 게이트를 만들어 여러 대의 냉장고를 설치해드렸습니다. 확장된 부엌 공간이 생겼으며 아치형 게이트로 편하게 이동하실 수 있습니다. [거실욕실] 인기 있는 그레이톤의 한샘바스입니다. 욕조 조적 후 한샘 휴판넬 로 마감해 더 깔끔하게 연출되었습니다. [발코니] 주방 발코니에 세탁기 단올림 시공 후 세탁기 설치해드렸습니다.",0.6712820529937744,0.33971714973449707
"소만마을 8단지의 19평 아파트를 스마트하게 꾸미려면 첫 번째 단계로는 전체 매립 등과 천장 폭탄화를 통해 공간을 더 넓고 깔끔하게 만드는 것이 중요합니다. 이는 키친과 욕실에서 특히 효과적입니다. 무광 플랫 화이트와 무드 베이지 컬러를 사용하면 아partment 전체가 깨끗하고 현대적인 분위기를 느끼게 됩니다. 거실은 평면도를 참고해 플랫 화이트 컬러를 적용하여 전체적인 조화를 이루게 합니다. 침실에서는 편안함을 위해 밝은 무드 베이지 컬러를 선택하여 잠을 잘 수 있는 여유로운 분위기를 조성합니다. 마지막으로, 이 예산 2천만원대 내에서 다양한 가구와 소품들을 통한 디테일한 장식을 통해 개인적인 취향을 살릴 수 있습니다. 이렇게 하면 소형 아파트에서도 뛰어난 인테리어를 즐길 수 있을 것입니다.",해당 집의 가장 큰 특징은 식탁 겸 작업대의 위치가 거실로 이동하고 쇼파가 없다는 점입니다. 재택 근무를 많이 하는 부부의 생활 방식과 자녀의 tv시청을 지양하기 위한 구조의 선택이었습니다. 생각보다 많은 젊은 부부들께서 이런 구조를 선택하고 계십니다. ㄱ자 구조의 키친입니다. 해당 구조의 집에서는 어디서 주방을 끊냐에 따라서 주방과 거실에 크기가 결정됩니다. 당초엔 키큰장을 거실 끝까지 연장할 계획이었으나 추후에 쇼파 구입에 대한 의지가 있으셔서 그 부분은 중도 변경되었었습니다. 입구에 위치한 자녀방입니다. 옷장 공간이 부족한 고객님의 니즈에 따라 자녀방에도 붙박이장을 비치하여 부족한 수납을 보완해드렸습니다.,0.654609203338623,0.6395958662033081
"의정부 호원두산아파트에서 33평 규모의 공간을 내추럴 오크 톤으로 인테리어하면, 전체적인 분위기는 따뜻하고 편안하게 변하게 됩니다. 거실에서는 무드 화이트 조명과 함께 한샘이 제작하는 키친을 배치하여 쾌적함을 더합니다. 주방은 사각씽크볼과 무광 수전, 인덕션을 설치하여 깔끔하면서도 실용적인 느낌을 줍니다. 현관에서는 여닫이 중문과 한샘이 제작하는 중문을 사용하여 공간을 효과적으로 구분합니다. 

거실과 연결된 루프인더리는 인테리어 월과 아트월을 활용하여 개인적인 감성을 표현할 수 있으며, 간접 조명과 LED 조명을 조합하여 밝기와 분위기를 조절할 수 있습니다. 욕실은 무몰딩 설계와 무광 수전을 통해 깔끔한 느낌을 살립니다. 한샘 바스와 한샘 욕실 제품들을 사용하여 고급스러운 분위기를 연출합니다.

전체적으로 이 인테리어는 6천만원대의 예산 내에서, 자연스러운 톤과 고급스러움을 동시에 느낄 수 있는 아름다운 공간을 만들어낼 것입니다.","# 현관 -설계포인트 1. 좁은 현관의 개방감을 주기 위한 여닫이 중문시공 2. 좁은 현관의 실용성을 위한 행잉형 현관장 -주요자재 1. 한샘 비대칭 여닫이 중문 2. 한샘 무드화이트 행잉형관장 # 거실 -설계포인트 1. TV벽면 천정부 간접조명 2. TV벽면 인테리어 월 시공으로 따뜻한 분위기 연출 -주요자재 1. 한샘 7.5T 와이드 강마루 2. 한샘 인테리어 월 3. T5,mr16 간접조명과 다운라이트 매립등",0.6547486782073975,0.5344074368476868
"이 집은 자연과 하나된 분위기를 느낄 수 있도록 설계되었습니다. 거실 확장으로 더 넓은 공간을 만든 후 다운라이트를 통해 따뜻한 빛을 비춰내어 포근한 분위기를 연출했습니다. 타일아트월을 설치하여 이정표적인 자연 테마를 더욱 강조하였습니다. 부엌에서는 ㄱ자형 주방과 아일랜드 키친 판넬을 사용하여 효율적인 공간 활용도를 높였습니다. 또한, 보조 주방 수납과 키큰장 수납공간을 추가하여 실용성을 극대화 시켰습니다.

안방에서는 무드베이지 컬러와 작은 방 인테리어를 활용하여 여유로운 분위기를 연출하였습니다. 파우더 룸에는 빌트인 화장대를 설치하여 공간 활용도를 높였습니다. 발코니에서는 푸른 풍경을 즐길 수 있도록 외부 풍경이 잘 들어오는 유리문을 설치하였고, 드레스 룸에서는 다양한 수납장을 배치하여 필요한 물건을 쉽게 찾을 수 있도록 했습니다. 이처럼 이 집은 내추럴 스타일을 고려하여 전체적으로 조화롭게 인테리어를 완성하였습니다.","거실 거실 발코니를 확장 해 넓어진 공간으로 재구성한 거실입니다. 발코니 통로공간이 크지 않았기 때문에 터닝도어를 시공할 시 문크기가 너무 작아져서 가벽 으로 막아둔 모습입니다. 거실 구석구석 어둡지 않도록 메인등 대신 3인치 다운라이트 로 조성했습니다. 거실 아트월은 대형타일 로 고급스러움을 한층 더하여 거실의 무게를 잡아주었습니다. 중문자리를 확보하기 위해 일부 가벽을 걷어내고 이동통로를 최대한으로 확보 하여 3연동 중문 을 시공한 모습입니다. * 주요 시공: 발코니 확장, 다운라이트 시공, 대형타일 아트월, 3연동 중문 주방 발코니 주방 발코니에는 가스쿡탑을 사용할 수 있는 하부장과 키큰장으로 수납공간을 넓힌 모습입니다. * 주요 시공: 퓨어화이트, 보조주방시공 침실 입구방, 후면방, 안방에는 붙박이장으로 수납공간을 구성한 모습입니다. 드레스룸 공간에도 붙박이장과 파우더장으로 알찬 구성을 도와드렸습니다. * 주요 시공 : 무드베이지 붙박이장",0.7009602189064026,0.7010972499847412
"사직동 사직한신아파트에서 24평 규모의 공간을 활용하여 화이트와 베이지 컨셉으로 꾸미며, 초등 자녀와 함께하는 학업공간을 조성하였습니다. 먼저 거실은 개나리벽지를 사용하여 따뜻한 분위기를 연출하였고, 아트북과 22T장판을 결합해 근사한 디자인을 구현했습니다. 이어서 침실은 슬림걸레받이를 설치하여 깔끔하고 깊은 느낌을 주었으며, 벽면은 마이너스몰딩을 통해 현대적인 분위기를 표현하였습니다.

아이방은 초등자녀가 사용하기 편안하도록 체크리스트를 작성하고 학습공간을 마련했습니다. 이를 위해 브론즈코팅 샤워파티션과 대리석 선반을 활용하여 정돈된 느낌을 주었고, 양변기와 세면대는 깔끔하게 배치하여 깨끗함을 유지할 수 있도록 했습니다. 또한, 현관과 키친은 깔끔한 무드화이트 컬러와 스텐실 패턴을 적용하여 전체적인 통일감을 살렸습니다. 마지막으로, 모든 방에는 B300과 행잉형 현관장을 설치하여 공간활용성을 높였습니다.","거실은 손님을 초대했을 때 머무는 공간이자 가족 구성원과 소통하는 공간입니다. 초등학생 자녀분을 두신 고객님께서는 거실에 자녀분의 학업 공간 을 구성하시길 원하셔서 햇빛이 잘드는 확장부에 테이블과 의자를 배치하였습니다. 벽지는 아늑함을 위해 베이지가 살짝 섞인 톤으로 진행하였으며 바닥은 신제품인 어반스톤베이지 장판으로 진행하였습니다. 어반스톤베이지는 600x600 사이즈 타일 패턴이며 질감이 있는 무광 장판입니다. 바닥면이 평활할 경우 퀄리티가 높아지지만 사직한신아파트는 오래된 아파트라 바닥면이 일정하지 않고 침실과 거실의 바닥 높이 차이가 심해 퍼티작업을 진행하였음에도 불구하고 굴곡이 있어 아쉬움이 남았습니다. 혹시 이 아파트에 2.2T 장판을 고민중이시라면 참고하시면 좋을 것 같아요. 안방은 고객님께서 오로지 취짐만을 위한 공간으로 사용하고 싶다고 하셔서 최소한의 가구만 배치하였습니다. 수납 공간은 현관과 동일한 소재인 매트화이트 컬러로 붙박이장을 배치하고 기존에 사용하고 계시던 에어드레서 배치를 위해 공간을 마련하였습니다. 자녀방은 슈퍼싱글 침대와 1400 사이즈의 책상과 책장, 피아노가 배치되어야 하는 공간이었습니다. 성장기 자녀 는 충분한 숙면이 필요하기 때문에 침대는 창문으로부터 떨어진 곳에 배치하고 책상은 햇빛이 잘드는 창가로 배치하였습니다. 피아노를 자주 친다고 하여 책장과 마주보게 피아노를 배치하였습니다. 한샘 조명은 플리커 현상 이 적은 LED 조명입니다. 플리커 현상은 조명의 깜빡이는 속도가 느려 눈의 피로도가 높아지는데요. 조명의 깜빡이는 속도가 높을수록 눈에 자극이 적어 학생들이 사용하는 공간에 꼭 추천드립니다.",0.6892932057380676,0.8107165098190308
"따듯한 분위기를 가진 평택 경남아너스빌 32평 아파트 리모델링은 디자인의 핵심 요소들을 고려하여 진행되었습니다. 먼저 거실은 밝고 통하는 조명으로 공간을 밝게 만듭니다. 벽면은 미네랄 톤의 베이지 색상을 선택하여 따뜻하고 편안한 분위기를 연출합니다. 화이트 컬러의 주방공간 분리는 중문을 통해 가능하며, 이 중문은 안전성과 동시에 실용성을 갖추고 있어 공간 활용도를 높여줍니다. 현관도 중문을 통해 분리를 해서 전체적인 조화를 이루게 됩니다. 화이트와 베이지의 조합은 깨끗하고 현대적인 느낌을 줍니다. 또한, 한샘 타일을 사용한 침실과 화장실은 깨끗하고 세련된 분위기를 선사하며, 타일은 깨끗함과 함께 공간을 더욱 넓게 느끼게 만들어 줍니다.","천장에 목공 작업을 통해 흔치않고, 고급스러움을 나타낼 수 있는 간접조명 을 넣었습니다. TV면과 복도 한면은 포인트로 미가루버 를 넣었지만 복도는 조금 더 어두운 컬러를 넣어 집안에 입체감을 더 표현했습니다. 같은 공간도 더 넓어보이면서 디자인이 다 들어가있는 이번 집은 어떠세요? * 주요시공 : 미가루버_L028-LA, 미가루버_L001-DA 안방과 안방 드레스룸사이에 슬라이딩 중문을 넣어, 공간을 분리 시켰습니다. 또한 드레스룸 바로 뒤가 욕실이기에 편하게 옷을 갈아입고, 머리를 말릴 수 있게끔 불투명 유리를 넣었습니다.",0.6773844957351685,0.7596560120582581
"홍은동 동아빌라의 57평 빌라는 미니멀한 화이트 톤으로 인테리어를 진행하였습니다. 먼저, 전체적인 분위기를 고려하여 흰색과 골드 컬러를 주요 색상으로 사용하였고, 골드 수전과 시그니처 붙박이장은 이곳을 더욱 고급스럽게 만듭니다. 거실에서는 천장에 매립형 등과 간접 조명을 설치하여 밝기 조절이 가능하도록 하였습니다. 또한, 천장에는 실링 팬을 설치하여 통풍과 함께 쾌적함을 제공합니다.

키친은 유로 키친 스타일로 꾸며져 있어 깔끔하고 넓은 느낌을 줍니다. 심플한 디자인의 매립형 가구와 LED 조명 거울은 공간을 더욱 넓게 느끼게 만들어줍니다. 아이 방에서는 고품질의 무몰딩과 골드 수전이 어우러져 고급스러움을 더해주며, 침실은 클라우드 캔버스와 LED 조명거울을 통해 따뜻한 분위기를 연출하였습니다.

현관과 드레스룸은 시그니처 붙박이장을 활용하여 넓은 공간을 최대한 활용할 수 있도록 했습니다. 발코니는 모자이크 타일과 포세린 타일을 사용하여 실내와 외부의 경계를 부드럽게buat in Korean.","중문을 지나 만나볼 수 있는 복도는 현관과 마찬가지로 600각 포세린 타일을 깔아서 통일감을 주었습니다. 복도에는 3가지 포인트가 있어요. 1. 무몰딩 2. 히든 걸레 받이 3. 간접 등박스 이 3가지 포인트로 미니멀함을 강조해 넓은 공간을 더 깨끗하고 심플해 보이도록 연출했습니다. 약간의 포인트를 주기 위해 마그네틱 조명도 추가했습니다 :) 거실 천장에는 매립등을 시공하여 넓은 공간을 더 넓어 보이게 했습니다. 조도 조절에 좋은 간접 조명 박스로 라이프스타일에 따라 변화를 줄 수 있는게 홍은동 동아빌라 거실의 포인트이기도 합니다. 거실 맞은편에 자리한 주방은 키친핏 냉장고 3도어에 맞춘 냉장고장과 키큰장으로 공간을 분리했어요. 반면 식탁은 거실과 이어지도록 해서 가족들과의 소통에 막힘이 없도록 신경써서 디자인하였습니다. 주방에는 한샘 올인원 쿡탑, 유로 500스칸디 클라우드 제품을 사용하여 화이트 계열로 맞췄어요. 벽면에는 모자이크 타일로 포인트를 주고 천장에 마그네틱 조명, 광폭 아일랜드를 사용해 답답함없이 공간감을 주었습니다. 상부장이 없어서 확 트이고 깔끔한 느낌이 드는 주방이 완성됐습니다. 공간이 널찍하다 보니까 상부장없이도 넉넉한 수납 공간을 가져갈 수 있었던 현장입니다. 특히 유로 500 스칸디 클라우드 제품은 라운드 형태의 손잡이가 귀여우면서도 아기자기한 느낌을 줘서 볼수록 매력적이에요. 홍은동 동아빌라처럼 넓은 평수의 주방에 포인트가 되어줄 수 있는 제품이죠. 준공 30년차인 만큼 연식이 느껴지던 안방은 어떻게 바뀌었을까요? 우선 고객님의 라이프스타일에 맞춰 싱글 침대 두개를 짜넣어 드렸습니다. 목공으로 침대 헤드를 제작하고 가운데에는 리모콘이나 휴대폰 등 간단한 짐을 보관할 수 있는 행잉형 선반으로 마감했습니다. 안방의 포인트는 헤드쪽에 있는 골드 컬러의 조명이라고 할 수 있죠 :) 안방 욕실은 길다란 창문이 있고 욕조가 있는 구조입니다. 욕조를 계속 사용하신다 하셔서 구조는 최대한 유지한채 디자인만 변경해드리는 방식으로 진행했습니다. 화장실은 모자이크타일로 마감했는데 상부는 그린색, 하부는 화이트로 고급스러우면서 세련된 느낌을 살렸습니다.",0.6934191584587097,0.6766623854637146
"가벽으로 똑똑한 공간 분리를 시도하면 32평 규모의 아파트를 더욱 효율적으로 사용할 수 있습니다. 현관에서 거실까지 이어지는 가벽을 통해 개방감을 높이는 한편, 필요에 따라 부분적으로 벽을 세울 수 있어 다양한 공간 활용이 가능합니다. 특히 현관과 거실을 분리하는 가벽에는 3연동 중문을 설치해 원활한 공간 이동과 동시에 개인적인 사생활을 보호할 수 있습니다. 또한 거실과 다용도실 사이에 투명한 시스템장을 설치하여 필요한 경우 거실을 확장하거나 다용도실로 사용할 수 있게 만듭니다. 부엌에서는 아일랜드식탁을 배치해 요리를 즐기면서도 친구들과 대화할 수 있으며, 드레스룸에는 빌트인 수납장과 드레스룸 시스템장을 설치해 옷장 공간을 넓혀줍니다. 마지막으로 안방에는 별도의 가벽을 설치해 작은 사물함과 드레스룸을 갖추게 되며, 이 공간은 아이 방이나 작업실 등으로도 활용될 수 있습니다. 이러한 다양한 공간 분리와 디자인으로 32평 규모의 아파트가 더욱 멋지게 변모할 것입니다.","#현관 · 3연동 중문 시공 하부쪽 시야를 가릴 수 있는 고시형 중문을 설치하였습니다. 정리가 안된 신발 등을 가릴 수 있어 많은 고객님들께서 선호하시는 제품입니다. #거실 · 발코니 확장 · 월플러스 시공 · 와이드 거실장 발코니 확장을 통하여 넓어진 공간에 빌트인 수납장을 설치하여, 빈틈없는 수납을 제안드렸습니다. 고객님께서 원하신 월플러스를 TV면에 시공하여, 보다 특별한 거실이 완성되었습니다. #주방 · ML100 무드 베이지 · ㄷ자형 주방 · 보조 식탁 밀란 무드시리즈의 베이직한 컬러는 인테리어의 기본을 만듭니다. 20-30평형대의 좁은 주방은 메인식탁 대신 보조식탁을 두어 공간의 효율성을 높이는걸 추천드립니다! #안방/드레스룸 · 가벽시공 공간분리 · 드레스룸 시스템장 · 파우더장 붙박이장 고객님께서 안방의 공간분리를 원하셨습니다. 가벽을 신설하여 침실과 드레스룸으로 공간을 나눴고 더불어 이불장과 파우더장도 함께 원하셔서 위와 같은 구조로 완성 되었습니다. #주방옆방 · 발코니확장 · 붙박이장 · 우수관 목공마감 확장함에 있어 기존 발코니에 있던 우수관은 목공으로 마감하였습니다. 부모님이 서재겸 침실로 이용하실 공간이라, 장창을 반창으로 변경 하였으며 그 하부는 단열마감 하였습니다. #입구좌방(자녀방) · 빌트인수납 작은공간이지만 빌트인으로 설계하여 수납과 기능을 모두 잡은 자녀방입니다.",0.6803584694862366,0.6093809008598328
"덕유아파트의 24평형 아파트에서 공간 구분이 중요한 역할을 합니다. 먼저, 화이트 톤으로 통일된 인테리어를 통해 공간을 넓게 느끼게 만듭니다. 거실에서는 골드 포인트 조명과 라인 조명을 활용하여 고급스러움을 표현합니다. 주방은 ㄷ자 아일랜드형으로 설계하여 효율적인 공간 활용도를 높입니다. 또한, 화이트 주방을 선택하여 깔끔하고 시크한 분위기를 연출합니다. 침실과 아이방에서는 텐바 보드를 사용하여 단정하고 안락한 분위기를 조성합니다. 발코니와 현관은 소품을 적절히 배치하여 공간의 아름다움을 더욱 돋보이게 합니다. 이 모든 요소들이 조화를 이뤄 3천만원대의 예산 내에서 작지만 알찬 인테리어를 완성합니다.",주방구조에 대한 고민을 많이 했던 공간입니다. 좁은 평형대일 수록 주방의 제약이 있는 곳이 정말 많거든요. 심플한 화이트 톤의 주방에 골드컬러의 펜던트 조명을 설치해 포인트를 주었습니다. 기본 주방이었던 ㄱ자 주방을 ㄷ자로 변경하여 부족한 수납공간을 확보했는데요. 따로 식탁을 두지 않아도 가족끼리 식사가 가능하도록 상판을 좀 더 넓게 설계한 아일랜드형 주방입니다!,0.7031955718994141,0.632298469543457
"서대문구 독립문 삼호아파트의 30평대 주택을 따뜻한 화이트 톤으로 인테리어하면, 전체적인 분위기가 깨끗하고 근未来的...",주방 좁고 긴 주방의 장점만을 살려 냉장고 3대를 설치 할 수 있는 공간을 만들었습니다. 식탁은 과감히 거실 발코니 확장부로 옮겨 조리공간을 확보하였습니다. 현관 현관에는 아치형의 낮은 가벽을 설치하여 벤치를 두었습니다. 손주들이 놀러와 벤치에 앉아 신발을 신고 벗기 쉽게 하기 위한 할머니의 사랑으로 가득찬 공간입니다.,0.625311017036438,0.44513553380966187
"이 34평의 아파트는 호텔 같은 분위기를 연출하고자 하는 당신에게 적합합니다. 먼저 현관은 세련된 첫 인상을 위한 골드 디테일 오브제와 카라라 패턴을 사용하여 고급스러움을 높입니다. 현관 옆으로는 내추럴 거실장과 아르페 월넛 콘솔장이 위치해 있으며, 이곳에서는 편안한 무드를 느낄 수 있습니다.

거실은 빈티지한 베이지 톤과 브라운 파티션을 활용하여 부드러운 느낌을 강조하며, 안락함과 편안함을 제공합니다. 바흐 드레스룸은 발코니를 비밀스럽게 감추는 데 사용되며, 이곳에서는 빈티지한 감각을 느낄 수 있습니다. 발코니는 빌트인 장을 통해 추가적인 수납공간을 제공합니다.

침실은 3단 서랍장과 파우더형 수납장이 있어 필요한 물건들을 깔끔하게 정돈할 수 있습니다. 침실의 색감은 차분하면서도 고급스러운 오닉스 대리석을 활용해 호텔 라운지 같은 분위기를 연출합니다. 아이 방은 중학생을 위한 수납력 좋은 빌트인 플러스 책장이 있어 학습과 휴식이 동시에 가능합니다.

마지막으로, 다이닝 룸은 식당에서 온 것 같은 분위기를 연출하기 위해 매그넘 슬라이딩 가죽 소파와 한삼 가죽 소파를 배치했습니다. 식당 옆으로는 포세린 스톱 테이블이 위치해 있으며, 이곳에서 식사하거나 가족 모임을 즐길 수 있습니다.","장미마을 삼성래미안 2차 34평형 아파트입니다. 방 3개와 화장실 2개를 가지고 있는 구조예요. 세련된 첫 인상을 연출하기 위해 브론즈 거울과 고급스러운 터치도어를 사용하였습니다. 다크 월넛 바닥재와 그레이색의 월플러스 완벽한 조화를 이루어 세련된 거실입니다. 자연스러운 원목 색상과 질감의 아르페 월넛 콘솔장, 차콜 색상의 러그 위 매그넘 슬라이딩 가죽 소파를 배치하여 호텔 라운지와 같은 거실을 연출하였습니다. 차콜그레이 도어의 빌트인장을 둔 부엌입니다. 특유의 깊은 색상이 부엌 상판의 화이트 대리석 패턴과 어우러져 고급스러움을 극대화합니다. 부드러운 베이지톤으로 편안한 분위기를 조성한 부부 침실입니다.",0.7204464673995972,0.7776145339012146
"목동신시가지 14단지 27평의 아파트에서 5천만원대의 예산으로 인테리어를 진행한다면, 전체적인 분위기를 고려하여 모던한 스타일을 선택하는 것이 좋습니다. 먼저 현관은 넓게 개방하여 공간의 통유리감을 살릴 수 있으며, 청소년 시절을 떠올리게 하는 헤이우드의 한샘 매트 화이트 컬러를 적용하면 세련된 느낌을 줄 것입니다. 거실에서는 대형 TV와 편안한 소파를 배치하여 가족들이 함께 시간을 보내는 공간으로 만들고, 침실에서는 깔끔한 디자인의 침대와 충분한 옷장공간을 갖춘 매트 화이트 침실을 만드는 것이 좋습니다. 또한 키친에서는 실용성을 중시하며, 욕실에서는 깨끗하고 정돈된 느낌을 주는 색상과 디자인을 선택하여 전체 인테리어와 조화를 이룹니다. 마지막으로 기타 공간에서는 필요한 도구나 물건을 적재적소에 배치하여 공간 활용도를 높이고, 전체적인 모습이 일관되게 유지될 수 있도록 신경 쓰는 것이 중요합니다.","거실 - 이 넓은 도화지 같은 거실장에 책을 빼곡히 넣은 모습을 상상해보세요, 아이들의 각기 다른 책의 색상들과 어울러져 하나의 작품이 될 것 같지 않으세요? - 거실을 확장하여 봄 여름 가을 겨울 4계절 내내 펼쳐지는 안양천의 변화를 느껴보세요 - 간접등으로만 조명 계획을 세웠고, 가운데 한샘에서 인기있는 롤리팝 7등으로 1실 1등의 지루함을 대체해보세요 부엌 - 아일랜드를 통해 식탁 니즈를 해결하고 식사를 하지 않을 때는 요리 동선도 확보해보세요 - 아일랜드 위에는 두 개의 선반을 설치해 아기자기한 소품들을 진열해보세요 - 애매한 세탁기 공간을 오른쪽 끝으로 밀어버리고 낭비되는 공간이 없도록 세탁기 위에도 수납장을 시공해서 알짜배기 수납을 실현해보세요 안방 - 모던함 속의 클래식함을 찾으실 수 있는 한샘의 유로 클래식 붙박이장입니다. - 창호 내부 필름을 블랙 색상으로 자칫 흰색으로 도배되기 쉬운 인테리어에 포인트가 됩니다. 공용욕실 - 한샘 바닥재를 바닥에 시공하므로써 물이 묻을 시 미끄러울 수 있는 타일 바닥을 보완합니다. - 타일보다 경도가 낮아 핸드폰을 떨어뜨려도 파손될 우려가 적습니다. - 반건식으로 사용하실 수 있도록 벽은 600*600 사이즈의 대형 타일을 제안드립니다. 현관 - 현관은 항상 그림자가 짙게 드리우는 공간인 만큼 밝게 만드려 굳이 애쓰기보다는 은은한 간접등으로 공간에 리듬감을 주세요 - 한샘 폴드윙 중문으로 어느 쪽으로든 열리는 간편하고 개폐감이 훌륭한 중문을 설치해 단열과 단음 그리고 디자인까지 세마리 토끼를 다 잡아보세요",0.6661903262138367,0.671288788318634
"깨끗함이 돋보이는 화이트 톤 인테리어를 적용하면 전체 공간이 깨끗하고 밝아 보입니다. 특히 거실에서는 간단 주방 동선을 고려하여 움직임이 편안하게 느껴질 수 있도록 설계하였습니다. 요리하는 것이 편해지고 싶은 주방에는 넓은 조리공간을 확보하였으며, 심플하면서도 아늑한 분위기를 만드는 데 도움이 되는 거실 조명을 설치하였습니다. 또한 거실과 연결된 현관에는 3연동 중문을 사용하여 공간을 효과적으로 구분하고, 허리가 아프지 않도록 현관 벤치장을 추가하여 신발을 신을 때 편안함을 제공합니다.

화장실에서는 곰팡이 방지를 위해 한샘 바스와 조명 거울을 필수적으로 사용하였으며, 모던 그레이 톤으로 통일된 디자인을 통해 깨끗하고 시원한 분위기를 연출하였습니다. 발코니에서는 물이 안 타는 시설을 설치하여 유지 관리가 쉽도록 했습니다. 특히 아이방에서는 간결하면서도 귀여운 분위기를 만드는 데 도움이 되는 소품들을 배치하였고, 침실에서는 간결하면서도 편안한 분위기를 만드는 데 도움이 되는 조명을 설치하였습니다. 이러한 다양한 공간에서 필요한 요소들을 고려하여 모두 화이트 톤으로 통일시켜 깨끗하고 현대적인 분위기를 연출하였습니다.","거실 tip ! 평천장으로 더욱 넓게, 다운라이트로 더욱 밝게! ① 거실입니다. 거실, 거실 베란다는 별도 공간으로 사용하실 수 있게끔 확장 작업은 진행하지 않았구요. 대신 새 공간으로 자재들을 교체해 시공해드렸습니다. ② 화사한 화이트톤이 돋보이는 거실은 평천장 시공으로 더욱 쾌적하고 넓은 공간을 완성하고 실링팬으로 심플한 디자인 & 공간 중심을 잡아주는 효과를 주었습니다 :) ③ 또 스탠딩 형태가 아닌 이번 리모델링을 통해 시스템 에어컨 작업을 하였는데요. 단내림 작업과 함께 띄워진 부분에 간접 조명을 시공해 퀄리티 높은 인테리어로 마무리했습니다. 공용 욕실 ① 공용 욕실입니다. 가족 모두와 손님이 사용하는 공간이라 화사하고 밝은 느낌을 위해 베이지톤의 벽 타일을 사용했 바닥은 연그레이 테라조 타일을 시공해 깔끔하면서도 아기자기한 느낌을 더했습니다. ② 공용 욕실에는 욕조와 함께 세면대쪽으로 물이 튀지않도록 짧은 상부 파티션을 함께 마련했습니다. 안방 침실 & 안방 욕실 tip ! 에어컨 단내림 시공 후 간접 조명으로 퀄리티 높은 침실 인테리어 ① 안방입니다. 역시나 깔끔한 화이트톤에 간접 조명이 돋보이는 공간이죠? 마루 & 벽지 교체 후 한샘 슈퍼플랫화이트 붙박이장&화장대를 설치해 실용성을 높혔으며 시스템 에어컨 단내림 시공 후 띄워진 공간에 간접 조명을 시공해 은은한 분위기를 더했습니다. ② 안방 욕실은 소형 욕실 구조라 별도 파티션이나 샤워 부스는 설치하지 않고 세면대&양변기&샤워기로 공간을 채웠습니다. 부부가 사용하는 공간으로 차분함을 더해줄 딥그레이 타일을 선택했습니다 ^^ 작은방 자녀가 사용할 공간인 작은방은 마루&벽지 교체와 함께 몰딩걸레받이, 그리고 필름 작업을 통해 새로운 공간을 만들었습니다 ^^ 그리고 빠질 수 없는 붙박이장은 한샘 슈퍼플랫화이트 제품을 사용했어요.",0.6734738349914551,0.7319647669792175
"클래식한 인테리어를 통해 고급스러운 분위기를 연출하고자 한다면, 먼저 전체적인 컬러 톤을 화이트로 설정하여 깨끗하고 세련된 분위기를 만드세요. 특히 우물천정과 간잡조명은 공간의 높이를 강조하며, 날카롭지 않은 빛으로 따뜻함을 더합니다. 거실에는 빌트인화장대와 붙박이장을 설치하여 공간 활용도를 높이고, 서재 방에서는 클래식한 테이블과 책장을 배치하여 집중력을 높이는 데 도움이 되도록 합니다.

멀티룸에서는 안방과 함께 다목적성을 살려 다양한 용도로 활용할 수 있도록 설계하고, 욕실에서는 클래식한 디자인의 헤드라이너와 화이트 벽돌 마감을 사용하여 고급스러운 분위기를 연출합니다. 주방에서는 아일랜드 싱크와 콜러수전을 중심으로 한 시스템장과 빌트인 인덕션, 냉장고장을 설치하여 깔끔하고 효율적인 요리 공간을 만듭니다. 이 모든 요소들이 화이트 인테리어를 기반으로 클래식한 스타일을 완성하는데 도움이 될 것입니다.","[거실 시공 제품명] - 마루: 브러쉬헤링본 7.5 에쉬화이트 - 벽지: 한샘(실크벽지) 골든코스트(37055-2) 집의 첫인상인 현관의 중문은 프레임이 두꺼운 3연동 중문을 시공해 고급스러운 느낌을 연출했습니다. 거실 천정은 기존 평천정에서 우물천정으로 천고를 높이고 간접조명을 넣어, 천고가 높아 보이면서도 분위기 있는 집을 연출했습니다. 마루는 헤링본 스타일의 밝은 나무질감의 에쉬화이트 마루를 시공하 클래식한 분위기를 연출했습니다. 강마루 7.5t는 한샘에서 나오는 강마루 중 가장 두께가 두꺼운 제품으로, 내구성이 우수하다는 장점이 있습니다. 벽지는 클래식한 느낌을 한층 더하는 펄감이 있는 한샘의 골든코스트 실크벽지를 사용했습니다. *주요시공: 헤링본마루, 우물천장, 3연동 중문 [드레스룸 시공 제품명] - 시스템장 모델: 바흐화이트 드레스룸은 답답해보이지 않도록 ㄱ자 형태로 설계하고, 가운데에는 악세사리를 수납할 수 있는 아일랜드 수납장을 시공해 드레스룸의 로망을 실현시켜드렸습니다! 한샘의 바흐드레스장은 리얼 우드 느낌의 엠보 PP 표면재를 사용한 프리미엄 제품으로, 다양한 옵션이 있기 때문에 고객님들이 원하는 드레스룸을 연출할 수 있습니다. *주요시공: 시스템장, 아일랜드 수납장 [멀티방 시공 제품명] - 시스템장 모델: 매트화이트 입구방은 간단한 업무를 처리할 수 있는 서재공간을 만들고, 뒷쪽엔 빌트인화장대와 붙박이장을 시공해 부족한 수납을 해결하고 멀티공간으로 이용할 수 있게 했습니다! 한샘 빌트인 화장대는 조명과 콘센트가 달려있는 장으로 디자인과 효율성을 모두 갖춘 제품입니다. 주요시공: 빌트인 화장대, 붙박이장",0.6766999959945679,0.5502728223800659
"이 공간은 전체적인 분위기를 밝고 따뜻하게 바꾸는 데 초점을 맞추었습니다. 첫 번째 단계는 거실의 날개벽을 철거하여 탁트인 공간을 만들었으며, 이는 전체적인 공간감을 크게 증가시켰습니다. 이를 위해 화이트 톤 도배와 강마루를 사용하여 깔끔하고 모던한 분위기를 연출하였습니다. 거실 내부는 한샘 주방 제품과 유로 모듈장으로 장식하여 깔끔하면서도 현대적인 느낌을 살렸습니다.

다음으로는 침실과 아이방에 집중하였습니다. 침실은 한샘 바스와 한샘 욕실 제품을 활용하여 깨끗하고 모던한 느낌을 주었으며, 아이방은 드레스룸과 함께 디자인하여 자녀들이 필요한 모든 공간을 제공하였습니다. 책상과 붙박이장, 거울도어를 설치하여 공간을 최대한 활용하였고, 안방에는 편안한 침대와 거울도어를 배치하여 여유로운 분위기를 연출하였습니다.

마지막으로 주방과 욕실은 키친 핏 방식을 적용하여 한샘 주방과 한샘 바스 제품을 효과적으로 배치하였습니다. 주방은 화이트 톤 도배와 우드 톤 도배를 사용하여 밝고 따뜻한 분위기를 연출하였으며, 욕실은 방수 처리를 통해 안전성을 확보하였고, 깔끔하고 깨끗한 분위기를 유지하였습니다. 이러한 방식으로 전체적인 인테리어는 모던한 스타일을 유지하면서도 따뜻한 분위기를 느낄 수 있도록 설계되었습니다.","평형대 대비 좁은 형태의 주방이라 고객님과 소통하며 부엌 설계에 대해 많은 고민을 했습니다. 이어지는 복도에 모던하고 고급스러운 모듈장과비스포크 냉장고를 활용하여 실용성과 디자인 두 마리의 토끼를 잡을 수 있는 주방으로 완성하였습니다. 아이의 꿈과 희망이 자라나는 자녀방은 수납공간을 넉넉히 확보하였고, 시스템장을 적절히 배치하여 좁은 공간을 더욱 넓게 활용할 수 있도록 제안드렸습니다!",0.693297803401947,0.6063255071640015
안양석수대주파크빌의 30평 미니멀 리모델링은 신혼부부에게 적합합니다. 거실에서는 흰색 소재의 빌트인 수납장을 설치하여 공간을 효율적으로 활용합니다. 또한 복도에는 중문을 설치하여 필요한 시기에만 열리는 효과적인 공간 분리를 가능하게 합니다. 주방에서는 대면형 부엌을 선택하여 사용자들이 동시에 요리를 준비하거나 대화할 수 있도록 설계하였습니다. 보조 주방은 작은 규모이지만 다용도실로 변신하여 서재나 휴게공간으로 활용할 수 있습니다. 안방에는 붙박이장을 추가하여 잠자리 외에도 다양한 용도로 사용할 수 있도록 하였습니다. 현관과 드레스룸은 양문형 중문을 통해 공간을 더욱 효율적으로 관리할 수 있게 되었습니다. 마지막으로 발코니에는 타일을 깔아 화이트 톨바닥과 조화를 이루며 실내외 연결감을 강조합니다. 이러한 디자인으로 안양석수대주파크빌의 30평 아파트는 신혼부부에게 최적의 공간이 될 것입니다.,"안양석수대주파크빌, 신혼부부를 위한 30평 미니멀 리모델링 #신혼부부인테리어 #미니멀인테리어 #화이트인테리어 #다용도실 보조주방 예산을 고려하여 부엌 확장 대신, 기존 발코니를 활용하여 보조 주방으로 계획하였습니다. 냉장고를 보조주방으로 가져와 메인주방은 좀 더 넓어진 사례입니다. #주방옆방/입구방 발코니확장(주방옆방) 빌트인수납장 붙박이장 폭이 1m가 안되던 주방옆방 발코니는 확장을 하여 실내공간을 넓히고, 서재로 이용하실 계획이라 붙박이장이 아닌 빌트인 수납장으로 제안드렸습니다. 입구방 방문쪽으로 붙박이장을 시공하여 침실로서의 활용도를 높인 설계입니다.",0.7073825001716614,0.8262514472007751
"건건동 E-편한세상의 33평형 아파트는 이제 화이트와 우드 톤으로 이루어진 인테리어로 유명해졌습니다. 이 공간은 다양한 공간에서 화이트와 우드 톤을 활용하여 깔끔하고 근 future 느낌을 주는 디자인을 완성했습니다. 특히 거실에서는 라인 조명을 사용하여 공간을 더욱 세련되게 연출하였고, 히든 도어는 비밀스럽고 고급스러운 분위기를 더했습니다. 또한, 아이방에서도 화이트와 우드 톤을 기본으로 하여 깨끗하면서도 따뜻한 분위기를 연출하였습니다. 키친과 욕실에서도 시스템 에어컨을 설치하여 쾌적함을 유지하였으며, 현관에서는 확장 공사를 통해 공간을 효율적으로 사용하였습니다. 이 모든 요소들이 조화를 이뤄, 이 아파트는 단순히 거주 공간이 아니라 미적 감각을 즐길 수 있는 공간으로 변모되었습니다.",현관 현관에서는 프리미엄 슬라이딩 중문으로 설계를 해드렸고 깔끔한 화이트 장으로 설계 진행하였습니다!,0.669809877872467,0.6047073602676392
"이 오래된 구조를 리모델링하면서 심플한 화이트 톤을 선택했습니다. 거실과 침실에서는 밀란 수납장을 사용하여 공간 활용도를 높였습니다. 주방에서는 한샘 유로키친을 적용하여 깔끔한 분위기를 연출했고, 다용도실은 필요에 따라 변형할 수 있도록 설계했습니다. 욕실은 포인트 컬러인 핑크를 사용하여 심플 럭셔리한 느낌을 강조하였습니다. 드레스룸에서는 한샘 드레스룸 시스템을 도입하여 옷장과 수납공간을 효율적으로 조성하였으며, 현관과 발코니는 한샘 평판등을 설치하여 전체적인 조명을 균형있게 조절하였습니다. 이러한 디자인 요소들은 전체적인 모던한 분위기를 완성하는데 큰 도움이 되었습니다.",부족한 수납공간은 기존 냉장고자리까지 ㄱ자구성으로 설계하였고 냉장고장을 따로 추가 시공하였습니다. 추가적으로 밝은 포인트조명을 설치하여 보다 화사하고 고급스러운 분위기를 연출하였습니다.,0.7273558974266052,0.6204864978790283
"안전하고 깔끔하게 변신한 우리 집에서 가장 먼저 눈에 띄는 것은 현관이다. 문을 닫았을 때는 한층 깔끔함이 느껴지며, 문을 열었을 때는 넓은 공간이 더욱 부각된다. 심플한 풍경이 어우러진 플랜테리어를 통해 식물들이 현관을 더욱 아름답게 꾸미고 있다. 거실에서는 한샘 오프화이트 따내기 식탁이 중심을 이룬다. 편안하면서도 실용적인 디자인으로 식사와 작업을 동시에 즐길 수 있다. 드레스룸에서는 플랫 화이트 붙박이장이 공간을 최대한 활용하며, 비밀스러운 느낌을 줄 수 있도록 문은 한샘 초슬림 중문으로 선택하였다. 침실에서는 간소한 디자인의 침대와 콘솔 테이블이 조화를 이룬다. 심플한 톨리스트를 유지하면서도 필요한 기능성을 갖추고 있다. 마지막으로, 욕실과 키친에서는 깔끔함을 위해 깔끔한 색상과 소재를 사용하여 전체적인 분위기를 통일시켰다. 이렇게 다양한 공간에서 보여주는 심플 & 미니멀 스타일은 전체적인 공간의 깔끔함과 안전성을 극대화하는데 도움이 된다.","거실은 부엌과 붙어있기에, 최대한 깔끔함을 유지하고자 합니다. 주방과 거실 공간을 구분해주는 한샘의 따내기 식탁을 사용하여 공간구분과 더불어 실용성도 더해주었습니다. 안방에는 붙박이장을 설치합니다. 이렇게 최소한의 수납기능을 확보한 후, 나머지 방이나 창고에는 필요에 따라 추가적인 장 설치가 가능합니다. 입구의 드레스룸에는 독립가구를 배치할 예정입니다. 햇빛이 들어오는 우리 집, 포근하고 아늑하게 꾸밀 수 있답니다. 복도형 아파트에서 소음과 우풍이 들어오는 것을 방지해줄 중문이 있습니다. 또한 신발장 중앙에 실버미러를 설치하여 옷매무새를 단정하게 관리하고 나가실 수 있도록 도와드리고자 합니다.",0.6784647703170776,0.7936419248580933
"이 44평 아파트는 화이트 컬러를 주제로 한 깔끔하고 모던한 인테리어로 완성되었습니다. 거실에서는 5각하부장과 함께 다이닝 루프를 분리하여 공간 활용성을 극대화하였습니다. 이곳에는 펜치와 인피니소파가 배치되어 있어 가족 모두가 즐길 수 있는 편안한 휴식 공간을 제공합니다. 주방은 골드 손잡이 서랍장과 유로604 서랍장이 설치되어 있어 식기 정리와 조리 도구 수납이 편리합니다. 또한 침실에는 클래식화장대와 유로604 화장대가 배치되어 있어 여유로운 휴식을 즐길 수 있습니다. 아이 방에서는 아이디 세트가 설치되어 있어 아이들의 책상을 비롯한 다양한 물건을 안전하게 보관할 수 있으며, 드레스 룸은 빌트인 스타일러와 함께 화이트 컬러의 화장대가 배치되어 있어 깔끔한 인테리어를 완성합니다. 마지막으로 서재는 에딧 수납장과 플러스 모션 데스크가 설치되어 있어 작업이나 공부 시에도 편안함을 느낄 수 있습니다. 이 모든 요소들은 1천만 원 미만의 예산 내에서 완성되었으며, 이 아파트는 가족 모두가 즐길 수 있는 편안하고 깔끔한 생활 공간을 제공합니다.","신정동에 위치한 목동신시가지9단지의 44A형입니다. 방 4개와 화장실 2개가 있는 구조에요. 1987년도에 준공된 아파트라 최근 지어진 아파트와 달리 방이 넓고 그만큼 거실 크기는 다소 줄어들었어요. 부엌 공간은 주머니형으로 거실에서 봤을 때는 가려져 있고 다이닝 공간과도 분리가 되어 있습니다. 올 화이트가 아닌 톤이 다른 화이트 가구들을 배치해 단조로움을 피한 거실입니다. 헤드레스트 각도 조절이 가능해 내 자세에 맞춰 편안하게 사용할 수 있어요. 일반적인 ㄱ자 부엌과 달리 코너에 5각 하부장을 넣고 싱크를 설치해 공간 활용성을 높였습니다. 앞서 설명 드린대로 주머니형 부엌 구조라 부엌과 다이닝 공간이 분리되어있어요. 식당이 비교적 넉넉한 편이라 빌트인플러스로 다이닝장을 설계해 넣었습니다. 오픈장 부분은 다크 그레이 컬러로 포인트를 줬습니다. 커피머신이나 자랑 하고 싶은 그릇, 오브제로 홈카페같은 다이닝 공간을 완성해보세요. 앞서 설명드린 거실과 부엌이 심플한 디자인의 화이트 공간이었다면 안방은 좀 더 로맨틱한 디자인의 유로 604프렌치화이트로 꾸며줬어요. 프렌치윙 헤드 디자인과 화이트 인테리어 속 톤온톤 포인트가 되는 은은한 베이지 패브릭, 우아한 로즈골드 다릿발은 침실에 적절한 클래식함을 더해줍니다. 어느 때 보다 집중할 시간과 또 혼자만의 공간이 필요할 중고등학생을 위해 제안하는 아이디S 세트로 꾸민 자녀방입니다. 집중할 수 있는 일자 책상 세트와 책장, 다용도장을 일자로 배치해 수납력을 높여줬어요. 가족의 멀티 공간 서재 제안입니다. 에딧 수납장과 플러스모션 데스크를 함께 배치해 가족 라이브러리로 연출했습니다.",0.6837782859802246,0.7528448104858398
"안동 서구동 센트럴자이 아파트 33평을 따뜻한 무드의 베이지 감성으로 꾸미려면, 먼저 전체적인 톤을 베이지와 그레이로 잡아야 합니다. 거실에서는 휴플로어와 휴판넬을 활용하여 현대적인 분위기를 연출하며, LED 조명과 조명거울을 통해 밝고 편안한 조명 효과를 끌어내야 합니다. 침실에서는 무드베이지 컬러의 베개와 매트리스, 맞춤 가전과 수납장 등을 사용하여 쾌적함을 극대화시킵니다. 아이방은 아트월과 월플러스를 통해 아이들의 창의성을 자극하는 공간을 만듭니다. 키친에서는 한샘의 빌트인플러스 시스템을 통해 깔끔하고 효율적인 수납공간을 제공합니다. 멀티룸과 서재는 간접조명과 매립조명을 이용해 작업과 휴식을 구분합니다. 마지막으로, 현관과 기타 공간에서는 파우더장, 화장대장, 거울장 등이 위치한 붙박이장으로 체크리스트를 만드는 등의 수납공간을 확보해야 합니다. 이러한 요소들을 조화롭게 배치하면 33평 아파트가 따뜻하면서도 모던하게 변모할 것입니다.","현장정보 - 평형 : 111㎡ (33평형) - 공사범위 : 현관, 주방, 거실, 욕실, 빌트인플러스, 드레스룸 - 공사기간 : 4주 리모델링 포인트 따뜻한 컬러감이 돋보이는 베이지톤 인테리어 주요자재 - 3연동 중문 - 한샘 키친 ML무드베이지 - 한샘 프리미엄 강마루 7.5 거실 따뜻한 공간, 쉬고 싶은 우리집 따뜻한 베이지톤이 집안 곳곳에 포인트로 사용 된 인테리어로, 아늑함을 느끼실 수 있는 거실 디자인입니다. 안방 침대장으로 넉넉히 챙긴 수납 안방 한 벽면에 침대장을 시공해 침대 배치 뿐 만 아니라 수납력을 챙겨 드렸습니다. 베이지 톤의 붙박이장으로 따뜻한 무드의 방을 느끼실 수 있도록 디자인 된 제품입니다. 파우더장 수납과 디자인 두마리 토끼를 잡은 한샘 빌트인플러스 많은 수납을 원하셨던 고객님의 니즈에 맞춰 화장대 자리에도 설치 된 수납장입니다. 한샘 빌트인플러스 제품으로 고객님의 니즈와 라이프 스타일에 맞게 다양한 종류의 수납장이 준비되어있는데, 이번 현장에서 선택한 제품은 LED 파우더장으로 벽장/하부장 수납은 물론 거울로의 활용도도 높은 제품입니다.",0.6871718168258667,0.6659597754478455
"동작구 상도더샵의 30평형 아파트를 모던 스타일로 리모델링하는 프로젝트에서는 청결한 화이트 톤과 블랙 & 화이트 컬러 톤이 주를 이루며, 전체적인 공간을 깔끔하고 현대적인 분위기로 연출하였습니다. 거실에서는 큰 유리창을 통해 풍부한 자연광을 받아들이고, 그와 어우러지는 흰색 소파와 흑색 테이블이 시선을 잡습니다. 침실에서는 편안함을 극대화하기 위해 밝은 화이트 톤의 침구와 블랙 장식이 조화를 이룹니다. 주방에서는 심플하면서도 기능적인 디자인으로 세련된 모던 주방을 완성하였으며, 욕실에서는 깨끗하고 청결한 느낌을 강조하기 위해 화이트 벽돌과 흰색 세척용품을 사용하였습니다. 마지막으로, 각 공간에서의 심플리즘과 현대적인 요소가 조화를 이룬 이 리모델링은 고객의 생활 품질을 한 단계 더 높이는 데 도움이 되었습니다.",안방에는 TV장을 설치해 수납장과 TV가 군더더기 없이 깔끔하게 연출되었습니다. 주방공간은 세로살 파티션을 적용해 모던하면서도 유니크한 느낌을 더했습니다.,0.6979793310165405,0.634376049041748
"양천구 길성그랑프리텔 32평의 20년된 아파트를 대변신시키려면, 먼저 청소년실과 키친을 대면형 아일랜드 주방으로 변경하는 것이 좋습니다. 라운드 프리미엄 중문 가벽을 사용하면 공간 분리를 더 세련되게 만들어 주며, 블랙 바 스타일 매니쉬 블랙은 모던한 느낌을 더합니다. 키친은 아일랜드 주방으로 변형하여 효율성을 높이고, 플랫 화이트 헹잉 신발장과 하부 조명은 깔끔한 분위기를 유지하면서도 실용성을 높입니다. 발코니와 현관은 휴장판 35T 플랫 화이트 매트 화이트 파우더 장으로 장식하여 전체적인 테마에 맞춘다면 더욱 돋보일 것입니다. 이들 요소들을 결합하면, 이 32평 아파트는 비록 20년 된 건물이라 해도 그대로의 가치를 놓치지 않을 것입니다.",# 현관 지어진지 20년된 구옥 아파트의 생애 첫 공사! 없던 중문을 만들기 위해 가벽을 신설 했고 트렌드에 민감하신 우리 고객님의 의견을 적극 반영하여 라운드 중문을 완성했습니다. # 방 휴장판 3.5T의 대리석 무늬가 빛을 발하는 또 하나의 공간이 바로 - 방 입니다. 대리석으로 마감된 듯한 작지만 넓은 공간이 되었습니다.,0.6738893389701843,0.5186783075332642
"영등포구 문래공원 한신 아파트의 24평 크기의 공간을 최적화하여 신혼부부가 선호하는 홈 바 인테리어를 완성하였습니다. 첫 번째 공간인 거실에서는 텐바보드와 루버를 사용하여 자연스러운 분위기를 연출하였으며, 라운드 우물천장과间接翻译如下：

在英东区文莱公园汉信公寓的24平米空间中，我们成功地完成了适合新婚夫妇的家居吧改造。首先，在客厅里，我们采用了温巴木板和百叶窗来营造自然舒适的氛围，并搭配了圆弧形天花板和间接照明，使整个空间显得更加温馨而柔和。为了增添生活气息，我们在厨房区域安装了马赛克面板和拱门，既美观又实用。此外，我们还使用了天棚木板、窗帘以及可滑动的壁橱，让厨房既现代又宽敞。卧室的设计则以简洁为主，利用贴墙柜和角落柜最大化利用空间，同时保持了整体的整洁感。浴室部分，我们选用了雾灰色调和哑光白色，打造出宁静而优雅的氛围。最后，通过精心挑选的装饰品和照明设备，如MR照明，使得整个家居空间既现代又温馨。这个设计方案不仅满足了预算要求，还在有限的空间内创造了一个舒适的生活环境。","현관에는 한샘 밀란 초슬림 3연동 중문이 설치되어 있습니다. 유리를 잡아주는 22mm의 프레임 두께는 너무 얇지도 두껍지도 않은 완벽한 두께입니다. 손잡이가 없는 깔끔한 핸들리스 디자인과 강한 내구성을 지닌 알루미늄 도어프레임은 사용할 수록 만족스러운 고급 하드웨어 입니다. TV 벽에는 한샘 와이드인테리어월(페블그레이)를 시공했습니다. 폭 900mm 의 넓직한 벽 판넬이며 합리적인 금액으로 타일이나 대리석을 대신합니다. 디자인이나 유지관리면에서 타 자재들에 뒤지지 않습니다. 바닥은 한샘의 신제품인 마블스퀘어 강마루를 시공했습니다. 기존 강마루와는 다르게 1 : 2 비율의 와이드한 규격과 리얼한 석재 질감을 구현한 마루인지라 차갑고, 딱딱한 느낌의 석재 타일을 대체 할 수 있습니다. 아래는 마블스퀘어 강마루에 대한 내용입니다. [주방] 20평 2베이 구조의 가장 이슈인 주방입니다. 늘 이 구조의 주방은 고민이 많아 여러안 들을 준비 해놓는데 이 현장은 마침 제가 자주 추천드리는 홈 바 구성을 말씀 해주셔서 설계를 해드렸습니다. 설계 해드린 구조에 대해서 매우 흡족해 하셨으며 구조면 구조 사용성이면 사용성에서 어느 하나 빠지지 않는 게 너무 마음에 든다고 하셨습니다. 바 구성을 위해 세운 가벽에는 한샘 미가루버를 시공해서 현관을 드나드는 길에 눈이 즐거우시게끔 포인트를 만들어 드렸으며 그 위에는 유리 파티션을 세워 안에 있는 분이 정말 바에 있는 듯한 느낌이 드실 수 있도록 했습니다. 주방 제품은 저희 한샘의 밀란 100_무드베이지 제품입니다. 따뜻한 컬러감과 매트한 느낌은 호불호의 영역에 있지 않고 보는이로 하여금 제품 선택의 고민을 없애 줍니다. 그만큼 무난하고 또 이걸 상쇄시킬만큼 깔끔하고 예쁜 제품입니다. 주방 벽은 타일이 아닌 한샘의 키친 판넬 제품입니다. 23년 6월에 신제품이 출시되었고 당 현장에 시공된 제품은 로프트(엠보) 제품입니다. 아래 제품 설명입니다. [입구 우방] 입구 우측 방에 조성된 드레스룸 입구입니다. 아치게이트를 조성하고 제가 즐겨쓰는 한샘 인테리어필름(HS704)를 시공했습니다. 이 현장의 아늑하고 따뜻한 분위기에서 크게 튀지 않게, 그렇지만 묵직한 존재감을 내어주는 디자인입니다. 정면에서 보이는 엔드수납장(책이 꽂혀있는 수납장)은 넉넉치 않은 공간에서 유용하게 공간을 활용할 수 있는 비장의 무기이자 포인트입니다. 의자에 앉았을 때 보이는 장면인데 꽤 근사한 장면을 연출합니다. 한샘의 스테디셀러 밀란 매트화이트 붙박이장 입니다. ㄱ자 구성을 원하셔서 코너장과 연결 설계 해드렸습니다. [안방] 입구에 슬라이딩 붙박이장을 설계해서 침대와 간섭이 없도록 했고 여기는 엔드 파우더장을 연결 설계해서 공간과 사용성을 모두 고려했습니다. 공간을 잘 활용한 엔드 파우더장은 외출 시 용모단정함을 완성시키는데 큰 역할을 합니다. 슬라이딩 붙박이장 또한 좁은 공간에서 다른 가구와의 간섭을 피할 수 있는 아주 유용한 제품입니다. 침대는 당연히 놓아야 하는데 공간이 용이치 않다면 스윙형 도어가 아닌 슬라이딩 도어형 붙박이장을 추천해드립니다. [공용 욕실] 욕실은 고객님께서 호텔 느낌이 났으면 좋겠다고 하셨습니다. 샤워부에 유리 파티션이나 부스 대신 조적 파티션을 세우고 여기에 한샘바스 휴판넬을 감아 시공했습니다. 판넬은 C.C 샌드스톤베이지 2 이며, 바닥은 한샘바스의 휴 플로어 제품이고 테라조 화이트입니다. 보시다시피 일반적인 유리 파티션이 아닌 벽돌로 쌓아놓고 한샘바스 휴판넬로 마감 시킨 샤워 파티션입니다. 여기에 벽돌의 깊이를 이용해서 샴푸 등의 샤워에 필요한 제품들을 간단하게 올려놓을 수 있도록 설계 했으며 여기에 간접 조명까지 더해주어 완벽한 호텔 느낌의 욕실을 완성 시켰습니다. LED 조명이 은은히 흘러 나오는 거울과 순백의 상부장이 아주 좋은 궁합을 보이고 있습니다.",0.6244980692863464,0.43637925386428833
"구서 롯데캐슬의 미니멀 인테리어는 공간 효율성을 극대화하면서도 편안함을 제공합니다. 첫 번째 단계로는 현관을 확장하여 더 넓은 공간을 만들었으며, 이는 입주자의 첫 인상과 안전성을 크게 향상시킵니다. 거실은 넓은 창문을 통해 자연광을 최대한 끌어들였고, 이를 통해 더욱 밝고 활기찬 분위기를 연출했습니다. 주방은 한샘 제품을 활용해 깔끔하고 현대적인 디자인을 적용하였으며, 다이닝 루미는 원하는 만큼의 공간을 확보하여 식사 시간을 즐길 수 있도록 했습니다. 드레스룸은 수납공간을 늘리며, 서재/멀티룸은 다양한 기능을 겸비하도록 설계하였습니다. 마지막으로, 욕실은 타일을 사용하여 깔끔한 느낌을 주었고, 각 공간은 모두 미니멀한 스타일을 유지하면서도 편안함을 제공하도록 꾸몄습니다. 이러한 방식으로 구서 롯데캐슬의 24평 공간은 더욱 실용적이고 현대적인 인테리어를 완성하였습니다.","욕실 욕실은 크게 두가지 경우로 공사진행이 가능합니다. 기존 사용하시는 타일욕실, 한샘에서만 공사가 가능한 한샘바스(휴플로어,휴판넬) 고객님들의 니즈와 활용도 및 원하는 디자인에 따라 예산에 맞춰 공사진행하오니, 참고부탁드리며 한샘바스&타일바스 둘다 공사가능 하니 언제든지 편하게 연락주시면 안내드리도록 하겠습니다. **주요시공 : 욕실 공사, 도기교체, 욕실2개소, 타일욕실공사",0.6509925127029419,0.4052446484565735
"웜 베이지 톤의 신혼집 인테리어를 꾸미는 데는 따뜻하고 아늑한 분위기를 만드는 것이 중요합니다. 먼저 거실에서는 라인 조명을 활용해 코너를 강조하고, 모아 소파나 모듈 소파를 배치하여 유연성을 유지하면서도 개인적인 공간을 만드는 것이 좋습니다. 소파 테이블과 사이드 테이블은 디자인과 기능성을 고려해 선택하면 더욱 특별한 분위기를 연출할 수 있습니다. 

침실에서는 밀란블랑의 터치 크림 침대와 함께 빌트인 침대장을 추가하여 공간을 효율적으로 사용할 수 있으며, 붙박이장과 프레임 우드 가구는 공간을 더욱 아늑하게 만들어줍니다. 또한, 내추럴 바스와 휴 플로어는 자연스러운 느낌을 더해주며, 한샘이 만든 도기와 LED 거울은 현관에서 더욱 빛나는 모습을 연출합니다.

주방에서는 대면형 주방을 선택하고 아일랜드 키친 판넬을 설치하여 공간을 넓게 느끼게 만듭니다. 빌트인 플러스 냉장고와 빌트인 침대장을 함께 설치하여 공간 활용도를 높입니다. 

마지막으로 욕실에서는 샤워 파티션과 천장까지 이어지는 플랫 화이트 테이블이 있어 깨끗하고 정돈된 느낌을 주며, 프리미엄 중문과 젠다이는 실용성과 아름다움을 동시에 만족시킵니다. 세라믹 식탁이나 디아고 의자는 식당에서도 독특한 분위기를 연출하는데 도움이 됩니다.","지금까지 웜 베이지 톤의 아기자기한 신혼집 인테리어 현장이었습니다. 감사합니다. ─ 한샘은 완벽한 휴식 공간을 제공하기 위해 꼼꼼한 상담을 거쳐 공간을 살아갈 이들의 취향을 담아냅니다. 라이프 스타일과 공간적 특성을 돋보일 수 있는 구조 변경과 감각적인 가구 배치 더불어 조명 활용, 기능과 트렌디함을 살린 자재 사용 등으로 감도 높은 인테리어를 제안합니다. 트렌디한 시각과 한샘 브랜드의 기술력을 더해 좋은 집을 위한 한샘의 프로젝트는 계속됩니다. 다음에 만나요!",0.6814218759536743,0.7779605388641357
"울산 남구 야음동 롯데캐슬 골드 1단지에서 41평의 아파트를 아늑하게 꾸미기 위해 화이트와 베이지 컬러를 기본으로 한 인테리어를 적용했습니다. 첫 번째 공간인 거실은 벽체를 단내림으로 치환하여 더욱 넓어 보이는 효과를 냈습니다. 이곳에는 시스템 에어컨과间接翻译如下：

在首尔南部的亚音洞，位于乐桃城堡黄金1号公寓内，我们为一个41平方米的空间设计了一种温馨而舒适的室内装饰方案。整个空间以白色和米色为主色调，营造出一种自然和谐的感觉。首先，客厅通过使用内嵌式地板来增加空间感，并安装了空调系统和间接照明，使得整个空间更加宽敞明亮。在厨房区域，采用了韩室的薄板和雾面镍质水槽，既美观又实用。卧室则通过定制的床和衣柜增加了储物空间，并且使用了韩室的深色木材地板和门，使房间看起来更加温馨。儿童房则采用了韩室的窗帘和定制家具，以满足孩子们的需求。浴室中，我们使用了600x600毫米的瓷砖和雾面镍质水槽，以及带有磨砂玻璃的开放式隔断，营造出优雅而舒适的沐浴环境。整体空间的设计注重细节，通过精心挑选的装饰品和家具，打造出一个舒适的生活空间。预算方面，我们确保所有材料和家具的质量都符合客户的要求，预算超过七千万韩元。","안방 안쪽에 배치된 기존 붙박이장은 필름 작업 을 하여, 새로운 가구로 다시 탄생하였습니다. 또한, 시스템 에어컨 설치 후 단 내림한 공간에 간접조명을 넣어 분위기를 더했습니다. 붙박이장 필름 : 한샘 필름 S200(화이트) 안방 옆에 나란히 붙어있는 방은 서재로서의 역할을 하는 방입니다. 추후, 고객님께서 직접 구매하신 우드 색상의 책장과 책상이 배치되었습니다.",0.6219627261161804,0.6744300127029419
"이 긴 거실과 작은 주방을 최대한 활용하면서도 넓고 편안하게 만드는 것이 중요합니다. 첫째, 거실에는 바흐703 시어터 소파를 선택해 대화공간을 확장하고 채광이 좋은 창문 옆으로 자리잡아 더욱 밝고 활기찬 분위기를 만드세요. 둘째, 긴 거실의 한쪽 벽면에는 바흐701 인칸토식탁을 배치하여 다이닝 루ーム으로 활용할 수 있도록 하세요. 셋째, 현관에는 슬림 중문을 설치해 먼지와 외부의 바람을 차단하면서도 공간을 효율적으로 사용할 수 있습니다. 넷째, 11자 주방처럼 작은 공간에도 넓어 보이는 느낌을 줄 수 있도록 빌트인 베น치와 현관 벤치장을 추가해 신발을 정리할 수 있게 하세요. 다섯째, 주방은 밝은 분위기를 유지하면서도 작동성을 높이기 위해 유로602 침대와 필로우 침대를 선택해 아이들이 공부하거나 여가 시간을 보내는 공간으로 활용할 수 있습니다. 여섯째, 침실은 쉬소파와 함께 독서공간을 만드는 것이 좋습니다. 마지막으로, 작은 욕실은 밝고 환한 분위기를 유지하며 클래식 다이닝 스타일의 박스형 거울 두 개를 추가해 더욱 깔끔하고 클래식한 느낌을 살릴 수 있습니다.","서울 금천구 시흥동에 위치한 벽산1단지 26평 아파트입니다. 집 중앙에 있던 미닫이 문을 허물고 거실 발코니를 확장하여 거실과 부엌이 길게 이어져 있으며 방 2개와 욕실 1개, 거실 옆과 부엌 옆에 다용도실로 활용할 수 있는 발코니가 있습니다. 가로로 길게 뻗은 거실의 구조를 활용해 넓은 4인용 소파를 배치하였어요. 리클라이너 소파는 세 식구가 앉기에 넉넉하고 각자의 편안한 자세에 맞춰 조절할 수 있어 다 함께 편히 쉴 수 있는 휴식처를 제공합니다. 질리지 않을 화이트&블랙 AV장은 높이가 다른 사이드보드장을 추가하여 수납공간을 확보했어요. 집 안에 들어오면 바로 보이는 곳, 각자의 방에서 나오면 바로 보이는 곳, 그곳에 클래식한 다이닝 공간을 만들었어요. 큰 크기의 4인용 테이블임에도 밝은 톤의 테이블과 의자는 공간이 더 넓어 보이는 효과를 준답니다. 주방 한가운데 배치하여 서로를 마주 볼 수 있는 다이닝에서 즐거운 이야기를 나누는 식사 시간을 가져보세요. 아늑한 부부만의 공간이 되어줄 부부침실입니다. 그레이와 베이지 컬러로 은은하게 꾸미고 헤이즐넛 침대를 가운데에 배치했어요. 부드러운 톤온톤 매치가 마음을 편안하게 만들어줘요. 파우더장이 포함된 붙박이장이 수납과 화장대, 두 가지 역할을 함으로써 침실을 더 넓게 활용할 수 있도록 만들었습니다. 물건이 정리가 안 된 환경은 사소한 것임에도 스트레스가 될 때가 있습니다. 한창 신경 쓸 일이 많은 중학생 자녀도 쉽게 정리정돈 할 수 있도록 아이디S 책상과 도어가 설치된 책장을 배치했습니다.",0.6794405579566956,0.7158912420272827
"사월동 시지대성유니드 아파트 45평은 넓은 평수를 가진 집이라 이를 최대한 활용하는 것이 중요합니다. 거실은 밝은 그레이 톤으로 통일하여 밝고 넓게 느껴지도록 디자인해 보세요. 포쉐린 타일과 한샘 도기를 사용하여 고급스러운 분위기를 연출할 수 있습니다. 바의자와 바체어를 이용한 아일랜드식 식탁은 다이닝 룸과 겸용할 수 있어 공간 활용도를 높여줍니다.

주방은 그레이톤 인테리어를 유지하며, 한샘 비스포크와 삼성 비스포크를 통해 깔끔하고 세련된 모습을 표현할 수 있습니다. 붙박이장과 시스템 행거는 공간을 최대한 활용하면서도 미려한 외관을 유지하도록 설계되어야 합니다. 현관은 밝은 그레이와 함께 청정하고 깨끗한 느낌을 주는 멋진 디자인으로 장식해 보세요.

거실과 다이닝 룸은 폴딩 도어를 통해 유연하게 공간을 분리하거나 연결할 수 있도록 하여 다양한 형태의 공간 활용이 가능합니다. 서재와 멀티 룸은 밝은 그레이와 함께 청결한 분위기를 연출하도록 디자인해 보세요. 마지막으로, 창호는 밝은 그레이와 잘 어울리는 밀란 창호와 에팅 유리, 미스트 유리를 사용하여 아름다움과 단열 효과를 동시에 얻을 수 있습니다.","화이트톤과 믹스매치해 밝은 그레이 인테리어로의 변화, 공간 별로 자세히 보러 가실까요? 거실 폴딩 도어로 카페 같은 분위기의 우리집 거실 리모델링 계획 단계에서 아직 확장을 할지 말지 고민하고 있으시다면, 열어 두었을 떄는 개방감을, 닫아 두었을 떄는 단열을 챙기실 수 있는 폴딩 도어를 추천드립니다. 안방 한샘 샷시로 단열까지 챙긴 따뜻한 침실 안방 한 벽면을 차지하는 대창은 엣칭 유리로 사생활 보호를 도와드리고, 신제품으로 출시된 한샘 ML 창호로 디자인과 단열까지 잡은 시공을 도와드렸습니다. 드레스룸 시스템행거와 붙박이장 콤비설계로 다양한 활용성 계절옷은 문을 닫을 수 있는 붙박이장에 보관하실 수 있도록, 자주 입으시는 옷은 행거 타입의 시스템 행거에 거실 수 있도록 콤비설계한 드레스룸입니다. 나만의 드레스룸 로망을 한샘에서 실현해보세요.",0.6723427772521973,0.7502363920211792
"30평의 아파트에서 동선과 시선을 최적화하여 돋보이는 인테리어를 설계한다면, 거실은 중심에 위치한 아일랜드 부엌을 배치하여 공간 활용도를 높이고 활기찬 분위기를 연출할 수 있습니다. 거실과 부엌 사이에는 아치형 게이트를 설치하여 실내 흐름을 원활하게 만듭니다. 아치형 게이트 양쪽으로는 각각 거실과 부엌을 위한 화려한 현관 타일이 깔려 있어 전체적인 통일감을 주고 고급스러움을 표현합니다. 주방은 아트월을 활용하여 세련된 분위기를 내며, 파우더룸을 따로 마련하여 개인 공간과 공용 공간을 명확하게 구분합니다. 안방은 붙박이장을 활용해 공간을 최대한 활용하며, 자녀방에서는 책상을 중심으로 하여 학습공간을 마련합니다. 마지막으로 화장실은 바스와 타일을 중심으로 한 화장실 디자인을 적용하여 깔끔하고 현대적인 느낌을 살립니다. 이 모든 요소들이 조화롭게 어우러져 30평의 작은 공간에서도 넓고 편안한 인테리어를 만들어냅니다.","거실 처음 보여드릴곳은 거실인데요 거실은 티비쪽에 한샘에서 나오는 '월플러스' 라는 제품이예요 이 제품같은 경우에는 저중 한판이 깨졌을때 교체도 한판만 할 수 있는 제품이예요 반대쪽 벽면은 벽지대신 목대판에 시트지를 한 벽면입니다! 부엌 이 곳은 부엌인데요 부엌을 보실 때 2가지를 집중해 보시면 좋은데요! 그 2가지는 동선,시선입니다 위 사진을 보시면 동선이 아주 깔끔하게 정리돼있죠? 구조상 대면형은 불가능하지만 바로 앞에 벽이 있지만 벽면 쪽에서 요리하시는 것보다는 공간이 있다 보니 대화도 편하게 할 수 있습니다. 자기 자신의 시선도 있지만 다른 사람이 부엌을 볼 때 시선도 있죠? 거실 쪽에서 요리 하시는 걸 보면 레스토랑에서 볼 때 볼 수 있는 부엌처럼 보일 수 있습니다 벽면 쪽은 키큰장과 냉장고장으로 깔끔한 벽면으로 처리를 했어요 이제 싱크대랑 인덕션은 아일랜드로 깔끔하게 빼낼 수 있게 정리해 놨어요 욕실 이 곳은 공용욕실인데요 손님이 와도 90%가 들릴 가능성이 큰 장소이기도 해요 그래서 보시다시피 깔끔하면서도 공간 활용도가 있게 설계를 하여 수납도 충분합니다. 게다가 디자인까지 살려서 남부럽지 않은 욕실을 만들어 드렸습니다! 이곳은 안방욕실인데요 공용욕실과는 다른 분위기죠 공욕욕실은 시원한 느낌이 컸다면 안방욕실은 따뜻한 느낌이 크네요! 안방욕실같은경우에 크기가 작은 곳이 많아 자주 사용 안 하신다는 분도 많으신데요 활용도 있게 공간을 이 정도로 확보하면 자주 사용하실 것 같죠? 안방 이곳은 안방입니다! 안방은 깔끔한 붙박이장과 장을 한층 더 고급스럽게 만들어주는 mr조명이 들어가 있어 아주 깔끔하면서 고급스러운 안방 같아요! 이곳은 안방과 연결되있는 파우더룸인데요 문을달아 답답한걸 없애고 아치를 설치해 답답하지 않으면서 트렌디하게 꾸며드렸습니다! 자녀방 다음 소개해드릴 곳은 자녀방인데요 자녀가 공부하기 편하게 빌트인 서랍이 있어 수납하면서 공부를 편하게 할 수 있을 거 같아요! 아이디S 단독책상인 경우 책상장과 분리/결합할 수  있는 단독책상으로 학습활동에 따라 책상 위 공간을 조절할 수 있습니다! 책상에 학습지가 많이 펼쳐져야 하거나 큰 그림을 그리는 경우에는 책상을 더 빼서 사용하면 좋겠죠?",0.657985270023346,0.6822895407676697
"이 41평 리버뷰아파트에서 모든 공간이 수납공간으로 변모할 수 있도록 디자인하면, 거실과 침실은 다용도 수납장과 라이딩 캐비ネット를 설치하여 공간 활용도를 높일 수 있습니다. 특히 거실에서는 TV 후방에 수납공간을 만들어DVD와 음반들을 넣을 수 있고, 침실에서는 베개와 옷장 뿐 아니라 충분한 수납공간을 마련할 수 있습니다. 주방은 식기와 그릇들을 위한 수납장과 냉장고 뒤에 숨겨진 수납공간을 추가하여 필요한 물건들을 쉽게 찾을 수 있게 합니다. 드레스룸에서는 다양한 크기의 수납장과 라이딩 캐비ネット를 설치하여 옷과 신발을 정돈하게 하고, 욕실에서는 샤워기 뒤에 숨겨진 수납공간을 만들어 화장품이나 개인용품들을 보관할 수 있습니다. 또한, 각 방마다 수납공간을 추가함으로써, 이 곳이 더 효율적인 생활공간으로 변모할 것입니다.","오늘 소개해 드릴 현장은 자칫 밋밋해 보이는 복도라인에 포인트를 주고 곳곳에 수납이 들어가있는 알찬 공간을 보여드리려고 합니다! 현장정보 - 평형: 135㎡ (41평형) - 공사범위: 거실확장, 욕실, 부엌, 수납 - 공사기간: 4주 리모델링 포인트 ① 발코니 확장으로 넓어진 거실 ② 문을 없애고 게이트로 변경 ③ 가능한 모든공간을 이용한 수납력 UP! 주요자재 - 한샘 월플러스(아트월) - 강마루 와이드 7.5 - 리얼라이트오크 - 한샘 키친 EO300 제타 화이트 & 블랙 오래 살 집으로 최대한 많이 사용하는 부분은 변함없는 자재로! 방에도 도배지가아닌 인테리어 월로 손상걱정없이 쭈욱~ 살수있는 온라인 집들이에 초대합니다! 이번 현장은 거실을 확장시켜 훨씬 넓은 생활공간으로 재탄생했습니다! 거실부터 현관까지 이어지는 긴 복도에는 한샘 월플러스로 시공하여 살다가 손때라던지, 마모되거나 손상되는 부분을 최소화 할 수 있고, 도배지보다 훨씬 고급스러운 느낌이 강하기에 적극 추천드립니다^^ 넓은 평형대의 복도나 거실에는 황변이나 찍힘, 잔 손상이 많이 생기는 도배지보다 알판작업이나 대리석이 많이 시공되지만 한샘에서는 월플러스가 있기때문에 대리석같은 느낌이 나는 목재로 시공을 함으로써 교체도 쉽고, 보기도 좋고, 가성비까지 1석3조의 효과를 느껴보세요^^ *주요시공 : 발코니확장, 월플러스 안방도 거실처럼 벽지의 황변과 찍힘이 싫다하셔서 인테리어월로 깔끔하게 시공했습니다! 와이드형과 일반형이 있으니 공간에 맞춰 시공가능합니다^^ 또, 안방과 드레스룸에는 수납이 가득가득!! 안방의 가로길이가 엄청 길어서 수납력이 어마어마합니다! 가장 큰 장점이에요!! 뿐만아니라 파우더룸과 그 뒤쪽 드레스룸공간까지 알차게 수납할 수있는 수납이 가득한 안방입니다 매번 열려있는 드레스룸 도어는 없애버리고 아치형형 게이트로 만들어 동선도 쉽고 보기도 좋은 포인트를 주었습니다! 아치형게이트 말고도 비대칭, 깔끔한 사각 등등 게이트 디자인도 원하시는대로 가능합니다 파우더룸 뒤쪽의 드레스룸에는 환기때문에 문을 없애고 싶어하셨고 공간을 가리고싶으시다면 포인트가 되는 페브릭으로 커튼봉을 활용한 공간분리도 추천드립니다! 공용욕실입니다 우리가족 뿐만아니라 손님들도 함께 사용하는 공간이니만큼 청소가 편리한 휴판넬과 미끄러움에 강한 휴플로어로 시공되었습니다. 한샘바스는 타일과 달리 처음과 같은 컨디션을 오래유지할 수 있기때문에 많이 사용하시는 공간에 추천드립니다^^ 안방욕실은 크기도 크고, 욕조공간이 따로 되어있어 고급스러운 느낌을 살리고자 600*600 사이즈의 타일로 시공되었습니다 요즘 추세인 조적욕조로 공간분리를 하는 방법도있고 이동식 욕조를 사용해 호텔같은 느낌을 연출하실수도 있습니다! 타일은 원하는 느낌으로 다양한 패턴이나 질감을 연출할 수 있어 크기가 큰 욕실은 타일욕실을 추천드립니다^^",0.6500288844108582,0.6815404891967773
"화이트와 그레이 컬러를 활용한 이 인테리어는 현관부터 시작하여 전체적인 분위기를 잡습니다. 현관문은 그레이 컬러의 중문 대신 투명한 유리로 만든 현관문을 설치하여 공간이 더 넓어 보이도록 설계하였습니다. 현관 끝에는 화이트 컬러의 장식장이 위치하며, 이 장식장 위에는 작은 조명이 설치되어 있어 밝은 분위기를 조성합니다.

거실에서는 소파를 화이트 컬러로 선택하였으며, 이를 강조하기 위해 그레이 컬러의 천을 사용하여 커튼을 달아주었습니다. 이는 거실 전체가 깨끗하고 정돈된 느낌을 줍니다. 또한, 거실의 벽난로는 그레이 컬러의 세련된 디자인으로, 거실을 더욱 아늑하게 만들어줍니다.

침실에서는 화이트 컬러의 침대와 그레이 컬러의 침대매트리스를 사용하여 간결하면서도 고급스러운 분위기를 연출하였습니다. 또한, 침실의 창문은 투명한 유리를 사용하여 실내외를 자연스럽게 연결시키며, 밝고 통하는 분위기를 조성합니다.

주방과 욕실에서는 간단한 동선을 최적화하여 공간 활용도를 높였습니다. 주방에서는 그레이 컬러의 카운터와 화이트 컬러의 캐비닛을 조합하여 시각적으로 공간을 확장시켰습니다. 욕실에서는 화이트 컬러의 욕조와 그레이 컬러의 벽돌 패턴이 조화를 이루며, 깨끗하고 신선한 분위기를 끌어냅니다.

마지막으로, 각 방마다 필요한 용품들은 간결하게 배치되어 있으며, 필요할 때만 사용할 수 있도록 하여 공간이 더욱 깔끔하고 깨끗해 보입니다. 이 모든 요소들이 함께 어우러져 화이트와 그레이 컬러를 활용한 심플&미니멀 스타일의 인테리어가 완성되었습니다.",벽:휴판넬 바닥:휴플로어 도기 및 악세사리 교체 한샘바스 시공,0.5771222710609436,0.4643368124961853
"32평 규모의 공간에서 동양적인 감성을 담아내는 인테리어를 계획한다면, 먼저 현관을 통해 들어서는 순간부터 눈길을 끄는 중국의 화려한 대문이 펼쳐질 수 있습니다. 이곳에는 빛나는 금색과 음영이 조화를 이루어 고급스러운 분위기를 조성하며, 이와 함께 한자 또는 유명한 문구가 새겨진 장식판이 걸려 있어 동양의 고유한 정취를 느낄 수 있습니다.

거실에서는 높은 천장이 인테리어의 중심이 되며, 그 위쪽에는 아름다운 천장 장식이 배치되어 있어 공간을 더욱 화려하게 만듭니다. 이 장식은 전통적인 패턴과 현대적인 디자인을 결합하여 독특한 분위기를 연출합니다. 또한, 침실에서는 밝고 따뜻한 색감의 벽지와 함께 대형 동양풍 침대가 위치해 있으며, 이를 강조하기 위해 베드 머드리와 매트리스를 고급스럽게 선택합니다.

주방에서는 전통적인 중국 요리에 적합한 조명이 설치되며, 이는 오후 늦은 시간에도 부엌에서 활동하는 사람들에게 필요한 밝기를 제공합니다. 발코니는 휴식 공간으로 변신하여, 야외에서의 휴식을 즐길 수 있도록 편안한 의자와 테이블이 준비되어 있습니다. 마지막으로, 욕실에서는 동양적인 스타일의 세면대와 샤워기, 그리고 화장실 장식이 적용되며, 이는 깨끗함과 순결함을 상징합니다.","<안방 & 알파룸 & 주방옆방> -안방은 어머님을 위한 공간으로 클래식한 가구로 배치 -주방 옆방의 침실은 따님을 위한 공간으로 침실공간과 서재공간이 가능하도록 제안 <거실욕실&안방욕실> -안방 욕실은 소형 욕실로 따뜻한 베이지&우드로 제안 -거실 욕실은 쨍한 색감의 타일 사용, 블랙 포인트 파티션으로 통통튀는 매력의 욕실로 완성 <발코니> -패턴이 있는 무늬의 바닥타일과 무드있는 포인트 벽조명으로 분위기 있는 발코니로 완성",0.650377094745636,0.47419655323028564
"센트럴아이파크자이 112A의 인테리어는 4인 가족을 위한 월넛 컬러를 중심으로 한 고급스러움과 편안함을 극대화하였습니다. 거실에서는 바흐서재와 한샘수입도무스를 활용하여 정제된 분위기를 연출하였고, 커미터 책상과 스터디 램프는 작업공간으로 사용될 예정입니다. 아이 방에는 포시즌 매트리스와 한샘조이 S를 설치하여 아이들의 건강을 생각한 디자인을 적용하였습니다.

주방은 세련된 스타일의 티테이블과 한샘아이디 S를 통해 깔끔하고 청결한 분위기를 유지하도록 설계되었습니다. 침실에서는 월넛 컬러의 카모 매트리스와 한샘호텔트윈침대를 사용하여 편안함을 제공하였으며, 다용도 장과 이동 서랍장은 필요한 물건들을 효과적으로 관리하는데 도움이 될 것입니다.

드레스룸은 한샘아이디 S와 와이드 서랍장을 통해 충분한 수납공간을 확보하였고, 화장대는 아름다운 디자인의 세리프리 클라이너와 조명침대를 활용하여 공간을 더욱 돋보이게 만들었습니다. 마지막으로, 전체적인 인테리어는 내추럴 스타일을 반영하여 자연스러움과 고급스러움이 공존하는 아름다운 공간을 구축하였습니다.","현장  소개 - 아파트명 : 수원센트럴아이파크자이 - 주거형태/평수: 아파트 /34평(112m² A타입) - POINT : 4인 가정의 슬기로운 입주생활 완성 홈스타일링 제안 - 4인 가족 모두의 니즈를 저격하는 스마트한 맞춤 제안 - 거실과 주방 공간을 세련된 느낌으로 힘 꽉 준 제안 - 무엇 하나 부족함이 없는 최선의 공간 활용 제안 가구의 정보가 궁금하다면? ' 상품 모아보기 ' Click 아파트의 핵심 거실 공간을 이태리 직수입 라인으로 세련되게 완성! 월넛과 그레이 조합 으로 중후한 느낌 한 스푼 추가하여 더욱 고급스럽게! 특히나 스윙이 가능한 소파 로, 눕기도 편하고 공간 활용도 마음껏 가능해요! 소파와 티 테이블 은 한샘몰에서 볼 수 없는 정말 한샘에서도 프리미엄 라인 입니다 거실과 주방이 하나의 공간으로 이어진 구조로, 힘을 많이 주는 패키지 구성입니다. 거실도 너무나 고급스럽게 꾸며놓았기에 주방 공간도 세련된 식탁으로 제안하였습니다! 이태리에서도 TOP 브랜드 로 손꼽히는 아틀라스 콩코드 그룹의 인피니티 슬래브 !!! 다릿발 또한 로즈 골드 크로스 로 유니크한 디자인 이 차별화가 되는 식탁이죠! 자녀분도 키우고 일도 하고 그러다 보니 나만의 휴식공간을 찾고자 하는 부모님들, 특히나 오랜 시간을 투자하는 안방에, 매일 함께하던 신혼 시절은 끝났으니 서로의 취향을 찾아 떠나요! 원하는 경도가 서로 다를 수 있어 무얼 좋아하실지 모르니 다 준비해놓았습니다. 호텔형으로 인테리어적인 효과를 주고, 한샘의 자랑 포시즌 매트리스 를 함께 제안하여 호불호가 갈리지 않고 모두 좋아하는 패키지로 완성! 안방에서 TV도 보고, 간단한 업무 보기 혹은 독서 등을 하기 좋게 제안 드립니다 :) 자녀방 1은 큰 자녀분 의 방을 콘셉트으로 디자인하였습니다! 한샘에서 특히나 중고등학생 대상으로 가장 많은 인기를 누리고 있는 아이디S 책상 을 제안하였습니다! 일자 책상 과 양쪽 책장의 결합을 통해 벽 고정 이 따로 필요 없도록 구성했습니다! 스튜디오 침대 에서 USB, 간접조명 사용이 가능하고, 다용도장 을 화장대처럼 사용 가능합니다! 성인이 되어서도 충분히 사용이 가능할 정도로 무난하면서도 깔끔하게 배치하였습니다 자녀방 2는 초등학생 자녀의 방을 콘셉트으로 디자인하였습니다. 자녀분이 오감발달 시기라서, 핑크 색상으로 시각적인 포인트를 주었습니다! 책장도 양쪽으로 넣고, 옷장도 크게 넣어 수납이 부족하지 않도록 밸런스를 잡았습니다! 침대도 포인트를 주었고, 조명이 들어오는 프레임을 통해 독립 수면에 도움이 되도록 제안하였습니다! 요즘 자녀분의 매트리스로 가장 핫하다고 볼 수 있는 카모 매트리스도 미디엄 하드 경도라 추천드립니다!",0.6495010852813721,0.6220951080322266
"오래된 신도림 미성아파트를 신선하게 변화시키기 위해 미니멀한 인테리어 스타일을 선택했습니다. 첫 번째 단계로는 현관에서부터 시작하여 흰색 미닫이 붙박이장을 설치해 촘촘한 공간 활용성을 극대화하였습니다. 거실에서는 루버와 텐트보드를 이용해 포인트 벽을 만든 후, 화이트 인테리어를 적용하여 깔끔하고 시원한 분위기를 연출하였습니다. 특히 미닫이 붙박이장과 미닫이 문을 사용하여 공간을 더욱 효율적으로 사용할 수 있게 되었습니다.

또한 키친에서는 한샘의 미닫이 밀란 싱크대를 선택하여 공간을 넓게 느끼게 만들었고, 욕실에서는 흰색 플랫 화이트를 주色调, 매트 화이트를 조합하여 깔끔하고 세련된 느낌을 줍니다. 마지막으로, 각 방마다 빌트인 화장대와 작은 방용 미닫이 붙박이장을 추가하여 필요한 물건들을 적재적소에 배치할 수 있도록 하였습니다. 이러한 디자인으로 전체적인 공간은 더 넓고 여유로워 보이는 효과가 있어요.","#거실 거실이 크지않은 편이라 공간차지를 하는 수납이나 벽이 튀어나오게 연출되는 아트월은 할 수 없어 공간차지가 없는 루버를 활용하여 TV벽면에 포인트를 주었어요. 단조로울 수 있는 공간인데 루버를 활용하여 더 생동감 있어진 거실입니다! #작은방 문옆으로 알맞은 사이즈의 붙박이장에 화장대를 빌트인시켜 알찬 구성으로 수납을 확보하였습니다. 불필요한 공간차지없이 필요한 사이즈의 장을 제작함으로써 더 활용도있는 공간을 사용할 수 있게 하였습니다! #욕실 군더더기 없이 깔끔한 구성으로 은경슬라이딩장을 설치하여 욕실에 필요한 소품, 수건 등을 욕실내에 수납 가능하게 했습니다. 조적젠다이가 없는 욕실이지만 슬라이딩장 아래쪽으로 대리석 젠다이선반을 설치해 조적젠다이를 대신하여 활용도 있게 쓸 수 있고, 샤워부가 답답하지않도록 그라데이션 코팅파티션을 설치하여 샤워시 물튐을 방지하여 욕실청소, 관리가 더 용이합니다 :)",0.6969252228736877,0.7229218482971191
"이 공간은 묵직하면서도 깔끔한 월넛 톤의 인테리어를 통해 고급스러움을 느낄 수 있을 것입니다. 특히 원목과 월넛 색상의 조화를 통해 자연스러운 느낌을 표현하며, 무몰딩과 마이너스 몰딩을 사용하여 공간을 더욱 넓게 보이게 만듭니다. 거실에서는 키친바흐의 미니멀한 디자인 소파와 함께 중문을 활용해 공간을 분리하면서도 통일감을 유지할 수 있습니다. 침실에서는 대형 월넛 톤의 침대와 조명을 중심으로 한 간결한 인테리어를 적용해 편안함을 느낄 수 있도록 설계할 수 있습니다. 아이방에서는 월넛 컬러의 책장과 빛나는 원목 소재의 의자를 배치해 아이들의 창의력을 자극할 수 있습니다. 키친에서는 원목과 월넛의 톤을 반영해 자연스러운 느낌을 살려주며, 드레스룸에서는 미니멀한 원목 라이트를 통해 공간을 밝게 조명할 수 있습니다. 현관에서는 중후의 월넛 톤의 도어와 조화를 이루도록 설계해 전체 인테리어와 어우러집니다. 이와 같은 인테리어 방식으로 공간을 꾸미면 7천만원 이상의 예산으로 최고급 인테리어를 완성할 수 있을 것입니다.","이번 공간은 하중동 밤섬자이아파트(51평)입니다. 기본 공사로는 마이너스 몰딩(간접조명 매립), 월넛 색상의 '원목마루'. 베이지 톤의 벽지, 거실의 포인트 인테리어 월, 타일 욕조가 특징입니다. 주방 공간은 국내 최고 등급 '키친바흐800 미스틱그레이' 으로 이루어져 있어, 차별화된 공간을 경험할 수 있습니다. 주방 중문은 클래식한 느낌이 물씬 나는 '디바이딩 S5 프리미엄 슬라이딩 애쉬브라운' 색상을 사용하였습니다.  일정한 세로선이 아닌 디바이딩 중문은 묵직하고 고급진 월넛 디자인에 어울립니다. 안방욕실과 공용욕실 모두 600각 타일을 사용하여 공간감을 강조하였습니다. 첫번째 사진처럼 조적 공사를 추가한다면,  벽에 네모난 수납공간을 만들 수 있습니다. 기능은 물론, 디자인도 고급스럽게 느껴집니다. #욕실은 샴푸, 핸드워시, 바디워시, 샴푸,린스 등 다양한 색상의 소품들이 들어가는 공간입니다. 주방과 반대로 욕실은 소품들이 반드시 즐비한 채로 쓰이는 공간입니다. 따라서 타일, 도기, 세면장 등에서 최대한 색을 빼야 깔끔한 욕실로 유지할 수 있습니다. 침실은 깔끔한 붙박이장 매트화이트 색상을 사용하였습니다. 빌트인 화장대도 동일색상을 맞추어 톤을 맞추었습니다. 조명 역시 3인치 다운라이트와  천장 매립간접등을 사용하였습니다. 안방 안쪽에 위치한 드레스룸은 붙박이장과 시스템장으로 11자 설계되었습니다. 이불이나  자주 입지 않는 옷은 붙박이장에, 자주 입는 옷은 시스템장에 걸어두면 편리한 드레스룸을 이용하실 수 있습니다. 자녀분들의 취향은 성장할수록 크게 변화합니다. 따라서 가구를 바꾸게 되어도, 어느 가구를 들이던 어울리는 인테리어공사가 중요합니다. 가구는 쉽게 바꿀 수 있지만, 주거중에 천장,조명,벽지 공사는 진행하기 어렵습니다. 따라서 어떤 가구가 오더라도 모던하고 깔끔하게 소화할 수 있도록 간접 매립등과 다운라이트 천장공사, 그리고 깔끔한 매트화이트 붙박이장 or 시스템장으로 구성하였습니다.",0.6973903179168701,0.723021388053894
"울산 무거동 웰츠타워의 49평 아파트는 고급스럽게 꾸미되 여유로움을 느끼게 만드는 인테리어를 했습니다. 거실은 아트월과 실링팬을 활용하여 공간을 더욱 넓게 보이게 만들었으며, LED 조명 거울을 설치하여 밝고 화사한 분위기를 연출했습니다. 다이닝 룸은 현관과 연결된 여닫이 중문으로 구분하여 전체적인 통일감을 주었고, 포세린 타일과 라운드 등박스를 통해 세련된 분위기를 연출했습니다. 주방은 ㄱ자형으로 설계되어 식기세척기와 비스포크 냉장고가 편안하게 들어맞는 공간을 제공하며, 무광 수전과 간접 조명은 깔끔하고 고급스러운 느낌을 줍니다. 침실은 청바지 소재의 베개와 무광 파티션을 사용하여 현대적인 감각을 살렸습니다. 마지막으로 욕실은 하부장을 배치하여 깔끔하고 효율적인 디자인을 완성시켰습니다. 이 인테리어는 전체적인 화이트 인테리어와 함께 전실 인테리어까지 고려하여 고급스럽고 편안한 생활을 즐길 수 있도록 설계되었습니다.",각 방 충분한 수납을 위해 붙박이장을 추가하고 애매했던 내력벽은 대리석으로 만든 책상을 추가하여 간단한 사무공간으로 활용할 수 있습니다.,0.6540743112564087,0.6648847460746765
"서창자이아파트의 45평 공간을 효율적으로 활용하기 위해 각 공간별 주제를 설정해 독립적인 공간으로 분리했습니다. 거실은 편안한 대면형 주방과 연결되며, 실내에서 자연스럽게 흐르는 실링 팬이 공기를 순환시킵니다. 중문을 통해 거실과 아이 방을 분리하여 소음과 통증을 최소화합니다. 아이 방은 화장대와 붙박이장을 갖춘 디자인으로 자녀의 생활 편의성을 높였습니다. 키친은 아일랜드형으로 설계되어 기능성과 함께 미적 감각을 더했습니다. 주방에는 엘리카 후드가 설치되어 청정하고 편안한cooking 환경을 제공합니다. 서재/멀티룸은 넓은 책상과 편안한 의자를 배치하여 집에서 일하는 사람들에게 적합합니다. 마지막으로 현관은 깨끗하고 정돈된 모습을 유지할 수 있도록 케이크핏과 함께 가벽을 활용해 공간을 분리하였습니다.","거실에는 TV벽쪽은 한샘 빌트인 플러스 TV장, 쇼파자리는 쇼파대신 한샘 빌트인 플러스 1단 벤치서랍장을 설계해 집안 곳곳 수납공간이 부족하지 않게 디자인해 보았습니다. 우물천장 부분은 평탄화 작업을 하지 않고 실링펜을 설치해 디자인적인 부분도 담당하면서 거실,복도 공기순환을 도와줄 수 있게 했습니다. 주방공간에서 식사,요리,티타임등 다양한 활동을 하고 있을때 방해받지 않고 독립적인 공간을 형성해 주기위해 주방쪽 벽에 한샘 젠슬라이딩 중문을 설치했습니다. *주요 사용제품 : 한샘 젠슬라이딩 중문, 한샘 빌트인플러스 TV장+벤치서랍장,시스템에어컨, 다운라이트조명 공용욕실에는 한샘바스 가로판넬을 소개해 드리겠습니다. 가로판넬은 기존 세로형 판넬과 다르게 가로형 판넬을 사용해 위,아래 1장씩 붙여 보다 고급스럽고 넓어보이는 효과를 줄 수 있는 제품입니다. 또한 상부,하부판넬 경계부분에 욕실 악세사리를 필요도에 별도의 공사없이 추가하고 이동할 수 있는 장점이 있습니다. 안방욕실의 경우 큰 타일을 사용해 하루 일과로 지친 부부에게 호텔욕실과 같은 고급스러운 분위기를 느낄 수 있게 그레이톤 600각타일로 설계했습니다. 자녀방의 경우 안방처럼 면적이 넓지 않기 때문에 수면공간, 공부공간, 수납공간등 각 공간을 구분해 주는 것이 한가지 포인트라고 볼 수 있습니다. 가벽을 세워 공간을 분리하는 디자인도 있지만 아래 사진과 같이 가구,수납장을 통해 공간을 분리하는 것도 한가지 좋은 방법이라고 볼 수 있습니다. 자녀분의 연령대에 따라 화장대를 구성하실 수 있고 책상으로 구성하실 수 있습니다. *주요 설계제품 : 한샘 붙박이장, 한샘 빌트인플러스 파우더장, 한샘 빌트인플러스 앤드파우더장 취미방은 알파룸 크기의 작은 크기로 인해 침실로 사용하기에는 부적합할 수 있는 공간을 활용해 고객님들 취향에 따라 게임룸, 독서룸, 혹은 간단한 손님방 등 다양하게 구성가능합니다.",0.6922367811203003,0.7326728105545044
"가족들과 함께 여가 시간을 보내는 데 적합한 이 인테리어는 46평 거실에서 시작됩니다. 폴딩 도어를 활용하여 거실과 라운드 우물 천장이 연장되는 효과를 낼 수 있어 공간이 더욱 넓어 보입니다. 빌트인 주방은 식사와 요리를 즐기는 공간으로, KB100 스칸디와 11자 주방의 디자인 요소를 적용해 모던하면서도 편안함을 느낄 수 있도록 구성합니다. 키친 판넬은 깨끗하고 정돈된 느낌을 줍니다. 타일 욕실은 조적 욕조와 대형 타일을 사용해 고급스러움을 더하며, 한샘 바스와 한샘 휴플로우 기법을 통해 편안함을 느낄 수 있습니다. 샤워 파티션은 공간을 효과적으로 분리하면서도 통일감을 유지하는 데 도움을 줍니다. 마지막으로 조명 거울은 전체적인 분위기를 더욱 세련되게 만듭니다. 이 인테리어는 여가 시간을 즐길 수 있도록 설계되었으며, 가족들이 함께 보내는 시간을 더욱 특별하고 쾌적하게 만들어 줄 것입니다.","거실 베란다를 추구하시는 고객님들을 위해 확장을 하지 않고 폴딩도어 를 설치하여 오픈감 있는 거실을 연출하였습니다. 거실을 확장한 것 같은 느낌 을 받으실 수 있고, 외풍과 소음을 차단 을 원할 때는 닫아서 사용하실 수 있습니다. 우물천장과 앞 뒤 벽면에 곡선을 넣어 부드러운 느낌을 받으실 수 있고, 수납 공간을 만들어 활용도 높은 공간 을 설계하였습니다. 화이트 미가루버로 마감을 하여 호텔같이 세련된 느낌을 주었습니다. 주방은 11자 형태 로 설계하였습니다. 아일랜드에 식탁을 붙여, 조리를 하면서도 식탁에 앉아 있는 가족들과 소소한 대화 를 즐길 수 있는 시간을 만들어 드리고 싶었습니다. KB100번의 스칸디 제품 으로 도어에 동그란 손잡이가 달려 있어 귀엽고 아기자기한 느낌 을 받길 원하시거나, 손잡이가 달려있는 도어 를 찾으시는 고객님들께 추천드립니다. 벽면의 키친판넬, 도어, 상판 색상을 브라운 계열로 맞추어 세련 되면서도 따뜻한 공간 으로 디자인 하였습니다. 또한 확장 공사 를 하여 냉장고와 김치냉장고, 키큰장, 펜트리장을 넣어 기존 주방보다 수납을 많이 하실 수 있게 하였습니다. 아치형 게이트 를 넣어 포인트를 주었고 빌트인 주방 으로 외관상으로도 깔끔해 보이게 연출하였습니다. 안방은 부부가 함께 할 수 있는 공간으로 설계하였습니다. 한쪽 벽면에 붙박이장을 넣는 대신, 작은 소파와 탁자를 놓아 간단한 작업을 할 수 있게 하였고, 아치형 게이트 를 넣어 안방과 파우더룸을 분리 하였습니다. 자녀방은 분홍색 계열의 벽지와 가구를 배치하여 어린 나이 자녀의 취향 에 맞게 디자인 하였고, 나이가 있는 자녀의 방은 창가쪽에 책상을 배치하면서 스터디 공간과 수면 공간을 분리 하였습니다. 마지막 방은 확장 을 하여 공간을 넓혀서 개인적인 업무를 보거나, 운동을 할 수 있게 하였습니다.",0.6777060031890869,0.7505097389221191
"이 공간은 모든 공간이 특별하게 만드는 인테리어를 목표로 합니다. 거실에서는 TV장과 티비장을 빌트인 플러스로 설치하여 대용량 수납공간을 제공합니다. 이는 거실의 멋진 멀티 공간을 만들며 6인용 식탁도 함께 배치하여 더욱 화사하고 긍정적인 에너지를 느낄 수 있게 합니다. 부엌에서는 수납력을 강조한 빌트인 플러스를 활용하여 가벼운 감각적인 주방을 만듭니다. 넉넉한 수납공간은 일상생활에서 필요한 물건들을 편리하게 보관할 수 있도록 돕습니다.

침실에서는 고급스러운 분위기를 연출하며 차분한 분위기를 유지합니다. 유로602와 바흐801 침대를 선택하여 아이들이 편안하게 잠을 자고, 침실에는 파우더장을 추가하여 빠른 외출 준비를 위한 공간을 마련합니다. 또한 침실에 화장대를 배치하여 여유로운 휴식을 즐길 수 있도록 도와줍니다. 아이 방에서는 푸른 컬러의 인테리어를 적용하여 사랑스럽고 안전한 분위기를 만듭니다. 아이들은 집중력을 가지고 공부할 수 있으며, 필요할 때는 침실에서도 책상을 사용할 수 있습니다.",초등자녀를  둔 가족을 위한 집 꾸밈 제안입니다. 거실은 다양한 용도로 사용할 수 있게 쇼파 대신 벤치형 식탁세트를 배치했어요. 주방은 아일랜드 식탁으로 포인트를 주었고 초등자녀들의 방은 부모님의 마음을 담아 인테리어를 완성했어요.,0.6839697360992432,0.6303312182426453
"확장을 통해 공간을 확장하면서도 깔끔하고 시각적으로 넓어 보이는 효과를 내기 위해 다양한 인테리어 요소들을 활용했습니다. 거실에서는 빌트인 케 ASUS 캐비ネット와 붙박이 서랍을 사용하여 공간을 효율적으로 활용하였고, 화이트 컬러의 조명과 거울을 이용해 공간을 더욱 넓게 느껴지도록 했습니다. 키친에서는 한샘 바스의 라인 디자인과 타일을 결합하여 고급스럽고 깔끔한 분위기를 연출하였으며, 화이트 부엌을 통해 더욱 밝고 상쾌한 느낌을 살렸습니다. 현관과 침실에서는 그레이 컬러의 벽지를 사용하여 고급스러운 분위기를 표현하였고, 3연동 슬라이딩 중문을 통해 공간을 유연하게 활용할 수 있게 되었습니다. 마지막으로 기타 공간에서는间接翻译如下：

通过扩展空间，我们采用多种室内设计元素来实现宽敞且独特的翻新效果。在客厅中，我们使用了内置橱柜和抽屉，以便高效利用空间，并通过白色照明和镜子使空间看起来更加宽敞。厨房方面，我们采用了韩室的线条设计和瓷砖相结合的方法，营造出高端且整洁的感觉，并通过白色厨房使空间显得更加明亮清爽。在玄关和卧室中，我们使用灰色墙纸来营造高级感，并通过三联滑动门使空间可以灵活运用。最后，在其他区域，我们采用了间接嵌入式的照明和镜子，进一步增强了空间感。","#주요자재 - 한샘 부엌 플랫 화이트 - 한샘 휴 2.2T 장판 어반스톤 베이지 - 한샘 빌트인 수납 플랫 화이트 다음으로 보여드릴 장면은 거실에서 현관쪽을 바라보는 장면입니다 3연동 슬라이딩 중문 을 함께 설계하시면 공간 분활 에 효과가 있고, 또 중문이 외부 바람 도 막아주고 소음 도 일부분 막아주기 때문에 많은 고객님들 께서 찾아주시는 제품이라 볼수있어요 ㅎㅎ 이번 설계에서 주목할 부분은 기존 20평 후반대의 집을 확장 공사 를 통해 30평형으로 넘어간 점이 가장 특징이라 볼수있습니다! 고객님께서도 올 확장은 아니더라도 거실 확장 또는 방 하나 확장 을 통해 좁아서 답답했던 부분을 일부 해소가 되실거에요ㅎㅎ 천장은 깔끔하게 평천장으로 설계 진행했고, 바닥은 장판 중에서도 신제품! 휴2.2T 어반스톤 베이지 자재로 디자인 했습니다 여기서 PP소재란? 아기들 젖병에 들어가는 플라스틱 재료라고 보시면됩니다! 아기들이 사용하는 자재로 마감됐으니 얼마나 친환경적이고 건강한 자재인지 아시겠죠??",0.6194315552711487,0.568397581577301
"안동시 용상동의 세영리첼에서 131m² 규모의 집을 인테리어하면서 화이트톤을 주를 이루는 색감으로 꾸미게 되었습니다. 거실에서는 바흐아르페테이블과 유로503디아고식탁을 배치하여 편안함을 느낄 수 있게 하였습니다. 또한 현관에는 선데이소파트위드와 우드벽장식을 활용하여 따뜻한 분위기를 살렸습니다. 아이방에서는 체계적인 수납공간을 제공하기 위해 5단책장과 드레스룸에는 3단서랍장을 설치하였습니다.

침실에서는 한샘벽지와 플레인스노우오크 마루를 사용하여 깨끗하고 깊은 분위기를 연출하였으며, 유로503침대아트월월넛과 유로503수납화장대를 배치하여 쾌적한 잠자리를 위한 준비를 해주었습니다. 발코니는 휴판넬과 리버화이트 벽지를 통해 간결하면서도 아늑한 느낌을 줍니다.

또한 주방과 욕실에서는 한샘의 키친판넬과 한샘욕실 제품들을 활용하여 깨끗하고 실용적인 공간을 만드는 데 도움이 되었습니다. 마지막으로 현관과 발코니 사이의 초슬림3연동중문을 통해 공간을 효과적으로 구분하며, 전신거울을 이용해 공간을 더욱 넓게 느끼게 하는 효과를 낼 수 있었습니다.","안방 부부만의 공간인 안방은 따뜻하고 편안한 느낌으로 분위기를 연출 부족함 없는 수납과 최소한의 가구배치 드레스룸 베란다 확장 후 한쪽 벽면은 붙박이장과 에어드레서를 넣어 깔끔하게 연출 부족한 수납은 반대쪽 벽에 서랍장으로 채워주었습니다. 자녀방 베란다 확장 후 더 넓은 공간으로 침대,책상,수납까지 갖추었습니다. 부족함 없는 수납과 밝은 분위기로 연출했습니다. 안방욕실 & 공용욕실 화이트 벽면과 그레이톤 바닥으로 깔끔한 한샘욕실 밝은 벽면과 바닥 색상으로 한층 더 넓어보이는 욕실 분위기 연출 현관 넓은 수납과 행잉형 현관장으로 깔끔한 수납이 가능하도록 연출 초슬림3연동중문으로 블랙색상에 투명유리로 구성하였습니다. 세탁실 세탁기옆 수납장을 만들어 세제 및 세탁용품을 깔끔하게 보관할 수 있도록 연출",0.6954122185707092,0.6682000160217285
"완산구 삼천동 흥건아파트 2차의 32평형 아파트를 화이트 모던 스타일로 인테리어 하려면, 먼저 거실에서 시작해 천장과 벽을 흰색으로 칠하고 아치문틀을 설치하여 고급스러운 분위기를 연출할 수 있습니다. 이 아치문틀은 거실과 다른 공간을 구분하면서도 개방감을 줍니다. 또한 한샘의 붙박이장을 안방에 설치하여 공간을 효율적으로 활용할 수 있으며, 현관에는 신발장을 설치해 접근성을 높이고 미가루버는 안방에서 사용할 수 있도록 설계합니다.

거실 확장을 위해 창문 주변의 벽을 제거하거나, 창문을 더 크게 만들 수도 있습니다. 이를 통해 더욱 넓고 밝은 공간을 만드는 동시에 자연광을 많이 들여올 수 있습니다. 안방에는 화장대와 파우더장을 설치하여 여유 있는 공간을 만드는데 도움이 되며, 이는 주부들에게 특히 유용합니다.

마지막으로, 욕실은 화이트 색상으로 단색 처리해 깨끗하고 정갈한 느낌을 줄 수 있습니다. 전체적으로 5천만원대의 예산으로 인테리어를 진행하면, 이정도 규모와 스타일의 인테리어는 가능합니다.",거실 확장을 통해 거실을 탁트인 공간으로 재구성 하였고 더 넓어 보이는 효과를 주기위해 매립등으로 조명을 설치했습니다. 거실에서 부엌쪽을 바라보면 공용욕실 입구쪽을 아치문틀로 시공하였고 밝은 오크색상의 필름으로 마감하여 밋밋할수 있는 벽면에 포인트를 줬습니다. 안방 손잡이가 노출되지 않는 밀란 무드화이트 붙박이장을 설치하여 군더더기 없는 수납공간을 연출했습니다. 자녀방 작은방이지만 책상과 침대가 모두 놓여져있어 답답했던 공간을 베란다 확장을통해 더 개방감있는 공간으로 구현했습니다. 욕실 베이지계열 타일과 오크색상의 상부장 조화로 따뜻하고 아늑한 분위기를 연출하였습니다. 작은 유리의 1:1 비율의 욕실창을 프로젝트 창호로 교체시공하여 유리가 더 크도록하여 개방감을 주었으며 환기역시 원할하게 되도록 시공했습니다.,0.7054208517074585,0.7134783864021301
"남매 둘의 개성을 존중하면서도 실용성을 갖춘 공간을 만들기 위해, 먼저 거실에서는 햇빛 좋은 발코니와 현관 모델링을 활용하여 자연광을 최대한 받을 수 있는 디자인으로 만든다. 발코니는 홈카페로 활용되며, 발코니와 연결된 발코니 휴식 공간에서는 바흐903 소파를 배치해 편안함을 느낄 수 있도록 한다. 아이들의 공부를 돕기 위해 아이디s 책상과 책장을 설치하여 필요한 물건들을 정돈하게 만든다.

거실은 애쉬빛으로 조명이 들어오는 심플한 분위기를 내는데, 미니멀한 매력을 느끼게 하는 미니멀 모던 소파를 선택한다. 거실과 연결된 현관에는 심플한 현관 디자인으로 구성되며, 벤치형 현관에는 현관 거울을 배치하여 옷매무새를 정돈할 수 있게 한다. 

키친과 다이닝룸은 한샘 키친과 원목식탁을 이용하여 자연스러운 분위기를 연출하며, 식사 공간에서 외식하는 듯한 즐거움을 느낄 수 있도록 만든다. 

아이 방에서는 풍부한 옷장 겸 화장대를 설치하여 아이들의 물건들을 정돈하게 하며, 편견 없는 방으로 만든다. 작은 욕실은 심플 모던한 디자인으로 변함없이 깨끗하고 편안하게 사용할 수 있게 만든다. 

마무리 단계에서는 침실의 벽면에 옷장과 같은 옷장 겸 화장대를 설치하여 여유로운 공간을 제공하며, 작지만 효율적인 옷장 겸 화장대로 아이들의 물건들을 관리하게 만든다.","종로구 무악동 33평형 무악현대아파트입니다. 3개의 방과 2개의 욕실 구성이며 발코니와 거실, 독립된 주방이 있습니다. 방 평수에 비해 거실이 넓게 확 트인 것이 특징입니다. 자칫 차가워 보일 수 있는 거실인데 고급 가죽 소파와 월넛 무늬의 거실장을 사용하여 따뜻함이 느껴집니다. 부부도, 고등학생인 아이들도 편안하게 누리는 가족 공간이 되었어요. 부부가 아늑하게 쉴 수 있는 부부 침대는 가죽 프레임을 두어 중후한 매력을 자아냅니다. 훌쩍 커버린 딸에게는 조금 작을 수도 있는 방이에요. 그런 단점을 보완하여 큰 거울이 있는 수납장을 설치하여 공간을 보다 넓어 보이도록 만들어 답답하지 않아요. 활용성 좋은 이 수납장은 한창 꾸미기 좋아할 딸에게 옷장이 되어주고 화장대가 되어 줍니다. 활동성이 좋은 고등학생 남자아이에게 큰 창에서 불어오는 바람은 시원하고 좋은 공간이 됩니다. 남자아이라고 지저분할 것 같다는 편견이 무색할 만큼 화이트와 아이보리톤의 침대와 책상, 수납장을 두어 깔끔하고 깨끗한 방으로 만들었어요.",0.6770598888397217,0.6394625902175903
"이 집은 거실에서부터 침실, 키친, 서재, 멀티룸, 욕실, 현관까지 다양한 공간을 통틀어 '화이트 & 웨드' 스타일의 인테리어를 구현하였습니다. 거실은 대형 텔레비전과 아트월을 활용해 영화관 분위기를 연출하였고, 침실에서는 밝고 시원한 컬러감의 침구와 테이블을 선택하여 쾌적함을 제공합니다. 키친은 깔끔한 디자인의 케이트리와 청정한 색감의 벽지로 정돈된 느낌을 살렸습니다. 서재에서는 라이트한 책장과 편안한 의자로 작업과 휴식을 즐길 수 있는 공간을 만들었습니다. 멀티룸은 편안한 소파와 작은 테이블로 구성되어 가족들이 함께 시간을 보내는 장소로 활용됩니다. 욕실에서는 청결한 느낌을 강조하기 위해 흰색 세트와 청바지를 사용하였고, 현관은 넓게 설계하여 입구의 분위기를 상쾌하게 만들어줍니다. 이러한 인테리어는 가족들이 다양한 취미를 즐길 수 있는 공간을 제공하며, 모든 공간이 화이트 & 웨드 스타일의 아름다움을 유지하면서도 따뜻하고 편안함을 제공합니다.","간접조명과 실용성이 높은 중앙 오픈 행잉형 현관장과  시공 현관장 맞은편 벽면은 한샘 월플러스로 포인트 연출 고급스러움을 더한 한샘 프리미엄 슬라이딩 중문, 브론즈 유리로 포인트 *주요시공 : 한샘 중앙오픈 행잉형 현관장, 프리미엄 슬라딩 중문 깔끔한 평천장에 다운라이트와 간접조명으로 깔끔하게 마감 TV 벽면은 600*1200 대형타일 시공으로 집의 분위기를 고급스럽게 연출 TV 하부장을 대신하는 목작업으로 단을 만들어 필름으로 마감 시공 바닥은 화이트&월넛 스타일의 맞게 한샘 강마루 7.5T 클래식 티크로 시공하였습니다. *주요 시공 : 600*1200 대형타일, 평천장, 한샘 강마루 7.5T 클래식 티크 주방은 기존 'ㄱ'자 일반적인 형태에서 대면형 'ㄷ'자 형태로 바꿔드렸습니다. 식탁 옆 공간에는 홈카페장을 설치하여 가족이 같이 커피를 즐길 수 있는 공간입니다. 주방 옆 공간은 보조 주방처럼 활용할 수 있도록 공간이 구분될 수 있도록 슬라이딩 중문을 시공하고 내부에는 냉장고가 배치됨으로 본 주방을 좀 더 넓게 활용할 수 있도록 하였습니다. *주요 시공 : 'ㄷ'자 주방,, 빌트인 비스포크 인덕션, 홈카페장, 프리미엄 슬라이딩 중문 가구 침대 프레임이 아닌 직접 목작업으로 제작한 프레임으로 하부에는 간접조명을 넣어 무드있는 분위기를 연출하였습니다. 침대 옆에는 책장 수납공간을 만들어 아이와 부부가 함께 책을 읽으며 대화를 나눌 수 있는 공간입니다. 천장은 부드러운 곡선의 우물천장에 간접조명을 넣어 안방 인테리어의 포인트로 완성하였습니다. *주요시공 : 목공 침대 프레임, 곡선형 우물천장, 간접조명 가족이 함께 즐기는 분위기 가득한 취미방 입니다. 발코니 확장소쪽에는 목작업으로 제작한 평상을 만들어 다같이 즐기는 영화관 분위기로 꾸몄습니다. 아치형 게이트가 있으므로 별도 분리된 공간처럼 느낄 수 있는 공간입니다. 한쪽벽에는 한샘 유로 팬트리장을 시공하여 영화를 볼때 즐길 수 있는 스낵류를 보관할 수 있고 메인등 대신 간접조명을 시공하여 아늑한 분위기가 느껴지는 공간입니다. *주요 시공 : 아치형 게이트, 목공형 평상, 간접조명, 유로 팬트리 별도로 조젝 젠다이를 만들어 실용성을 높이고 욕조부 벽면은 포인트 모자이크 타일로 포인트를 연출한 공용욕실 입니다. 거울과 수납역할을 같이 할 수 있는 은경 슬라이딩을 시공하였습니다. *주요시공 : 조적 젠다이, 모자이크 타일, 은경 슬라이딩장",0.6601321697235107,0.6452234387397766
"아이들이 있는 가족 집에서 따뜻하고 편안한 분위기를 만드는 데는 다양한 요소가 필요합니다. 먼저, 거실과 발코니를 연결하는 거실 우물 천장 시공은 공간의 개방감을 높이고, 밝은 조명과 함께 더욱 밝고 환한 분위기를 조성합니다. 우드 톤 강 마루는 따뜻한 느낌을 더하며, 베란다에서는 홈 카페를 즐길 수 있는 여유로운 공간을 제공합니다. 헤링보니 타일 발코니는 실내와 외부의 경계를 부드럽게buat in Korean.","화이트톤의 깔끔하고 화사한 주방이 눈에 들어옵니다. 주방공간은 상하부장과 아일랜드장으로 수납 공간을 확보했습니다. 벽면의 화이트톤 세로형 타일은 더 깔끔하고 깨끗한 느낌을 줍니다. 싱크 반대편에는 아일랜드에 인덕션을 설치했고, 한샘 엘리카제니스 후드를 설치해 한껏 고급스러운 느낌으로 주방이 시공되었습니다. 주방의 반대편 천장은 우물천장으로 시공해 식탁이 놓일 부분에 은은한 분위기를 연출했습니다. 화사하면서도 우드톤의 강마루가 따뜻한 느낌을 주는 거실입니다. 거실도 포인트로 우물천장 시공 및 LED등을 설치해 환하면서도 간접등으로 은은한 분위기를 연출해 부드러운 분위기의 거실로 시공되었네요 중문은 인디핑크 색상으로 양개도어 중문으로 시공했습니다. 양개도어라 더 넓고 개방감있는 느낌이 드네요^^ 골드손잡이로 포인트를 주어 따뜻하면서도 세련된 느낌을 가져다 줍니다. 현관장은 고객님들에게 인기가 많은 화이트 플랫장으로 시공되었고, 바닥은 마블의 폴리싱 타일을 시공해 고급스러운 현관으로 완성되었습니다. 현관등은 포인트등으로 너무 귀엽네요♥ 아이방은 개방감있도록 넓은 창은 그대로 두고, 연한 그레이 색상으로 벽면 도배를 진행했습니다. 바닥은 따뜻한 색상의 마루로 시공해서 아늑하면서도 은은한 분위기의 아이방이 완성되었습니다♥ 공용욕실을 먼저 보실까요? 벽면에 따뜻한 느낌의 포인트가 눈에 띕니다! 독특하면서도 따뜻한 느낌을 주는 욕실입니다. 큰 거울장을 설치해 수납공간을 마련했습니다. 안방욕실 역시 공용욕실과 비슷한 느낌으로 완성되었습니다 ^.^ 넓은 베란다 샷시는 필름시공을 진행했고, 바닥은 헤링본타일로 조명과 어울리는 고급스러운 느낌으로 시공되었습니다. 홈카페로도 제격인 공간이네요 '_'",0.6522628664970398,0.4563406705856323
"이번 인테리어는 46평 규모의 집을 깔끔하고 현대적인 스타일로 변신시킬 예정입니다. 거실에서는 터치블랙 컬러를 활용하여 고급스러운 분위기를 연출하며, 거실 한쪽 벽면에는 거실 아트월을 설치해 공간의 중심을 강조합니다. 테라조 타일을 이용해 바닥과 콘솔을 마무리하면 전체적으로 통일감 있는 모습을 갖추게 됩니다. 주방은 한샘 유로 터치블랙 라인 조명과 함께 히든 도어를 통해 접근성을 높이고, 건식 욕실은 휴판넬과 휴플로어를 사용해 실용성을 극대화합니다. 현관은 한샘 키친 제품들과 함께 한샘 유로 터치블랙 색상으로 일관성을 유지하면서도 시선을 사로잡는 매력을 발산합니다. 이러한 세부적인 디자인 요소들을 통해 이 집은 단순히 공간의 변화가 아닌, 거주자의 삶을 향상시키는 경험을 제공하게 될 것입니다.","명도가 낮은 회색으로 모던하게 연출한 가구는, 너무 어둡거나 밋밋해 보이지 않게끔 붓으로 칠한 듯한 질감의 유로 터치블랙 으로 시공했어요. 무광이지만 지문도 손때도 덜 타는 소재랍니다. 안방으로 들어가는 문까지 벽의 일부로 보이도록, 같은 재질의 필름으로 마감했습니다.",0.6590434908866882,0.6794264912605286
"송도 웰카운티의 54평형 아파트를 빈티지하면서도 현대적인 감각으로 꾸미려면, 첫 번째 단계로는 거실에서의 변화를 고려해보세요. 사하라 색상의 우물천정을 설치하여 공간을 더욱 넓게 보이게 하고, 한샘이 제작하는 마루와 라인조명을 사용하여 따뜻한 분위기를 연출합니다. 거실의 색감을 강조하기 위해 샷시리폼 창을 통해 자연광을 흘려보냅니다. 현관과 연결된 부분에서는 한샘이 제작하는 키친판넬과 터치그레이 색상의 도어를 적용하여 전체적인 빈티지 감성을 극대화합니다.

또한, 침실에서는 간접조명을 활용하여 부드러운 분위기를 만듭니다. 한샘 부엌의 라인조명과 함께 키친판넬을 사용하여 깔끔하고 현대적인 느낌을 줍니다. 아치게이트의 시공으로 창문 주변을 아름답게 장식하여 공간의 전체적인 조화를 이룹니다. 마지막으로, 키친과 현관에는 바닥타일을 사용하여 깔끔하고 현대적인 느낌을 유지하면서도 빈티지한 분위기를 살립니다. 이러한 요소들을 조화롭게 배치함으로써, 송도 웰카운티의 54평형 아파트는 빈티지하면서도 모던한 인테리어를 갖춘 아름다운 공간으로 변모할 것입니다.","거실 모든 창호들의 상태가 양호했기에 필름 리폼 시공으로 진행 했는데요, 해당 현장의 고객님께서는 일반적인 화이트 & 그레이톤의 색상도 좋지만 조금 더 중후하고 빈티지한 분위기를 선호한다고 하셨습니다. 때문에 거실 창호의 필름은 한샘 S205 컬러를 활용했고, 너무 칙칙한 분위기가 되지 않도록 아트월과 마루는 베이지 & 오크 계열로 마감을 해주었습니다. 주요자재 - 한샘 월플러스 <사하라> - 한샘 강마루 <리얼 라이트 오크> - 한샘 필름 <S205> 주방 주방과 복도로 이어지는 바닥은 기존의 타일을 재사용 했습니다. 타일이 화이트 베이지 톤을 띄고 있었기 때문에, 싱크대는 그와 대비되는 연그레이 톤의 터치 그레이 제품을 사용하여 고급스러운 분위기를 조성 했습니다. 도어의 붓터치 질감과 아치 게이트는 기존의 타일과도 잘 어우러지면서도 빈티지한 공간을 연출 합니다. 주요자재 - 한샘 키친판넬 <샌드스톤화이트> - 한샘 강마루 <리얼 라이트 오크> - 한샘 키친 <터치 그레이>",0.6890555024147034,0.6014036536216736
"미드센추리 모던 스타일의 인테리어는 깔끔하면서도 편안함을 느낄 수 있는 공간을 만듭니다. 거실에서는 호텔침대를 중심으로 한 간결하면서도 고급스러운 분위기를 연출하며, 아트월을 통해 작품 같은 장식성을 더해줍니다. 케이친에서는 아일랜드식탁과 바체어를 활용하여 요리를 즐기는 공간과 함께 친구들과 대화하는 공간을 구분합니다. 침실에서는 패브릭 소파와 한샘이나 알레의 소파를 사용하여 쾌적하고 편안한 분위기를 조성합니다.

거실과 드레스룸에서는 모듈 가구를 활용하여 공간 활용도를 높이고, 서재와 멀티룸에서는 미나식탁을 통해 다양한 용도로 활용할 수 있도록 설계합니다. 마지막으로 현관과 기타 공간에서는 간단하면서도 고급스러운 디테일을 살려 전체적인 조화를 이루게 합니다. 이러한 세부적인 요소들을 통해 미드센추리 모던 스타일의 집을 완성하게 됩니다.","주방은 블랙 손잡이가 함께 있는 월넛컬러의 하부장을 활용하여 포인트를 주었습니다. 더욱 깔끔하고 개방감 있는 공간을 위해 따로 식탁을 배치하지 않고 아일랜드 식탁과 바체어로 구성하였습니다. 깔끔하면서도 곳곳의 포인트가 돋보이는 안방 침실입니다. 낮은 헤드보드의 침대 프레임을 선택했습니다. 안방 벽의 아트월을 살리면서 동시에 넓은 공간감을 주는 제품입니다. 안방 옆 공간에는 파우더룸과 안방 화장실이 있습니다. 들어가는 입구에 중문을 설치하였고, 침실과 파우더룸공간을 구분지어 깔끔하게 보이도록 했습니다. 서재이자 다이닝공간 으로 꾸민 작은방입니다. 주방에 따로 식탁을 두지 않았는데요, 작은방에 큰 테이블을 배치하여 다이닝 공간으로도 충분히 활용할 수 있습니다. 테이블 뒷편으로 서랍장과 책장을 배치하였고, 컬러감 있는 아이템을 활용하여 공간을 구성했습니다. 집의 첫 공간, 현관입니다. 갤러리에 온듯한 감각적인 분위기로 연출했습니다. 신발을 신고 벗을 때 앉아서 편하게 사용할 수 있도록 벤치를 설치하였고 벤치 옆으로 팬던트 조명을 달아 주었습니다. 벤치의 하부조명으로 더욱 고급스러운 분위기를 연출시켜줍니다.",0.7068246603012085,0.7323734164237976
"25PY 인천시 포레시안 아파트의 신혼부부를 위한 공간은 무드화이트 색상으로 통일된 시스템장과 빈스포크 가구가 조화를 이뤄 매력적인 분위기를 연출합니다. 특히 ㅡ자부엌은 효율적인 공간 활용성을 제공하며, 삼성 가전 제품들은 깨끗하고 세련된 느낌을 더합니다. 드레스룸에서는 붙박이장과 중문이 함께 사용되어 개인적인 물건을 안전하게 보관할 수 있습니다. 복도와 현관은 다운라이트와 보조조명이 조화를 이뤄 따뜻한 분위기를 만듭니다. 거실과 침실은 플랫화이트와 매트화이트 컬러의 조화로 깔끔하고 정갈한 분위기를 연출하며, 화장대는 실용적이면서도 미니멀한 디자인으로 공간을 아름답게 장식합니다.",현관문을 열고 들어오면 가장 먼저 반기는 현관의 모습입니다. 중앙이 오픈된 행잉형 현관장 으로 냄새를 없애줄 방향제와 가족사진 등을 올려두고 하단에는 자주 신는 신발을 놓아두어 편리성을 더했습니다.,0.6622658967971802,0.4030090868473053
"광주 금호동의 중흥아파트에서 24평 규모의 집을 최소 예산으로 꾸미는 것은 조금 어려울 수 있지만, 적절한 계획과 디자인으로 이를 가능하게 할 수 있습니다. 현관에서는 화이트와 그레이 컬러를 기본으로 한 톤 다운된 색감을 적용하여 전체적인 분위기를 깔끔하고 고급스럽게 만듭니다. 거실은 3연동 중문을 사용하여 공간을 유연하게 활용할 수 있게 만듭니다. 이 중문은 필요에 따라 분리하거나 합치는 것이 가능하여 다양한 생활 패턴에 맞춰 공간을 조절할 수 있습니다.

침실에서는 간소한 디자인의 베드와 코스터를 중심으로 하여 포인트를 주는 것이 좋습니다. 침실의 빛을 극대화하기 위해 유리 파티션을 설치하여 통유리문처럼 공간을 연출합니다. 이렇게 하면 작은 공간에서도 여유와 개방감을 느낄 수 있습니다.

키친에서는 실용성을 중시하면서도 미적 감각을 살릴 수 있도록 고려합니다. 키친 도구와 용품들을 잘 정돈해 두고 필요한 것만 노출되도록 하면 공간이 더욱 깔끔해 보입니다. 드레스룸은 기본적으로 필요한 옷과 물건들을 정돈하는 데 초점을 맞추되, 작은 수납공간을 추가하여 다양한 용도로 사용할 수 있게 합니다.

욕실은 기본적인 설비를 최적화하며 공간 활용도를 높이기 위해 다양한 수납공간을 마련합니다. 발코니는 식물이나 작은 테이블 등을 배치하여 외부 휴식공간으로 활용할 수 있습니다. 마지막으로, 현관과 기타 공간에서는 청결함을 유지하면서도 따뜻한 분위기를 느낄 수 있도록 포근한 조명을 배치합니다.","[현관 시공 제품명] - 중문: 초슬림 3연동 중문 - 현관장: 수퍼 플랫화이트 좁은 24평 현관 파티션에는 유리를 설치해 개방감을 더하고, 가벽은 화이트 컬러로 필름 작업을 했습니다. 중문은 프레임이 얇은 그레이 초슬림 3연동 중문을 시공해 톤을 맞췄습니다! [입구방 시공 제품명] - 시스템장모델: 바흐그레이 입구방은 옷이 많은 고객님을 위해 시스템장을 꽉 채워 시공했습니다. 가운데에는 악세사리를 수납할 수 있는 아일랜드 악세사리장을 시공해. 드레스룸의 로망을 실현시켜드렸습니다. 한샘의 바흐드레스장은 리얼 우드 느낌의 엠보 PP 표면재를 사용한 프리미엄 제품으로, 다양한 옵션이 있기 때문에 고객님들이 원하는 드레스룸을 연출할 수 있습니다! *주요 시공: 시스템장, 아일랜드수납장 안방 내창은 필름작업을 하고, 깔끔한 화이트 벽지와 그레이톤의 장판으로 군더더기 없는 공간을 연출했습니다. 방문 위쪽엔 LED등을 시공해 기상 시 바로 시간을 확인하는 고객님에게 편리함을 더해 주었습니다. [발코니 시공 제품명] - 반침장 도어: 플랫화이트 발코니 양쪽에는 반침장을 시공해 수납의 부족함을 해결했습니다.",0.6682700514793396,0.63276207447052
"프렌치 모던 스타일의 인테리어는 고급스러움과 편안함을 동시에 느낄 수 있도록 디자인됩니다. 먼저 거실에서는 매립 조명과 펜던트 조명을 활용하여 공간의 분위기를 조성합니다. 카우치 소파를 배치하여 편안한 휴식공간을 만듭니다. 침실에서는 빌트인 옷장과 파우더 룸을 설치하여 공간을 효율적으로 사용합니다.

거실과 침실 사이에는 아치형 가벽을 설치하여 공간을 분리하고, 여닫이 중문과 스윙 중문을 통해 공간을 유연하게 조절할 수 있습니다. 키친에서는 아일랜드 형태의 주방을 선택하여 부엌과 식당을 분리하며, 스타일러와 함께 사용하면 더욱 세련된 느낌을 줍니다.

현관과 드레스룸에서는 터치 기술을 적용한 현관고장과 빌트인 옷장을 설치하여 공간 활용성을 높입니다. 마지막으로 욕실에서는 샤워부스와 파우더 룸을 비롯해 조적욕조를 배치하여 편안함을 느낄 수 있도록 설계합니다. 전체적인 인테리어는 터치 그레이와 그레이 타일을 사용하여 일관된 모노톤 스타일을 연출합니다.","넓은 현관에 수납장을 많이 넣고 수납공간을 넓혔으며 스타일러를 입구에 넣어 먼지와 탈취를 제가 할 수 있게 되었네요 현관은 블루톤에 여닫이 중문 빛에 따라 색을 달라 보이는 매력이 있는 스타일 중문으로 외부와 내부를 분리했으며, 화이트 벽에 기존의 문을 없애고 다용도 공간으로 갈 수 있게 오픈 형태로 만들었어요. 모노톤의 모던한 주방으로 디자인했으며 복잡하지 않은 디자인으로 진행했어요. 오픈형 주방 조리공간과 개수대를 아일랜드 쪽으로 두었어요. 식탁 위에 펜던트 조명으로 과하지 않으면서 고급스러운 조명으로 설치해 분위기를 내었어요. 욕실 입구 긴 형태의 구조 세면대,  변기, 욕조 순으로 된 공간 문을 열면 인상 깊은 그림이 모던한 그레이톤에 밝게 좋게 해주었어요. 세면공간을 입구쪽 두고 손씻기가 편하게 되었고, 컬러 도기를 사용하여 포인트를 줬어요. 회색조 타일과 깔끔한 조명거울로 모던한 스타일을 구성했어요. 안방은 조명을 많이 두지 않아 아늑함을 주는 공간으로 표현되었어요. 드레스룸으로 들어가는 공간 양쪽으로 드레스룸으로 구성했어요. 안방 욕실은 파우더룸을 화장실 쪽으로 옮겨와서 고급스럽게 다크그레이와 우드로 구성한 모습이에요.",0.6972266435623169,0.7243584394454956
"대림 우성1차 아파트의 30평 거실과 식당을 연속으로 꾸미려면, 먼저 전체적인 테마를 결정해야 합니다. 이 경우 모던한 스타일을 선택하면 세련되고 현대적인 분위기를 느낄 수 있습니다. 커튼이나 천장 조명을 활용하여 공간의 높이를 강조하고, 큰 유리창을 통해 자연광을 최대한 활용해 보세요. 식당 부근에 있는 다이닝 루프는 편안하면서도 눈길을 끄는 디자인을 가진 의자와 테이블을 선택해 보세요. 

주방은 붙박이장을 활용해 콤팩트하게 구성하는 것이 좋습니다. 이는 아파트의 크기에 걸맞게 효율적으로 사용되며, 필요한 도구와 식품을 안전하게 보관할 수 있게 해줍니다. 또한, 편안한 드레스룸을 만드는 데 필요한 공간을 확보하기 위해 침실의 일부를 활용할 수도 있습니다. 마지막으로, 현관은 단순하면서도 깔끔한 디자인이 어울릴 것입니다. 이러한 방식으로 각 공간이 서로 조화롭게 어우러지면서도 독립성을 유지할 수 있을 것입니다.",다이닝룸 깔끔한 화이트 컬러공간으로 나만의 카페공간 활용할 수 있도록 설계함 홈파티를 자주하는 고객님을 위한 맞춤제안 서재 코로나로 인하여 자택근무를 하는 고객님을 위한 공간으로 제안 주방 녹색의 컬러감으로 집안의 포인트 공간으로 제안 신상품 무드그린으로 생동감있는 주방구현하였습니다. 11자 주방으로 좁은 주방을 효율적으로 사용할수 있도록 구현,0.667788028717041,0.7644724249839783
"우리 집으로 가요! 넓은 싱글 하우스에서 홈파티를 즐길 준비가 되셨나요? 거실에는 넓은 식탁을 배치해 손님들을 맞이할 준비를 하세요. 소파 테이블도 함께 설치하여 더 큰 공간을 활용할 수 있게 됩니다. 바깥 풍경을 더욱 아름답게 보여주는 빈치엘 시스템과 드레스 룸에서는 유로 502 네스트 오크를 선택하여 공간을 최대한 활용할 수 있습니다. 주방은 유로 모노 주방을 고르면 깔끔하고 현대적인 분위기를 연출할 수 있어요. 식탁은 1700mm 길이의 일로식탁을 사용하면 6인분까지 모시는 것이 가능합니다. 책상은 비대칭 책장을 통해 공간 활용도를 높일 수 있고, 싱글 침실은 호텔스위트처럼 여유롭고 편안한 휴식을 제공하는 티타임 쿠션형 등받이 의자를 배치해보세요. 이 모든 요소들이 조화롭게 어우러져 완벽한 홈파티를 위한 공간을 만듭니다.","여러 사람이 모였을 때, 식사와 대화 등 활동의 주 공간이 되는 식탁이 거실의 중심이 되도록 연출했습니다. 식탁의 위치가 다이닝 공간과 바로 이어져 있어 바로 요리한 음식을 나르기 편리한 구조입니다. 수려한 애쉬 원목의 결이 돋보이는 일로 식탁 세트는 의자의 등받이와 좌판이 쿠션형으로 되어있어 소파와 같은 안락함을 느낄 수 있습니다. 우드와 그레이 컬러로 조합한 미니멀한 디자인이기 때문에 넓은 공간의 무게 중심을 잡아주어 깔끔한 거실 겸 다이닝 공간을 연출할 수 있습니다. 드레스룸에는 공간에 따라 다양한 모듈을 조합할 수 있는 바흐 쉘빙 시스템을 사용했습니다. 벽 라인을 따라 오픈 행거와 수납장을 연결하여 공간을 더욱 넓게 활용할 수 있습니다. 오픈형이기 때문에 바쁜 시간에 문을 여러 번 열어보면서 옷과 액세서리를 찾을 필요 없이, 한눈에 아이템을 확인하고 그날 코디 할 아이템을 고를 수 있습니다. 높이 조절 기능이 있어 상황에 따라 서서 사용하거나 앉아서 사용할 수도 있습니다. 바른 자세를 유지하고 몸의 균형도 잡아주어 오랜 시간 피로하지 않게 게임을 즐길 수 있을 거예요.",0.7050095796585083,0.7704877257347107
"중후한 우드톤으로 장식된 인테리어는 따뜻하고 안정감 있는 분위기를 만들어냅니다. 거실에서는 빌트인 TV장과 팬 엔코 실링 팬을 설치하여 공간을 더욱 깊게 느끼게 만듭니다. 침실에서는 유로 300 매그놀리아 향을 활용해 편안함을 더합니다. 아이방에서는 우드톤의 벽장을 통해 공간을 효율적으로 사용하며, 다이닝 룸에서는 우드 소재의 테이블과 의자를 선택하여 고급스러움을 표현합니다. 주방 드레스룸에서는 우드와 철의 조합을 사용해 실용성을 높입니다. 마지막으로, 욕실과 현관에서는 우드와 세련된 금속의 조화를 통해 전체적인 테마를 통일시킵니다. 이 모든 요소들은 모던한 감각을 유지하면서도 따뜻한 분위기를 제공하여 고객이 찾는 완벽한 편안함을 제공합니다.","거실 공간의 또 다른 포인트는 간접조명과 라운드형 마감으로 포인트를 준 한샘의 ""빌트인 라운드 엔드TV장"" 입니다. 별도의 목공 작업 없이 트렌디한 곡선 벽면을 연출할 수 있다는 점과 디자인뿐만 아니라 남는 공간 없이 아낌없이 수납을 채울 수 있다는 점이 매력적인 거실장입니다. 조명장과 함께 연출하면 낮에도, 밤에도 은은한 무드를 연출하실 수 있습니다! 또한 조명형 실링팬 을 천장에 설치했는데요, 휴양지에 온 듯한 분위기를 연출해 주기 때문에 오브제처럼 공간에 활용하기 좋습니다. 또한 공기 순환에 탁월하기 때문에 실링팬 자체로 시원한 여름을 보낼 수 있고, 요즘 많이 설치하시는 시스템 에어컨과 함께 설치하신다면 더욱 시너지가 됩니다. 반대로 겨울에는 바닥 난방으로 인해서 열기가 공기를 위로 올려보내고 팬으로 순환이 되는 구조이기 때문에 단순히 보기에만 좋은 제품이 아닌 기능적인 측면까지 장점이 있습니다. 간결하지만 확실한 포인트, 라인조명 최근 미니멀한 인테리어를 선호하시는 분들이 늘어났습니다. 미니멀한 인테리어의 간결한 여백의 미, 이 한 끗을 결정하는 포인트는 바로 조명입니다. 공간의 용도에 맞는 조명의 형태, 색온도를 충분히 고민하신다면 오래 보아도 질리지 않는 세련된 공간을 연출하실 수 있습니다. 거실 공간과 연결감을 주는 주방 공간 거실 공간에 포인트로 사용한 우드 필름과 디자인적 연결감을 주기 위해 주방의 메인 도어는 한샘의 ""유로 300 매그놀리아"" , 포인트로는 같은 라인의 "" 유로 300 오리진 애쉬월넛"" 라인을 사용했습니다. 이 두 가지 색상을 믹스매치하면 부드럽고 차분한 주방 공간을 연출하실 수 있어 추천드리는 조합입니다. 앞서 거실 공간에 사용했던 "" 유로 300 오리진 애쉬월넛"" 색상을 다이닝공간 키큰장에는 메인으로 사용했습니다. 거실, 주방, 다이닝룸이 유기적으로 연결되면서 은은하지만 세련된 무드를 연출합니다. 또한 은은하고 미니멀한 느낌을 연출하기 위해 메인등 없이 2인치 다운라이트만을 사용했습니다. 조명의 경우 공간의 용도에 맞게 구성하는 것이 중요합니다! 넓은 벽면을 모두 높은 키큰장으로 채운다면 수납공간은 확보되지만 자칫 답답해 보일 수 있습니다. 하부장과 키큰장을 적절히 활용하여 수납과 디자인을 모두 챙긴 디자인으로 설계했습니다. 다이닝룸에 설치한 중문으로 보이는 거실, 부엌 공간이 마치 스튜디오에 온 듯한 매력적인 분위기를 연출합니다. 붙박이장으로 확보한 편리한 동선 한샘의 "" 시그니처 붙박이장 인피니 화이트"" 를 사용한 안방 공간입니다. 기존 침실에서 화장대 공간은 어떻게 사용하고 계시나요? 한샘 붙박이장의 경우 다양한 수납 모듈은 물론 파우더장과 연결해서 설계할 수 있기 때문에 바쁜 아침, 피곤한 저녁에 편리한 동선은 물론 깔끔한 디자인과 수납 모두를 챙기실 수 있습니다. ""시그니처 붙박이장"" 의 경우 다양한 수납 모듈은 물론 내부에 조명까지 설치가 가능하기 때문에 실용적이면서 동시에 오브제와 같은 효과까지 연출합니다. 안방과 드레스룸 공간 사이에는 한샘의 ""유닛 슬라이딩 중문"" 을 사용했습니다. 드레스룸 내부는 ""바흐 드레스룸"" 을 사용해 넓지 않은 공간도 빈틈없이 최적하하여 수납할 수 있게 연출했습니다. 간살 중문이 주는 동양적이고 중후한 매력이 돋보이는 공간입니다. 안방과 연결된 드레스룸 같은 공간은 문을 아예 닫거나 열고 사용하기 애매하기 때문에 이러한 공간에 중문을 사용하시면 용도와 필요에 따라 공간을 편리하게 사용하실 수 있습니다! 한샘의 빌트인 장으로 창의력을 키우는 아이 방 가족 구성원이 늘어나고, 특히 어린 자녀가 있으신 분들은 아마 수납공간이 가장 큰 고민이시지 않을까 싶은데요. 한샘의 ""빌트인장"" 과 ""베이직 붙박이장"" 을 따로, 또 함께 연출하신다면 옷과 잡동사니, 책등을 보다 더 효율적이고 깔끔하게 수납하실 수 있습니다. 효율적인 수납과 공간 분리 한샘의 ""침대장 ""과 ""서재 연결형 책상"" 을 사용해 효과적인 공간 분리 효과를 준 서재 공간입니다. 작업과 휴식의 밸런스를 한 공간에 녹일 수 있다는 장점이 있습니다. 오래 보아도 질리지 않는 깔끔한 화이트 우드 인테리어로 연출하면서 차분하고 안정적인 느낌을 주는 서재 공간입니다.",0.6871440410614014,0.616607129573822
"풍암동 현대삼환 아파트에서 36평 규모의 공간을 최적화한 인테리어를 설계했습니다. 첫 번째 인상은 현관입니다. 흰색 매트화이트가 어우러져 깨끗하고 고급스러운 분위기를 연출합니다. 현관에는 신발장을 배치하여 공간을 효율적으로 활용하며, 간결하면서도 실용적인 디자인을 강조합니다.

거실은 오픈형으로 설계되어 전체 공간을 통일감 있게 만듭니다. 세라믹식탁과 소파가 둘러앉혀 있어 가족들과 친구들이 함께 시간을 보내기에 적합합니다. 벽면에는 넓은 책장이 위치해 있어 다양한 책들을 보관하고 접근하기 쉽도록 했습니다. 이 책장은 거실을 더욱 깊게 만들어 공간의 크기를 늘리는 효과도 있습니다.

드레스룸과 옷방은 붙박이장을 설치하여 공간을 최대한 활용합니다. 에어드레서와 함께 사용하면 옷의 관리를 더욱 편하게 할 수 있습니다. 아이방은 딸방과 아들방을 나누어 두어 각자의 개성을 표현할 수 있도록 설계하였습니다. 책상과 화장대는 아이들의 학습공간과 생활습관을 위한 공간으로 마련되었으며, 충분한 서랍장과 캐비넷으로 아이들의 물건을 정돈할 수 있도록 돕습니다.

주방은 세라믹식탁을 중심으로 설계되어 주방 인테리어의 중심을 이루며, 기능성과 실용성을 갖추고 있습니다. 발코니는 보조주방으로 활용되며, 식물이나 텃밭을 만드는 공간으로 활용될 수도 있습니다.

마지막으로, 욕실은 화장실과 함께 설계되었습니다. 화장실은 넓은 거울과 흰색 매트화이트를 통해 더욱 넓고 밝게 느껴지게 만듭니다. 욕실에서도 최적의 공간 활용을 위해 세부적인 요소들을 신경 쓰면서도 통일감 있는 디자인을 유지하였습니다.","안방(침실) 풍암동 현대삼환 고객분께서는 안방에 붙박이장을 넣지 않겠다고 하셨습니다. 붙박이장 대신 메인 TV를 배치하기에, 인터넷 선과 각종 콘센트를 이설해드렸습니다. P.S. 보통 안방 붙박이장 쪽에는 인터넷 선이 없기에, 랜 케이블 이설 작업이 필수 깔끔하게 스탠드형 TV와 화장대를 배치한 안방. 답답하지 않고, 모던한 안방 침실이 완성됐습니다. 또한 커튼 박스에 간접조명을 시공했는데요. 밋밋하고 어두울 수도 있는 커튼 쪽을 은은하게 분위기를 잡아줍니다. 커튼을 타고 내려오는 예쁜 빛이 부부의 금슬을 좋게 만들 것입니다. * 주요 시공 : 콘센트 및 랜 케이블 이설 작업, 커튼 박스 쪽 간접 등 박스 발코니(주방) 주방 발코니를 확장을 했음에도 불구하고, 드레스룸 쪽 발코니 공간은 넉넉했습니다. 풍암동 현대삼환아파트는 발코니 끝부분에 안쪽으로 매립된 공간이 있는데요. 길이가 드럼세탁기 건조기 타워형이 들어갈만한 사이즈로 딱입니다. 어린 자녀 때문에 마련했던, 작은 통돌이 세탁기도 앞에 아기자기하게 자리 잡았어요. 발코니 문을 열면 맨발에 물이 묻지 않도록, 바닥 단 올림 시공을 해드려서 이 또한 감동 포인트가 됐습니다. * 주요 시공 : 발코니 바닥 단 올림, 탄성 코팅(페인트)",0.6546840071678162,0.5331459045410156
"강남구 수서의 한아름 아파트 46평은 큰 다이닝 공간을 만드는 데 적합한 공간입니다. 다이닝 공간을 더욱 넓게 느끼게 하기 위해 투명한 3연동 중문을 사용해 보세요. 이 중문은 필요에 따라 다이닝 공간을 거실과 분리하거나 연결할 수 있어 공간 활용도를 높입니다. 다이닝 공간은 화이트 인테리어를 선택하여 밝고 깨끗한 분위기를 연출할 수 있습니다. 붙박이장을 추가하면 식탁 뒤쪽에 넉넉한 수납공간을 제공합니다. 특히 한샘 붙박이장은 디자인이 깔끔하고 실용성이 뛰어납니다.

거실은 모던한 스타일을 유지하면서도 편안함을 더해주기 위해 편안한 소파와 크래프트 테이블을 배치해 보세요. 자녀방에서는 안방인테리어를 적용하여 자녀들이 편안하게 생활할 수 있도록 안방수납을 고려해 보세요. 또한, 주방 인테리어는 아일랜드 후드를 설치하여 효율적인 요리 공간을 만듭니다. 한샘 바스와 한샘 욕실, 한샘 타일, 한샘 타일욕실은 깔끔하고 현대적인 느낌을 줄 것입니다.","주방 주방은 메인주방 공간과 다이닝 공간을 분리하여 더욱더 넓은 주방으로 사용이 가능합니다. 요리하는 공간, 식사하는공간을 나눌 수 있어 공간활용이 용이합니다. *주요시공: 주방시공, 다운라이트 시공* 안방 안방 한쪽 면을 붙박이로 채워 수납공간을 극대화 시켰고, 맞춤 수납장으로 천고 까지 깔끔한 마감을 지어 공간이 더 넓어보이도록 연출 하였습니다. *주요시공: 한샘 맞춤 붙박이장* 자녀방 자녀방은 곳곳이 벽박이장 공간이 있어 방마다 수납이 가능합니다. 30평대에서 보기 힘든, 방에 붙박이장, 침대, 책상까지 모두 들어갈 수 있는 공간입니다. *주요시공: 붙박이장* 욕실 한칸은 타일욕실, 한칸은 한샘바스로 두가지 다른 느낌을 받을 수 있는 공간으로 연출 하였습니다. 600각은 태형타일로 고급스러운 느낌, 한샘 바스는 대형 판넬로 깔끔함을 연출 하였습니다. *중요시공: 타일시공, 한샘바스*",0.7048861980438232,0.786334753036499
"광진구 구의 현대2단지 타워형에서의 인테리어는 전체적인 분위기를 고려하여 설계되었습니다. 거실에서는 밀란100 무드베이지 컬러를 적용하여 시크하면서도 편안한 분위기를 조성하였습니다. 침실에서는 무드베이지한샘의 붙박이장과 빗각주방의 빗각을 활용하여 깔끔하고 효율적인 저장공간을 만들었습니다. 키친에서는 세라믹코트 타일을 사용하여 반침장의 실용성을 높였습니다. 또한, 한샘 바스터치 아이보리은 경슬라이딩 상부장을 설치하여 욕실은 깔끔하고 현대적인 분위기를 연출하였습니다. 발코니와 현관은 간소하게 처리하여 전체적으로 통일감 있는 디자인을 완성했습니다. 이와 같은 방식으로 전체적인 인테리어를 진행함으로써 7천만원 이상의 예산을 효과적으로 활용하였습니다.","# 현관, 중문 1. 중문 신설로 세균, 소음, 온도에 대한 1차 방어와 프라이버시 공간 확보 가능 2.  바닥에 600X600 타일을 설치하여 현관을 넓게보이는 효과를 주었습니다. 3. 바닥부터 현관 천장 높이에 딱 맞는 사이즈의 맞춤수납을 배치하여 시원한 비례미로 같은 공간도 높고 넓어보이는 효과를 주었습니다. # 거실 1. 수납공간 확보를 위해 빌트인 서재장 완성 2. 미디어, 책, 운동.. 등 가족의 다양한 취미를 함께할 수 있는 공간 # 방 1. 가족의 라이프스타일에 맞는 필요로 채워진 빌트인 - 붙박이장 2. 필요(용도)에 따라 선택의 폭이 넓어 실용적인, 한샘 수납장 # 발코니 올림픽대교와 한강을 한눈에 내다볼 수 있는 뷰 맛집 - 햇살이 잘 드는 우리집이라 발코니 활용성을 높이면 집이 더 넓어집니다.",0.6757341027259827,0.6892008781433105
"신혼집 인테리어를 계획하면서 스타일과 휴식을 모두 잡으려면, 먼저 거실은 심플거실이나 노르디크 소파를 선택하여 현대적인 분위기를 만드세요. 이는 코너에 놓으면 공간을 최대한 활용하며, 편안함과 편리성을 제공합니다. 또한 골드 포인트 협탁을 배치하면 공간에 고급스러움을 더할 수 있습니다.

다음으로 침실은 유럽풍침실을 연출하기 위해 프랜치 화이트 소파와 클래식 협탁을 선택하세요. 이들은 부부만의 시간을 즐길 수 있는 여유로운 분위기를 조성하는데 도움이 됩니다. 침실에는 한샘 머랭 소파와 1인 소파를 추가하면 편안한 휴식 공간을 만드는 데 도움이 될 것입니다.

주방은 한샘 화이트 주방 리모델링을 통해 깨끗하고 깔끔한 느낌을 유지할 수 있으며, 터치 화이트와 유로 604 시리즈 가구를 통해 세련된 분위기를 연출할 수 있습니다. 드레스룸은 아이보리 소파와 패브릭 소파를 사용하여 실내 전체의 테마를 일관되게 유지하며, 계절 옷 수납을 위한 이불장과 차 한잔을 즐길 수 있는 공간을 마련해 주는 것이 좋습니다.

마지막으로, 전체 공간은 키친과 드레스룸, 거실 등에서 유럽풍 테마를 적용하여 일관성을 유지하는 것이 중요합니다. 이러한 요소들을 결합하면 1천만 원대 내에서 스타일과 휴식을 모두 갖춘 아름다운 신혼집을 완성할 수 있을 것입니다.","목동 목동신시가지7단지 27평 A형입니다. 방2개와 욕실1개로 이루어져 있는 집인데요, 거실 겸 침실방의 미닫이 문을 허물고 분리되어 있던 거실과 다이닝 공간을 연결하여 확장하였습니다. 야근하고 지쳐서 돌아왔을 때, 서로 기대어 쉴 수 있는 거실을 생각했어요. 따뜻한 차를 마시며, 좋아하는 TV 프로그램 재방송을 보며, 편안한 소파에 앉아 둘만의 거실에서 여유를 찾아보세요. “가볍게 와인 한 잔 즐기는 다이닝” 다이닝은 거실의 화이트와 그레이 톤을 그대로 가져오면서 화사한 느낌으로 연출하였어요. 저녁시간에 와인을 살짝 곁들이고 싶은 분위기가 자연스럽게 연출돼요. 안방은 신혼부부 분들께 인기가 많은 유로 604 프렌치화이트 침실 세트로 구성하였어요. 화사한 밀크화이트에 골드 포인트 등 프렌치 무드의 디자인 디테일이 돋보이는 시리즈로 아기자기하고 개성있는 디자인 소품과 잘 어울려요. 부부가 함께 침대에서 누워 쉬면서 좋아하는 책을 읽거나 스마트폰을 보는 등 각자의 일에 집중할 수 있도록 침대 양쪽에 협탁을 배치했어요.",0.6796076893806458,0.6272778511047363
"분당구 이매 청구아파트의 32평 인테리어는 현대적인 감각과 편안함을 극도로 반영하였습니다. 먼저 거실은 한샘 샷시와 강마루를 사용하여 자연스러운 분위기를 연출하였고, 실크 벽지는 고급스러움을 더했습니다. 거실등은 한샘 트리플거실등을 설치하여 밝고 쾌적한 조명을 제공하였습니다. 또한 거실 확장공사는 공간 활용성을 높여 주었습니다. 침실은 한샘 수납장과 한샘 붙박이장을 설치하여 깔끔한 느낌을 주었으며, 한샘 화장대는 실용성과 디자인을 동시에 갖추었습니다. 주방은 한샘 유로 주방으로 매트화이트와 루체오크 컬러를 적용하여 깔끔하고 현대적인 분위기를 연출하였습니다. 마지막으로 욕실은 타일욕실로 포세린 타일을 사용하여 간결하면서도 고급스러운 분위기를 조성하였습니다. 각 공간에 맞는 간접 조명과 유로 조명을 설치하여 전체적인 조명 효과를 극대화 시켰습니다.","주방 공간이 생각보다 좁았기에 가능한 범위 안에서 최대의 효율을 낼 수 있는 배치로 상담하고 시공하였습니다. 수납과 조리공간을 확보하며 활용도 높은 주방을 만들어 드렸고, 한샘 유로200 루체오크 하부장과 유로100 매트화이트 상부장을 구성하여 포인트를 주어 고객님이 좋아하시는 공간으로 만들어드렸습니다. 안방 건너방도 확장을 하며 공간을 넓게 쓸 수 있도록 시공하였습니다. 확장을 하였기에 단열을 꼼꼼하게 하여 시공하였으며, 조명의 경우 고객님의 니즈에 맞춰 간접조명을 배치하여 시공하였습니다. 샤워부스 안쪽에 한샘 유로라인 간접조명을 설치하여 따뜻하고 세련된 욕실을 완성해 드렸습니다. 설비부분은 이동하지 않으면서 대리석 세면대를 설치하여 세련됨을 더해드렸습니다.",0.7171612977981567,0.6512078642845154
"우리 집을 유럽의 클래식한 주택으로 꾸미려면, 첫 번째로 웨인스코팅과 함께 한샘 커튼을 활용해 부엌 블라인드와 침실 창문을 장식할 수 있습니다. 거실과 다이닝 루마니아를 위해 멋지게 어우러지는 투명 테이블과 키친 바흐를 배치하면 더욱 세련된 분위기를 연출할 수 있습니다. 드레스룸과 서재를 위한 한샘 수납은 옷방 러그와 빌트인 화장대를 통해 필요한 물건들을 깔끔하게 정돈할 수 있게 해줍니다. 특히, 클래식한 스타일의 벽조명과 아치형 문을 통해 공간의 분위기를 더욱 돋보이게 만들 수 있습니다. 마지막으로, 편안함을 추구하는 침실에서는 한샘 매트리스와 조적을 선택하여 편안한 잠자리를 제공할 수 있으며, 플랜테리어를 통해 식물들이 생기를 더해줄 것입니다. 이러한 아이템들은 전체적인 인테리어 스타일을 강화하고, 클래식하면서도 현대적인 감각을 담아낼 수 있도록 도와줄 것입니다.","#디자인 포인트 -우물천장 -조명 세분화 -대리석 장식장, 거실장 원베일리는 조망권,일조량 이 매우 좋은 아파트인데요 특히 112K타입 은 거실에 창문이 ㄱ자로 야외테라스 가 있는 타워형 구조 이기 때문에, 이런 요소를 잘 활용해 장점이 더 돋보이는 공간 으로 설계하는 것을 포인트로 잡았습니다. 웨인스 코팅 을 사용한 인테리어는 선이 볼드(bold) 한 제품이 많이 들어가기 때문에 천고가 높을수록 더 극대화 된 인테리어 효과를 줄 수 있습니다. 그래서 기존에도 2m50cm의 높은 천고를 가지고 있지만 우물 천정 을 이용해 천고를 더 높여주었습니다. 기존 아일랜드가 있던 공간에 대리석 타일을 사용한 장식장을 설치 해 모던한 고급스러움 을 한 스푼 더했습니다. 덕분에 다른 장식장을 설치하지 않아도 완벽한 집의 뷰포인트(viewpoint) 가 만들어졌습니다. 벽면에 웨인스 코팅과 조명을 이용해 클래식함 을 더하고 침대 헤드 프레임은 포인트 컬러인 네이비 의 패브릭 소재를 활용하여 클래식과 모던의 조화 를 이뤘습니다. 112K 타입에는 안방 뒤편으로 드레스룸 이 만들어져있는데요 문으로 열고 닫기보단 아치 게이트 를 형성해 동선의 효율성 과 곡선의 우아함 을 추가하고 커튼을 설치 하여 시각적으로는 패브릭의 따뜻한 느낌 을 주며 공간의 ON/OFF 역할 을 동시에 해결합니다. 침대 반대 편에는 나만의 시간 을 보낼 수 있는 책상을 배치 하여 간단한 업무를 충분히 해결할 수 있는 공간을 제안 드립니다. 남자라면 누구나 가지고 있는 로망 , 서재 입니다. 책상을 벽에 붙이지 않고 문을 바라고 있는 형태 인 대면 형식 으로 배치했는데요. 월넛컬러 와 스톤소재의 그레이 가 만나 고급스러운 품격 이 느껴지는 공간이 완성됐습니다. 한강 뷰와 배치가 더하니 고급호텔 에 있을 법한 서재가 됐습니다. 화장실은 모던하게 고급스러운 느낌을 내는걸 추천드립니다 거실에 사용한 동일한 대리석 타일을 활용해 집의 통일감 을 더했습니다.",0.6842808723449707,0.6623415350914001
"모노톤 인테리어를 적용하여 풍덕천동 성지아파트의 60평 주택을 꾸미려면, 먼저 거실에서 홈카페를 즐길 수 있도록 편안하고 넓어 보이는 공간을 만드는 것이 중요합니다. 그레이 컬러의 가벽을 사용하여 거실의 분위기를 조성하고, 흰색과 그레이 색상의 조합으로 깔끔하면서도 모던한 느낌을 살립니다. 주방에서는 한샘 빌트인 식당장을 활용하여 주방 공간을 효율적으로 활용하며, 밝은 그레이 타일을 사용한 욕실은 포인트거울을 통해 더욱 넓어 보이는 효과를 줍니다. 베란다에는 비치백과 여분의 의자 등을 배치하여 카라라 화이트 컬러의 테이블 위에 커피를 마시는 곳으로 활용할 수 있습니다. 드레스룸에서는 다양한 옷걸이와 쇼파를 설치하여 깔끔하면서도 다양한 용도를 갖춘 도구실로 활용할 수 있습니다. 마지막으로 현관은 조명과 거울을 이용해 더욱 밝고 깔끔하게 꾸밀 수 있으며, 밝은 조명 아래에서 거울을 활용하면 공간이 더욱 넓어 보입니다.","눈에 띄는 널찍한 중문은 한샘 밀란 여닫이 중문으로 고객님들께 꾸준히 사랑받고 있는 모델입니다. 큼직한 문은 개방감을 더해줍니다. 복도에는 매립등으로 환한 분위기를 더해줍니다. 거실은 베란다 확장시공을 통해 더욱 넓은 공간으로 완성되었습니다. 가벽은 한 거실에서도 공간을 분리할 수 있는 역할을 해서, 테이블을 두고 가족들이 도란도란 대화할 수 있는 홈카페 공간으로 꾸며도 정말 좋을 것 같네요♥ 조명은 매립조명과 간접등으로 복도, TV앞에 포인트를 줬네요! 주방으로 가는길인데요, 네모난 공간으로 주방이 보이네요^.^ 작은 틈새 공간이 거실과 단절되지 않도록 이어주는 역할을 해 주방 안쪽 다용도실 창과 연결되어 주방 공간이 더 넓어보이는 효과를 가져다 줍니다. 왼쪽에 보이는 수납장은 한샘 빌트인 식당장 마블색상으로 넓은 수납공간과 홈카페등 다양한 공간 활용이 가능한 장을 설치했습니다. 시원시원한 느낌이네요♥ 주방 안으로 들어오시면 ㄷ자 주방으로 넓게 활용할 수 있는 조리대와 가득가득 담을 수 있는 넓은 수납장이 눈에 띕니다. 바로 한샘 플랫화이트 주방이에요! 벽면은 한샘의 인기제품인 카라라화이트 키친판넬로 마블이 고급스러운 느낌을 더해 줍니다. 파우더룸도 하부장을 설치해 보다 많은 수납을 할 수 있도록 시공되었습니다. 볼록한 거울과 디자인등이 독특하고 매력적이네요. 깔끔한 화이트톤의 공간에 포인트로 딱입니다 :) 공용욕실과 안방욕실은 내부 인테리어와는 대비되는 그레이 색상을 사용하여 차분한 느낌을 주었습니다. 안방욕실은 좀 더 밝은 그레이색상의 타일을 시공, 거울조명을 사용해 더 밝은 느낌의 욕실로 시공했습니다. 다용도실은 샷시 필름과 타일 시공을 진행했고, 하부장을 설치해 수납공간을 마련했습니다. 주방에도 수납공간이 많아 물건이 많아도 깔끔한 주방과 다용도실이 상상되네요^^",0.6999187469482422,0.6905068159103394
"30년 된 구축 아파트를 새롭게 변모시키기 위해선 낡은 분위기를 잔잔하게 물들여주는 자연주의 스타일이 적합합니다. 현관에서부터 시작하여 낮은 신발장을 배치하면 작은 공간에도 편안함을 느낄 수 있게 됩니다. 매트화이트와 플랫 화이트 컬러의 빌트인 장비들은 시각적으로 공간을 넓어 보이게 만들어 줍니다. 중문 가벽은 실내 분위기를 더욱 세련되게 만듭니다. 주방에서는 쿨하고 깔끔한 레이디어 100 매트 화이트를 사용해 콘크리트 같은 느낌을 살려내며, 세탁실과 발코니에는 휴 판넬과 미러 도어를 활용해 공간을 더 넓게 느끼게 만듭니다. 침실과 서재/멀티룸에서는 아티 골드와 미ลาน 5 뉴트럴 브라운의 솔리드 상하부장을 설치해 깔끔하면서도 고급스러운 분위기를 연출합니다. 마지막으로 욕실은 한샘 바스 피에트라 휴 플로어와 한샘 빌트인 책장 및 책상 붙박이장을 통해 공간 활용성을 극대화합니다. 이 모든 요소들이 함께 어우러져 30년 된 아파트를 현대적이고 쾌적한 공간으로 변화시킵니다.","# 현관 1. 바닥에 600X600 타일을 설치하여 현관을 넓게보이는 효과를 주었습니다. 2. 바닥부터 현관 천장 높이에 딱 맞는 사이즈의 맞춤수납을 배치하여 시원한 비례미로 같은 공간도 높고 넓어보이는 효과를 주었습니다. 3. 중문가벽을 신설하면서, 시원한 가시성을 위해 반유리와 낮은신발장을 배치하였습니다. # 키친 1. 유로100 매트화이트 - 웜그레이의 편안한 화이트 컬러 - 도장느낌의 깨끗한 6면 엣지 마감 - 모던 깔끔한 채널도어 2. 많은 주방기기의 효율적인 배치 설계 완성 3. ㄷ자 설계와 다이닝공간(식탁) 연결 # 안방 1. 포인트 벽지를 활용한 인테리어 효과 극대화 2. 좁은 공간에 알맞은 슬라이딩 붙박이장 3. 나만의 공간을 위한 화장대 인테리어 tip. # 자녀방 - 빌트인 수납 1. 각자의 라이프스타일에 알맞은 효율적인 배치 설계 2. 자기만의 감성을 담은 벽지 인테리어 # 바스 1. 덧방시공으로 비용도 공정도 효율적인 한샘바스 2. 남성미와 고급스러움을 동시에 가진 '피에트라' 휴판넬의 디자인 3. 파우더룸을 대신할 아늑한 안방욕실 4. 블랙 / 골드 포인트로 생동감을 더한 바스 # 발코니 외부공간과 연결되어 결로현상을 방지할 수 있는, '세라믹 코트' 도장으로 새 공간으로 완성",0.6830202341079712,0.7000821232795715
"잠실우성아파트의 43평을 리모델링하면서 가장 먼저 철거해야 할 것은 기존의 구조와 시설입니다. 철거 작업은 안전하고 신속하게 이루어져야 하며, 이 과정에서 비즈는 최소화되도록 주의해야 합니다. 이후에는 거실과 다이닝룸을 연계하여 넓게 꾸미는데, 큰 크리스탈 라이트와 흰색 가구를 사용하여 모던한 분위기를 조성합니다. 자녀방에서는 부드러운 컬러와 밝은 조명을 통해 따뜻한 분위기를 만들며, 현관부분에서는 클래식한 팬트리와 붙박이장을 배치하여 실용성을 높입니다. 주방은 한샘 제품을 활용하여 깔끔하고 세련된 느낌을 살립니다. 마지막으로 욕실에서는 바스와 함께 방수 처리를 철저히 하여 내구성을 강화하며, 멋스러운 고Marvel스를 추가하여 공간의 가치를 더욱 높입니다.",이런식으로 기본공사로 뼈대를 잡아주고 뼈대가 다 잡히면 이제 꾸미는공사인 스타일공사로 넘어갑니다 ㅎㅎ 이제 현장 예상 이미지와 에프터 사진 보러 가실게요,0.6308959722518921,0.505855917930603
"마포더클래시 18평의 공간은 과감한 도발이라는 주제로, 현관부터 시작해 전체적인 인테리어를 시각적으로 뒤틀어 보여줍니다. 현관은 중문파티션 L형으로 구성되어 있어 입구에서 내부로 이동하는 동안 공간의 변화를 느낄 수 있습니다. 거실은 키친과 다이닝룸을 분리하지 않고 연속된 공간으로 만들었으며, 이를 위해 현관 바로 옆에 행잉형 테이블을 배치하여 공간을 더욱 넓게 만듭니다.

거실 한쪽에는 드레스룸이 위치해 있어, 작은 공간에도 효율적으로 활용되며 개인 공간을 유지할 수 있게 해줍니다. 발코니는 편안한 휴식 공간으로 변신, 소파와 탁자를 두어 여유로운 시간을 즐길 수 있도록 설계되었습니다. 이 외에도 공간의 다양한 부분에서 과감하고 모던한 아이디어가 적용되어 있어 전체적인 인테리어는 깔끔하면서도 독특한 분위기를 자아냅니다. 이러한 방식으로 18평 공간을 최대한 활용하며, 예산 3천만원대로도 가능성을 극대화하였습니다.",_ 현관 POINT + 바닥에 600x600 타일을 설치하여 넓은 공간감 + 행잉형 맞춤 수납을 통해 효율적인 공간 활용과 편리성 + 무광의 깔끔한 매트화이트 수납도어에 은은한 간접조명을 더한 모던한 공간연출 + 손잡이가 드러나지 않는 빗각 오픈형 현관장으로 미니멀한 인테리어 구현 + 세련되며 돋보이는 고급 3연동 중문으로 미세먼지 차단 및 단열 예방 _ 키친&다이닝 POINT + 3연동 중문과 결합된 L형 파티션 덕분에 요리하며 가능한 손님맞이 + 무광의 화이트 트레버틴 키친판넬로 고급스러움을 더함 + 키친바흐 사일런트 클린엠보 싱크볼로 식기 세척 소음의 최소화 + 열과 스크래치에 강한 밝은 무늬목 느낌의 유로700의 베일로 따스하며 내구성 강한 주방 연출 + 다이닝 공간과 아치형 가벽으로 분리하여 카페 분위기 연출 _드레스룸 POINT + 고급스런 재료와 마감이 돋보이는 바흐드레스룸으로 모던한 공간연출 + 우물천장과 간접조명으로 나만의 부티크샵 연출,0.6458225846290588,0.6223664879798889
"북구 화명동 코오롱하늘채1차의 35평 집은 넓지 않지만, 효율적인 공간 활용과 디자인으로 편안함을 찾을 수 있습니다. 먼저, 거실에서는 베이지와 그레이 컬러를 기본으로 하여 전체적인 분위기를 고요하고 우아하게 만듭니다. 포인트월과 아트월을 활용하여 공간의 주요 라인을 강조하며, 선조명을 설치하면 밝고 깨끗한 느낌을 줍니다. 거실의 수납을 위해 라인형 수납장이 필요합니다.

침실에서는 밝고 시원한 분위기를 연출하기 위해 텐트바보드와 한샘이 휴판넬을 사용합니다. 침대와 파우더장을 비롯한 빌트인장은 공간을 최대한 활용하면서도 공간이 협소해 보이는 것을 방지합니다. 또한, 욕실에서는 미가루버와 샤워부스, 한샘 휴판넬, 스프레이건 등을 통해 깔끔하고 깨끗한 느낌을 살crast

이어서 작성하겠습니다.
욕실 하부장과 해바라기 수전을 설치하여 실용성을 더해주며, 아치형 게이트는 공간을 더욱 아름답게 만들어줍니다. 

주방은 ㄷ자형으로 구성되어 있어 기능성을 극대화할 수 있으며, 키친 피트 빌트인과 아일랜드식 테이블을 통해 공간 활용도를 높입니다. 유로300 제타화이트와 레usra 라떼는 현대적인 분위기를 더해주며, 밝고 시원한 느낌을 연출합니다.

마지막으로, 전체 공간에서 곳곳에 위치한 거울과 조명은 공간을 더욱 넓고 밝게 만들어주며, 전체적인 분위기를 더욱 깔끔하고 모던하게 만듭니다. 이 모든 요소들이 조화를 이루어 6천만원대 내에서 뛰어난 인테리어를 완성할 수 있습니다.","안방은 빌트인 침대장 을 활용하여 공간 활용도를 높이고, 침대장의 간접조명과 콘센트 로 편리성을 주었습니다. 양쪽으로 붙박이장을 설치하여 수납 활용도를 높였습니다. 화장실로 이어지는 아치형 게이트 를 설계하여 부드러운 느낌을 주었습니다. 드레스룸은 동일하게 붙박이장을 설계하였고, 맞은 편 자투리 공간에는 빌트인 파우더장 을 설치해 호텔 마스터룸처럼 디자인해 드렸습니다. *주요 시공 : 빌트인 침대장, 빌트인 파우더장, 아치형 게이트 입구 자녀방은 빌트인 화장대, 책장 및 책상을 설계하여 작은 면적 내에서 공간을 최대로 활용했습니다. *주요 시공 : 빌트인 화장대, 빌트익 책장 및 책상 게스트룸은 추후 공간 사용 용도에 따라 변경 가능 하게끔, 이동 가능한 서랍, 서랍 및 침대로 구성하였습니다. * 주요 시공 : 액자레일",0.67087322473526,0.6658377647399902
"신정현대6차의 42평 집을 컬러풀하게 꾸미기 위해선 먼저 거실에서부터 시작할 수 있습니다. 벽색을 파란색으로 선택하면 싱글톤 컬러를 바탕으로 한 다양한 색상 조합이 가능합니다. 거실 바닥은 우드타일을 깔아 따뜻하고 편안한 분위기를 연출할 수 있습니다. 아이방에서는 키즈벽지를 사용하여 아이들의 창의력을 자극하는 디자인을 살릴 수 있습니다.

다음으로 침실은 포인트벽지와 다운라이트를 활용해 주방보다는 더 코밀리언느낌을 살릴 수 있습니다. 주방에는 터치화이트와 레usra 라떼 컬러의 칸스톤 상판을 설치하여 현대적인 느낌을 표현할 수 있습니다. 또한 테라조 타일과 컬러 타일을 혼용하여 독특한 감각을 살릴 수 있습니다.

마지막으로 욕실은 자기질 타일을 사용하여 강렬한 이미지를 연출할 수 있으며, 포인트 타일과 포인트 벽지는 욕실의 특성을 더욱 부각시킬 수 있습니다. 또한 거울을 적절히 배치하여 공간을 확장감 있게 만들 수 있습니다. 이런 방식으로 전체적인 인테리어를 구성하면 신정현대6차 42평 집이 색감 맛집으로 변모될 것입니다.","주방 감성 다이닝을 즐길 수 있는 주방입니다. 주방은 기존 'ㄱ'자 구조를 유지하여 시공하였습니다. 구조는 유지하고 벽지와 템바보드를 이용하여 인테리어 포인트를 주었습니다. 다이닝공간의 상부는 진한 노란컬러의 벽지를, 하부에는 우드톤의 템바보드를 시공하여 아기자기하면서도 감성적인 다이닝공간으로 연출하였습니다. 부엌 벽에는 900*800각의 대형 키친판넬을 시공해 사용에 편리하면서도 깔끔하게 시공했습니다. *주요시공 : ㄱ자주방, 침니후드, 빌트인인덕션, 키친핏 냉장고, 키친판넬, 보조주방, 다이닝 안방 침대헤드에 짙은 그린 컬러의 벽지로 포인트를 준 안방입니다. 각 방은 밝은 색상의 장판을 시공하여 공간이 더욱 넓어보이게 연출했습니다. 깨끗하고 단정한 분위기를 느낄 수 있어요. 침대헤드 벽면은 짙은 그린 컬러의 벽지를 시공해 감성을 더해주었어요. *주요시공 : 포인트벽지, 다운라이트조명, LED조명, 타일장판, 장판 아이방 우리 아이가 꿈꾸는 아기자기한 공간입니다. 아기자기한 키즈벽지를 가로시공하여 놀이방 분위기로 연출했어요. 우리 아이가 마음껏 상상하고 꿈꿀 수 있도록 생동감있게 재탄생시켰습니다. *주요시공 : 포인트벽지, 다운라이트조명, 가로시공",0.6801528334617615,0.6284701824188232
"안성 공도 쌍용스윗닷홈의 34평 주택은 화이트 그레이 인테리어로 변신하여 깨끗하고 고급스러운 분위기를 자아냅니다. 거실에서는 밝은 화이트와 그레이 컬러가 조화를 이루어 자연스러운 미적 감각을 느끼게 합니다. 천장은 우물천장으로 독특한 느낌을 주며, 슬림엣지 선반은 공간을 더욱 넓게 만듭니다. 현관에는 큰 현광장과 도어거울이 있어 공간을 더 크게 보이게 만듭니다.

주방에서는 그레이 키친 가전 키큰장을 사용해 깔끔함을 유지하며, 낮은 현관장과 빛나는 브론즈 미러는 현관을 더욱 특별하게 만들어줍니다. 침실에서는 미술관 같은 인테리어 스타일을 연출하기 위해 유리벽장과 빛나는 팬던트 조명을 활용합니다. 발코니는 탄성 매트리스와 함께 침니 후드를 설치해 편안함을 제공합니다.

아이방에서는 작고 효율적인 슬라이딩 붙박이장을 사용하여 공간을 최대한 활용합니다. 세탁실에서는 파티션을 이용해 세련된 분리를 제공하며, 드레스룸은 빛나는 중문과 목공 게이트를 통해 고급스러움을 표현합니다. 화장실과 욕실은 밝은 색감의 타일과 LED 거울을 사용하여 깨끗하고 밝은 분위기를 연출합니다. 이 모든 요소들이 조화롭게 어우러져 6천만원대의 예산 내에서 풍부하고 고급스러운 인테리어를 완성합니다.",화이트 현관장 으로 밝고 넓은 수납 공간을 확보했어요 행잉형 현관장 아래로 간접조명이 돋보이는 밝은 공간이예요 마치 미술관에 온듯한 느낌을 주는 예쁜 그림을 걸고 핀조명으로 스포트라이트를 주어 멋진 나만의 공간을 만들 수 있어요,0.6602669954299927,0.7560082077980042
"칠곡미래타운의 이 45평 주택은 따뜻한 집의 정석으로 변모될 예정입니다. 먼저 거실에서는 거실 라인 조명을 설치하여 공간을 밝고 따뜻하게 만듭니다. 또한 폴딩 도어를 통해 실내 외부를 자유롭게 연결하여 개방감을 강조합니다. 매립 조명 시공을 통해 공간 활용도를 높이고, 한샘 붙박이장을 설치하여 필요한 물건들을 깔끔하게 정돈합니다. 

침실에서는 한샘 린넨 매트 화이트를 선택하여 깨끗하고 세련된 분위기를 연출합니다. 한샘 인테리어 제품들은 고급스러움과 함께 편안함을 제공하며, 특히 한샘 붙박이장은 드레스룸에도 적합합니다. 

부엌에서는 한샘 유로 매트 화이트 싱크대와 한샘 부엌 리모델링을 적용하여 현대적인 감각을 강조합니다. 마지막으로 욕실에서는 한샘 씽크대를 설치하여 깔끔하고 청결한 느낌을 줍니다. 이러한 디자인 요소들이 조화를 이뤄, 칠곡미래타운의 이 45평 주택은 모던하면서도 편안한 공간으로 변화될 것입니다.",[부엌] 상부장이 없어도 키큰장과 팬트리장으로 수납력을 극대화 하여 빌트인 된 주방입니다. [파우더룸] 파우더장에서 포인트 벽등으로 아치형과 함께 된 디자인이 포인트 !,0.6395673751831055,0.5079529881477356
"슬림 비비드 하우스에서는 20평대 거실의 아늑함을 극대화하기 위해 간접조명을 활용하였습니다. 특히 우물천장과 장식 벽면을 통해 더욱 넓고 밝은 분위기를 연출하였으며, 커튼박스를 설치하여 작은 공간에도 편안함을 제공하였습니다. 식탁과 쇼파를 함께 활용하여 실내의 유연성을 높이고, 한샘 제품의 붙박이장을 통해 디자인적인 수납공간을 만들었습니다. 안방에서는 간접등을 사용해 포인트 조명으로 따뜻한 분위기를 조성하였고, 현관에서는 중앙 오픈장과 신발장을 통해 공간을 효율적으로 활용하였습니다. 또한 주방에서는 포인트 주방 디자인을 적용해 작지만 세련된 공간으로 변모시키고, 욕실에서는 600각 타일과 졸리컷 토还想继续吗？

对不起，我理解错了您的需求。让我们继续按照您提供的描述来规划这个空间的装修：

在设计20平米左右的空间时，我们首先需要考虑的是如何最大化利用有限的空间，创造一个既舒适又实用的生活环境。首先，在客厅区域，我们将采用柔和而均匀的间接照明，通过安装在天花板上的灯光和墙壁上的嵌入式灯具，营造出温馨舒适的氛围。此外，我们还会使用窗帘盒来隐藏电线，使空间看起来更加整洁美观。

在卧室方面，我们将利用间接照明增强睡眠环境的舒适度，并且通过选择合适的窗帘盒，可以更好地保护隐私。为了增加储物空间，我们会安装定制的衣柜和壁橱门，以充分利用每一寸空间。

对于厨房来说，我们将采用紧凑型设计，利用岛式设计提高操作便利性，并通过间接照明突出重点区域。这样不仅可以节省空间，还能提升烹饪的乐趣。

浴室方面，我们将使用600毫米瓷砖铺设地面，并结合柔和的间接照明，创造出优雅而舒适的沐浴体验。为了使狭小的空间更加通透，我们将使用透明隔断来分隔淋浴区和其他区域。

最后，在玄关处，我们将设置中央开放架和鞋柜，不仅方便存放鞋子，还能作为展示物品或装饰品的空间。整个空间的设计都将围绕着现代风格展开，注重细节处理和功能性，确保每个角落都能发挥其最大的价值。","- 중앙 오픈장으로 설계하여 차키, 마스크 등 외출용품 보관이 용이하게 - 현관장 하부와 중앙오픈장 내부에 간접등으로 분위기 up! - 현관센서등은 통일감으로 거실과 이어질 수 있게 다운라이트 시공 ＊현관장 : 한샘 밀란100 무드화이트 - 안방 커튼박스 내 간접등 시공으로 메인등없이 편안하고 아늑한 분위기 연출 가능 - 침실로써의 역할을 충실히! (붙박이장을 드레스룸으로 이동) - 데일리옷을 수납할 수 있도록 시트템장 설계 - 이불장 및 노출되어 있는 옷을 깔끔하게 숨실 수 있는 맞춤형 붙박이장 설치! - 기존 방 내부에 있던 벽박이장도 붙박이장 도어와 동일한 도어로 교체! ＊시스템장 : 한샘 바흐 드레스룸 시스템장 w ＊붙박이장 : 한샘 밀란100 무드화이트 - 재택 근무가 많은 고객님들을 위한 두분의 재택근무 공간 - 서류와 책을 많이 읽는 공간으로 메인등으로 독서할 수 있게 조도맞추기 - 눈이 부담스러울 때는 책상위 포인트 조명만 활용 - 롱 조적 젠다이를 시공하여 불필요한 컵대,물대,선반은 없애기! - 좁은공간에 투명파티션을 두어 공간을 분리하되 답답함이 없도록~ - 상부장 하부 조명으로 새벽에도 눈부심이 적고, 은은하고 고급스런 느낌의 욕실로 재탄생!",0.6166451573371887,0.7277634143829346
"3BAY 24평 아파트를 위한 인테리어는 효율성과 깔끔함을 중점으로 설계하였습니다. 첫 번째 공간인 거실에서는 붙박이장과 시스템장을 활용하여 공간을 최대한 활용하며, 실링팬을 통해 공기순환을 원활하게 하였습니다. 특히 간접우물천장과 간접등을 설치하여 공간을 더욱 넓고 밝게 만들어 주었습니다. 침실에서는 간접등과 같은 디자인 요소를 활용하여 편안하고 쾌적한 분위기를 연출하였습니다. 키친에서는 실용성을 최우선으로 고려하여 필요한 도구와 물건들을 쉽게 접근할 수 있도록 배치하였으며, 드레스룸에서는 실용적인 붙박이장을 활용하여 옷장과 짐을 효율적으로 관리할 수 있게 되었습니다. 멀티룸에서는 서재와 같이 활용되며, 다양한 활동을 위한 공간으로 활용될 수 있도록 설계하였습니다. 마지막으로 욕실에서는 간결하면서도 깔끔한 디자인으로 공간을 극대화시키며, 기타 공간에서는 간접등을 활용하여 전체적인 조명을 조절할 수 있도록 하였습니다.",① 부족한 부엌 공간을 활용한 식탁 공간 확보 ② 우물천장 & 간접조명을 활용한 다양한 조도 확보 ③ 붙박이장 & 시스템장을 활용한 수납공간 확보 거실에서도 부엌이 가깝게 느껴질 수 있도록 'ㄱ'자 부엌을 활용하였습니다. 식탁을 놓기 협소한 부분을 고려하여 기존 'ㄱ'자 부엌에 대리석을 연장하여 테이블로 활용했습니다. 대면형 주방은 다양한 연령층이 선호하는 인테리어입니다. 안방에는 붙박이장을 시공하여 계절별 침구류 및 의류를 수납할 수 있도록 했습니다. 재택근무가 늘어난 요즘 서재로 활용 하실 수 있도록 인테리어 했습니다.,0.7112039923667908,0.6682784557342529
"엄마, 아빠, 그리고 아이들이 함께 성장할 수 있는 공간을 만드는 데는 거실이 매우 중요한 역할을 합니다. 거실은 가족들이 함께 즐길 수 있는 공간으로, 빛나는 화이트거실장과 빌트인 TV 장을 설치하여 깨끗하고 깔끔한 분위기를 유지할 수 있습니다. 또한 거실 벽면에는 빌트인 AV 장을 설치하여 대형 빛 프로젝터를 사용해 영화나 게임을 즐길 수 있도록 하겠습니다.

또한 거실에는 서재처럼 사용할 수 있는 역할을 하는 월넛식탁을 배치하여 아이들과 부모가 공부하거나 작업하는 공간을 마련할 수 있습니다. 아이들의 침실은 아이디 S 책상과 수납 침대를 사용하여 필요한 물건들을 쉽게 찾을 수 있고, 조이 S 2단 책장과 다용도 수납장을 통해 다양한 물건을 넉넉하게 보관할 수 있게 됩니다.

또한 침실은 호텔 같은 침대 패널과 스마트 침대를 사용하여 편안함을 제공하며, 한샘이 제작한 유로 키친은 깔끔하고 현대적인 주방으로, 아이들이 도와줄 때 편하게 사용할 수 있는 공간이 될 것입니다. 이처럼 전체적인 인테리어는 모던 스타일을 유지하면서도 가족 모두가 편안하게 사용할 수 있도록 설계되었습니다.","신정동 목동신시가지14단지 30평 E형 아파트입니다. 방2개와 욕실1개로 이루어져 있는 집인데요, 거실과 부엌이 이어진 구조로 집에 들어왔을 때 공간이 트인 인상을 받을 수 있으며 방의 개수는 적지만 방 평수가 넓은 장점이 있습니다. 방 2개 구조의 집에서 한창 자라나는 아이를 위해 방을 내어줄 수 밖에 없어요. 그러게 되면 서재 같은 별도의 공간을 마련하기 어려워요. 하지만, 그렇다고 어른들의 꿈의 공간을 포기할 순 없죠. 이 집에서는 이 모든 조건을 포용할 수 있는 멀티 거실 공간을 제안하려고 해요. 기존에 우리가 생각했던 거실의 역할에 대한 고정관념을 과감하게 버리고 휴식 공간 그 이상의 장소가 되어야 해요. 공부, 독서, 취미, 힐링에 수납까지 놓치지 않도록 거실 단골 가구인 소파 대신 6인 식탁세트를 거실 중심에 배치했어요. 쿠션감 있는 등받이 의자와 원목 식탁으로 구성되어 편안한 착석감은 물론 고급스러운 분위기까지 누릴 수 있답니다. 퇴근 후 편안하게 휴식을 취하거나 넓은 식탁에서 다양한 연구나 작업을 할 수 있어요. 부엌이 거실과 바로 이어져 있기 때문에 심플하면서 깨끗한 화이트로 꾸며보았어요. 부엌이 깔끔하면 집이 더욱 화사하고 넓어보일 거예요. 바로 옆 거실에 식탁세트가 있기 때문에 부엌에는 식탁을 따로 두지 않았어요. 부부방은 침대를 중심에 둔 깔끔한 인테리어에요. 자잘한 수납가구 대신에 작은 협탁과 빌트인 TV장을 활용하여 공간은 넓게 활용하면서 수납 기능까지 챙겼어요. 곧 초등학교에 들어갈 아이는 앞으로의 학교 생활을 준비하기 위해 독립된 생활 공간이 필요해요. 침실 옆 방은 아이를 위한 방으로 꾸며보았어요. 공부하는 아이에게 도움이 많이 되는 아이디S 시리즈예요. 책장과 책상이 결합되어 있는 구성으로 수납 공간이 확보되어 진학 후에 교과서나 문제집을 보관하기 쉽고 다양한 크기로 섹션이 나뉘어 있어 아이가 정리 습관을 들이기도 좋아요. 또, 한창 장난 많이 칠 나이에 다칠지 않도록 모서리는 부드러운 곡선으로 마무리되어 있어요. 아이 침대는 아이옷을 보관하기 편한 아이디S 멀티수납침대예요. 침대 옆에 비치한 조이S 2단 책장은 아이가 좋아하는 장난감을 수납하기 좋아요. 학교에 들어가고 책이 많아지면 책장으로도 활용할 수 있어요.",0.71642005443573,0.753216564655304
