,goods_id,big_cat,small_cat,built_name,price,image_url_path,built_exp
0,1064584,int_room0001,int_type0001,밀란 7 스칸디 블랙,견적상담,https://image.hanssem.com/hsimg/gds/1050/1064/1064584_A1.jpg?v=20240724081423,"밀란7 스칸디블랙  모노톤 인테리어로 어디에나 잘 어울리는 욕실입니다. 블랙&화이트 컬러 매치와 소재들의 믹스&매치로 개성 있는 나만의 욕실을 꾸며보세요.  스칸디 블랙 플랩 상부장과 선반 매끈한 블랙 무광의 플랩장과 오픈 선반을 커스터마이징 해보세요. 보여주기 싫은 욕실 용품은 플랩장에, 자주 쓰는 화장품은 오픈 선반에 놓아 공간을 효율적으로 구성하세요.  스칸디 블랙 하부장 블랙 무광 프레임 타입의 하부장과 화이트 도기/선반의 믹스&매치 조화가 감각적인 욕실을 만듭니다. 하부 선반 위에는 대형 사이즈의 용품을 수납 해보세요.  청소와 관리가 용이한 안전한 욕실 휴플로어, 휴판넬 휴플로어는 특수 엠보싱 표면 가공으로 물에 젖은 상태에서도 미끄럽지 않고 안전하며, 휴판넬은 바닥부터 천장까지 이어지는 대형 판넬로 이음매를 최소화하여 청소와 관리가 용이합니다."
1,1064586,int_room0001,int_type0001,밀란 5 모노시티,견적상담,https://image.hanssem.com/hsimg/gds/1050/1064/1064586_A1.jpg?v=20240724081423,"밀란5 모노시티  화이트&그레이 컨셉의 빈티지 모던 욕실. 도시 속 자유로움을 즐기는 현대인을 위한 모노 시티 세트로 당신만의 시크한 욕실을 연출해보세요.  모노 시티 상부장과 사각 거울 멋스러운 반투명 플루트 무늬 유리와 블랙 알루미늄 프레임이 적용된 상부장과 시크한 분위기의 사각 거울이 빈티지한 무드를 연출해줍니다.  콘크리트 다크 그레이 휴판넬 콘크리트 질감이 느껴지는 다크 그레이 판넬로 로프트 하우스의 빈티지 모던 분위기를 연출합니다.  청소와 관리가 용이한 안전한 욕실 휴플로어, 휴판넬 휴플로어는 특수 엠보싱 표면 가공으로 물에 젖은 상태에서도 미끄럽지 않고 안전하며, 휴판넬은 바닥부터 천장까지 이어지는 대형 판넬로 이음매를 최소화하여 청소와 관리가 용이합니다."
2,977673,int_room0001,int_type0001,[특가~9/29]유로5 베일화이트,3327200,https://image.hanssem.com/hsimg/gds/1050/977/977673_A1.jpg?v=20250922100424,"유로5 베일화이트  카라라 패턴의 벽판넬과 투명한 컬러감의 화이트 수납장이 매치된 세미 클래식 스타일의 욕실입니다. 개성 있는 아이템을 포인트로 주어 특별한 욕실을 연출하세요.  오랜 시간이 흘러도 깨끗하게 사용할 수 있는 베일 화이트 수납장 새틴 글라스 도어는 허니콤 구조로 견고할 뿐만 아니라 오염, 변색에 강해 밝은 컬러감에도 유지 관리에 용이합니다.  공간에 포인트가 되는 LED 사각 조명거울 실용적인 LED조명 포인트가 있는 프리미엄급 거울로?욕실 공간에 포인트를 주세요. 더욱 환한 분위기를 연출할 수 있습니다.  청소와 관리가 용이한 안전한 욕실 휴플로어, 휴판넬 휴플로어는 특수 엠보싱 표면 가공으로 물에 젖은 상태에서도 미끄럽지 않고 안전하며, 휴판넬은 바닥부터 천장까지 이어지는 대형 판넬로 이음매를 최소화하여 청소와 관리가 용이합니다.  쉽게 녹슬지 않아 관리가 쉬워지는 편리성 한샘 바스는 내부 자재, 접착제, 부속 자재까지 E0 등급의 친환경 소재를 적용합니다.  원자재 자체가 튼튼하고 충격에 강한 안정성 대리석/유리 강도 테스트를 진행해 충격에 의한 안정성을 검증한 한샘 바스입니다."
3,977675,int_room0001,int_type0001,[특가~9/29]유로5 매트오크,3479200,https://image.hanssem.com/hsimg/gds/1050/977/977675_A1.jpg?v=20250922100320,"유로5 매트오크  자연 그대로를 느낄 수 있는 스톤재질의 벽과 우드결의 질감이 디자인을 완성하고, 스톤/우드 소재의 조화로운 매치가 특징인 내추럴 스타일의 욕실입니다.  내추럴 질감이 살아있는 매트 오크 상부장, 하부장 자연 그대로의 결이 살아있는 욕실 도어장을 만나보세요. 컴팩트한 사이즈의 가로 400 상부장으로 알차게 수납 가능하며, 오픈선반, 도어장이 구분된 하부장으로 체계적인 정리도 가능합니다.  매트 오크 비정형 조명 거울 조약돌을 모티브로 한 비정형 형태의 간접조명 거울은 공간을 아늑하고 따뜻하게 만들어줍니다. 가로 600, 1100 두가지 사이즈로 우리 집 욕실에 맞게 설치하세요.  청소와 관리가 용이한 안전한 욕실 휴플로어, 휴판넬 휴플로어는 특수 엠보싱 표면 가공으로 물에 젖은 상태에서도 미끄럽지 않고 안전하며, 휴판넬은 바닥부터 천장까지 이어지는 대형 판넬로 이음매를 최소화하여 청소와 관리가 용이합니다.  쉽게 녹슬지 않아 관리가 쉬워지는 편리성 한샘 바스는 내부 자재, 접착제, 부속 자재까지 E0 등급의 친환경 소재를 적용합니다.  원자재 자체가 튼튼하고 충격에 강한 안정성 대리석/유리 강도 테스트를 진행해 충격에 의한 안정성을 검증한 한샘 바스입니다."
4,1018697,int_room0001,int_type0001,[특가~9/29]모노시티 실속패키지 (1+1 욕실패키지),3241700,https://image.hanssem.com/hsimg/gds/1050/1018/1018697_A1.jpg?v=20250811102809,"밀란5 모노시티 실속패키지 (욕실 패키지 + 욕실 액세서리 3종 세트)  화이트 + 그레이 컨셉의 빈티지 모던 욕실. 도시 속 자유로움을 즐기는 현대인을 위한 모노 시티 세트로 당신만의 시크한 욕실을 연출해보세요.  모노 시티 상부장과 사각 거울 멋스러운 반투명 플루트 무늬 유리와 블랙 알루미늄 프레임이 적용된 상부장과 시크한 분위기의 사각 거울이 빈티지한 무드를 연출해줍니다.  콘크리트 다크 그레이 휴판넬 콘크리트 질감이 느껴지는 다크 그레이 판넬로 로프트 하우스의 빈티지 모던 분위기를 연출합니다.  청소와 관리가 용이한 안전한 욕실 휴플로어, 휴판넬 휴플로어는 특수 엠보싱 표면 가공으로 물에 젖은 상태에서도 미끄럽지 않고 안전하며, 휴판넬은 바닥부터 천장까지 이어지는 대형 판넬로 이음매를 최소화하여 청소와 관리가 용이합니다.  쉽게 녹슬지 않아 관리가 쉬워지는 편리성 한샘 바스는 내부 자재, 접착제, 부속 자재까지 E0 등급의 소재를 적용합니다.  원자재 자체가 튼튼하고 충격에 강한 안정성 대리석/유리 강도 테스트를 진행해 충격에 의한 안정성을 검증한 한샘 바스입니다."
5,1064591,int_room0001,int_type0001,밀란 5 스테디모던2,견적상담,https://image.hanssem.com/hsimg/gds/1050/1064/1064591_A1.jpg?v=20240724081423,"밀란5 스테디모던2  카라라 마블과 골드의 조합, 세미클래식 스타일 욕실. 넉넉한 수납이 가능한 은경 슬라이딩장 구성으로 디자인과 기능 모두 만족하는 세트입니다.  넉넉한 수납의 은경 슬라이딩장, 선반 온 가족이 함께 쓰는 공용 욕실의 많은 수납용품들과 수건을 슬라이딩장 안에 넉넉히 편리하게 보관하세요.  골드 샤워욕조수전 & 인조대리석 코너 선반 스퀘어 형태의 골드 샤워욕조수전과 슬라이딩바로 욕조에 포인트를 주세요. 화이트 코너 선반, 카라라 화이트 마감재와의 조화를 이룹니다.  청소와 관리가 용이한 안전한 욕실 휴플로어, 휴판넬 휴플로어는 특수 엠보싱 표면 가공으로 물에 젖은 상태에서도 미끄럽지 않고 안전하며, 휴판넬은 바닥부터 천장까지 이어지는 대형 판넬로 이음매를 최소화하여 청소와 관리가 용이합니다."
6,1064578,int_room0001,int_type0001,유로 5 베일화이트,견적상담,https://image.hanssem.com/hsimg/gds/1050/1064/1064578_A1.jpg?v=20240724081423,"유로5 베일화이트  카라라 패턴의 벽판넬과 투명한 컬러감의 화이트 수납장이 매치된 세미 클래식 스타일의 욕실입니다. 개성 있는 아이템을 포인트로 주어 특별한 욕실을 연출하세요.  오랜 시간이 흘러도 깨끗하게 사용할 수 있는 베일 화이트 수납장 새틴 글라스 도어는 허니콤 구조로 견고할 뿐만 아니라 오염, 변색에 강해 밝은 컬러감에도 유지 관리에 용이합니다.  클래식한 디자인의 베벨 프레임 거울 섬세한 가공 디테일이 돋보이는 프리미엄급 거울로 공간에 포인트를 주세요. 가로 600, 900 두가지 사이즈 중 우리 집 욕실에 알맞는 크기 선택이 가능합니다.  청소와 관리가 용이한 안전한 욕실 휴플로어, 휴판넬 휴플로어는 특수 엠보싱 표면 가공으로 물에 젖은 상태에서도 미끄럽지 않고 안전하며, 휴판넬은 바닥부터 천장까지 이어지는 대형 판넬로 이음매를 최소화하여 청소와 관리가 용이합니다."
7,1018608,int_room0001,int_type0001,[특가~9/29]리버화이트 실속패키지 (1+1 욕실패키지),2867480,https://image.hanssem.com/hsimg/gds/1050/1018/1018608_A1.jpg?v=20250811102512,"밀란3 리버화이트 실속패키지 (욕실 패키지 + 욕실 액세서리 3종 세트)  오랜 시간이 지나도 지루하지 않고 유행에 민감하지 않은 자연스러운 욕실 공간을 만나보세요.  컴팩트한 원도어 슬라이딩장 수납 문제를 깔끔하게 해결해 주는 원도어 슬라이딩장. 슬라이딩장은 여닫이형에 비해 아이들도 쉽게 사용할 수 있습니다. 도어 개폐 시 차지하는 공간도 적어 소형 욕실 공간에 실용적입니다.  오랫동안 사랑받을 리얼 스톤 디자인 마감재 끊임없이 이어지는 자연스러운 마블 패턴이 욕실 공간을 더욱 시원하고 넓어 보이게 연출해 줍니다.  청소와 관리가 용이한 안전한 욕실 휴플로어, 휴판넬 휴플로어는 특수 엠보싱 표면 가공으로 물에 젖은 상태에서도 미끄럽지 않고 안전하며, 휴판넬은 바닥부터 천장까지 이어지는 대형 판넬로 이음매를 최소화하여 청소와 관리가 용이합니다.  쉽게 녹슬지 않아 관리가 쉬워지는 편리성 한샘 바스는 내부 자재, 접착제, 부속 자재까지 E0 등급의 친환경 소재를 적용합니다.  원자재 자체가 튼튼하고 충격에 강한 안정성 대리석/유리 강도 테스트를 진행해 충격에 의한 안정성을 검증한 한샘 바스입니다."
8,1064595,int_room0001,int_type0001,밀란 3 피에트라,견적상담,https://image.hanssem.com/hsimg/gds/1050/1064/1064595_A1.jpg?v=20240724081423,"밀란3 피에트라  웅장한 대리석 패턴을 합리적 가격에 담은 욕실입니다. 무게감 있는 그레이 욕실에 미니멀한 디자인의 블랙 포인트를 준 트렌디한 공간입니다.  스타일을 더해주는 플랩장 블랙 전면의 막힘없는 거울 도어는 좁은 공간을 더욱 넓어 보이게 합니다. 내부의 넉넉한 수납 공간은 다양한 욕실용품을 수납하기에 충분하며 하부의 선반은 자주 사용하는 물건을 편리라게 수납할 수 있습니다.  최신 트렌드를 반영한 신규 휴판넬 고가 인테리어 마감재에 속하는 대형 대리석 타일의 패턴을 판넬에 적용한 피에트라 판넬입니다. 판넬과 컬러에서 오는 분위기가 욕실에 품격을 더해줍니다.  청소와 관리가 용이한 안전한 욕실 휴플로어, 휴판넬 휴플로어는 특수 엠보싱 표면 가공으로 물에 젖은 상태에서도 미끄럽지 않고 안전하며, 휴판넬은 바닥부터 천장까지 이어지는 대형 판넬로 이음매를 최소화하여 청소와 관리가 용이합니다."
9,1064269,int_room0001,int_type0002,바흐5 프리모 화이트,견적상담,https://image.hanssem.com/hsimg/gds/1050/1064/1064269_A1.jpg?v=20240724081423,"바흐5 프리모 화이트  클래식함과 모던함을 동시에 느낄 수 있는 바흐5 프리모 화이트. 타일, 수전 등의 아이템 코디에 따라 당신의 라이프스타일과 취향을 담아 표현할 수 있습니다.  우아한 디자인의 욕실 가구 디테일 디테일이 돋보이는 디자인의 하부장 도어가 클래식하고 우아한 분위기를 선사하며, KOHLER사의 세면기와 3홀 수전 아이템이 욕실 공간을 더욱 품격있게 만들어 줍니다.  KA 프리스탠딩 욕조와 KOHLER 프리스텐딩 욕조 수전 부드러운 라운드 형태의 욕조와 우아한 수전 시리즈만으로도 호텔 무드를 연출할 수 있습니다.  간편한 멀티 기능의 LED 조명 거울 시계 및 실내 온도 표시, 전면 터치형 스위치로 밝기 조절까지 가능해 나에게 맞춤 욕실 공간을 연출할 수 있습니다."
10,1064589,int_room0001,int_type0001,밀란 5 뉴트럴 브라운,견적상담,https://image.hanssem.com/hsimg/gds/1050/1064/1064589_A1.jpg?v=20240724081423,"밀란5 뉴트럴브라운  진정한 휴식으로서의 공간, 우리 집 욕실. 유행을 타지 않는 컬러와 디자인으로 편안한 욕실 공간을 연출하세요.  뉴트럴 브라운 거울 & 선반 가로, 세로형 설치가 가능한 뉴트럴 브라운 거울은 욕실 전면을 풍성하게 채워줍니다. 인조 대리석 선반, 거울, 상부장의 비대칭 조합 또한 세련된 공간을 만듭니다.  뉴트럴 브라운 상부장 최소한의 구획으로 다양한 욕실용품을 실속 있게 보관하세요. 부드러운 무광 실버 가이드바는 물건의 낙하를 방지해 주며 화장품 등을 편리하게 수납할 수 있습니다.  청소와 관리가 용이한 안전한 욕실 휴플로어, 휴판넬 휴플로어는 특수 엠보싱 표면 가공으로 물에 젖은 상태에서도 미끄럽지 않고 안전하며, 휴판넬은 바닥부터 천장까지 이어지는 대형 판넬로 이음매를 최소화하여 청소와 관리가 용이합니다."
11,1069025,int_room0001,int_type0001,솔트화이트,견적상담,https://image.hanssem.com/hsimg/gds/1050/1069/1069025_A1.jpg?v=20240724133602,"솔트화이트 매끄럽게 떨어지는 SEAMLESS 마감재와 화사하고 깔끔한 화이트 톤 스타일링으로 트렌드와 가격 경쟁력을 동시에 챙긴 20~30평대의 욕실에서 가장 선호하는 플랜입니다.  20~30평대의 욕실에서 가장 선호하는
화이트톤 스타일링 & 매트한 마감 심플한 화이트톤 타일과 매트한 질감의 마감재로
경쾌하고도 깔끔한 스타일링을 완성해
20~30평대의 욕실에 가장 적합한 플랜을 제안합니다.  트렌디한 감성을 담은 요즘 욕실 인테리어 업계에서 가장 주목 받는 패턴의 마감재와 고급스러운 분위기를 연출하는 조명거울, 세련된 니켈수전으로 대세감을 살리고, 리얼 스톤 느낌의 엔지니어드 스톤을 사용해 완성도 높은 욕실을 완성합니다.  우리집 욕실에 꼭 맞춘 욕실장 라인업 수납량에 따라 사이즈를 선택할 수 있는 상부장과 슬림한 두께의 볼 세면기와 결합된 하부장으로 우리집 욕실에 꼭 맞춘 간결한 수납을 완성합니다."
12,785809,int_room0001,int_type0001,[550만원딜 특가]유로터치&리버화이트 부엌+바스 2PKG,5505000,https://image.hanssem.com/hsimg/gds/1050/785/785809_A1.jpg?v=20250919155959,"키친,바스 2PKG  한샘이 제안하는 패키지 솔루션으로 우리집에서 꼭 필요한 공간만 바꾸고 확 달라진 우리집을 경험하세요.  유로300 터치 유화같은 붓터치 질감을 구현한 스타일. 깊은 텍스처로 공간의 분위기를 한 층 더해줍니다.  유화 붓터치 같은 표면 유화와 같은 붓터치 표면의 질감이 감각적으로 표현된 도어  손 끝으로 느껴지는 텍스처 지문 자국을 최소화하는 붓터치 질감의 엠보 텍스처  마일드한 모노톤 컬러 3종 따뜻한 화이트 컬러와 미드그레이 컬러, 그리고 차콜빛의 블랙 컬러까지  밀란3 리버화이트 오랜 시간이 지나도 지루하지 않고 유행에 민감하지 않은 자연스러운 욕실 공간을 만나보세요.  컴팩트한 원도어 슬라이딩장 수납 문제를 깔끔하게 해결해 주는 원도어 슬라이딩장. 슬라이딩장은 여닫이형에 비해 아이들도 쉽게 사용할 수 있습니다. 도어 개폐 시 차지하는 공간도 적어 소형 욕실 공간에 실용적입니다.  오랫동안 사랑받을 리얼 스톤 디자인 마감재 끊임없이 이어지는 자연스러운 마블 패턴이 욕실 공간을 더욱 시원하고 넓어 보이게 연출해 줍니다.  청소와 관리가 용이한 안전한 욕실 휴플로어, 휴판넬 휴플로어는 특수 엠보싱 표면 가공으로 물에 젖은 상태에서도 미끄럽지 않고 안전하며, 휴판넬은 바닥부터 천장까지 이어지는 대형 판넬로 이음매를 최소화하여 청소와 관리가 용이합니다.  유해물질 걱정 없는 친환경 자재 E0 시공 매일 쓰는 우리 집 가구, 자재등급부터 꼭 따져보세요. 한샘은 전 제품 유해물질 없는 친환경자재 E0만 사용합니다.  쉽게 녹슬지 않아 관리가 쉬워지는 편리성 한샘 바스는 내부 자재, 접착제, 부속 자재까지 E0 등급의 소재를 적용합니다.  원자재 자체가 튼튼하고 충격에 강한 안정성 대리석/유리 강도 테스트를 진행해 충격에 의한 안정성을 검증한 한샘 바스입니다."
13,1018695,int_room0001,int_type0001,[특가~9/29]뉴트럴브라운 실속패키지 (1+1 욕실패키지),3109260,https://image.hanssem.com/hsimg/gds/1050/1018/1018695_A1.jpg?v=20250811102753,"밀란5 뉴트럴브라운 실속패키지 (욕실 패키지 + 욕실 액세서리 3종 세트)  진정한 휴식으로서의 공간, 우리 집 욕실. 유행을 타지 않는 컬러와 디자인으로 편안한 욕실 공간을 연출하세요.  뉴트럴 브라운 상부장 + 거울 가로, 세로형 설치가 가능한 뉴트럴 브라운 거울은 욕실 전면을 풍성하게 채워줍니다. 인조 대리석 선반, 거울, 상부장의 비대칭 조합 또한 세련된 공간을 만듭니다. *인조대리석 선반은 상담 후 추가 결제 가능합니다.  뉴트럴 브라운 상부장 최소한의 구획으로 다양한 욕실용품을 실속 있게 보관하세요. 부드러운 무광 실버 가이드바는 물건의 낙하를 방지해 주며 화장품 등을 편리하게 수납할 수 있습니다.  청소와 관리가 용이한 안전한 욕실 휴플로어, 휴판넬 휴플로어는 특수 엠보싱 표면 가공으로 물에 젖은 상태에서도 미끄럽지 않고 안전하며, 휴판넬은 바닥부터 천장까지 이어지는 대형 판넬로 이음매를 최소화하여 청소와 관리가 용이합니다.  쉽게 녹슬지 않아 관리가 쉬워지는 편리성 한샘 바스는 내부 자재, 접착제, 부속 자재까지 E0 등급의 소재를 적용합니다.  원자재 자체가 튼튼하고 충격에 강한 안정성 대리석/유리 강도 테스트를 진행해 충격에 의한 안정성을 검증한 한샘 바스입니다."
14,1064599,int_room0001,int_type0001,밀란 3 리버 화이트,견적상담,https://image.hanssem.com/hsimg/gds/1050/1064/1064599_A1.jpg?v=20240724081423,"밀란3 리버화이트  오랜 시간이 지나도 지루하지 않고 
유행에 민감하지 않은 자연스러운
욕실 공간을 만나보세요.  컴팩트한 원도어 슬라이딩장 수납 문제를 깔끔하게 해결해 주는 원도어 슬라이딩장. 슬라이딩장은 여닫이형에 비해 아이들도 쉽게 사용할 수 있습니다. 도어 개폐 시 차지하는 공간도 적어 소형 욕실 공간에 실용적입니다.  오랫동안 사랑받을 리얼 스톤 디자인 마감재 끊임없이 이어지는 자연스러운 마블 패턴이 욕실 공간을 더욱 시원하고 넓어 보이게 연출해 줍니다.  청소와 관리가 용이한 안전한 욕실 휴플로어, 휴판넬 휴플로어는 특수 엠보싱 표면 가공으로 물에 젖은 상태에서도 미끄럽지 않고 안전하며, 휴판넬은 바닥부터 천장까지 이어지는 대형 판넬로 이음매를 최소화하여 청소와 관리가 용이합니다."
15,1064598,int_room0001,int_type0001,밀란 3 오슬로,견적상담,https://image.hanssem.com/hsimg/gds/1050/1064/1064598_A1.jpg?v=20240724081423,"밀란3 오슬로  잔잔한 스톤 패턴을 가진 판넬과
세련된 디자인의 거울, 수납장을 매치한
내추럴 스타일의 욕실입니다.  세련된 욕실 포인트의 아치 거울 우아하고 세련된 곡선 형태의 아치 거울입니다. 가로, 세로 원하는 대로 돌려서 원하는 모양으로 시공 가능합니다. 하부에 선반을 추가해 수납 기능을 강화할 수 있습니다.  미니멀한 원도어 상부장 원도어 상부장은 차분하고 부드러운 분위기를 주는 오크 패턴을 적용하여 세련된 욕실을 연출할 수 있습니다.  청소와 관리가 용이한 안전한 욕실 휴플로어, 휴판넬 휴플로어는 특수 엠보싱 표면 가공으로 물에 젖은 상태에서도 미끄럽지 않고 안전하며, 휴판넬은 바닥부터 천장까지 이어지는 대형 판넬로 이음매를 최소화하여 청소와 관리가 용이합니다."
16,1018694,int_room0001,int_type0001,[특가~9/29]피에트라 실속패키지 (1+1 욕실패키지),2887500,https://image.hanssem.com/hsimg/gds/1050/1018/1018694_A1.jpg?v=20250811102559,"밀란3 피에트라 실속패키지 (욕실 패키지 + 욕실 액세서리 3종 세트)  웅장한 대리석 패턴을 합리적 가격에 담은 욕실입니다. 무게감 있는 그레이 욕실에 미니멀한 디자인의 블랙 포인트를 준 트렌디한 공간입니다.  스타일을 더해주는 플랩장 블랙 전면의 막힘없는 거울 도어는 좁은 공간을 더욱 넓어 보이게 합니다. 내부의 넉넉한 수납 공간은 다양한 욕실용품을 수납하기에 충분하며 하부의 선반은 자주 사용하는 물건을 편리하게 수납할 수 있습니다.  최신 트렌드를 반영한 신규 휴판넬 고가 인테리어 마감재에 속하는 대형 대리석 타일의 패턴을 판넬에 적용한 피에트라 판넬입니다. 판넬과 컬러에서 오는 분위기가 욕실에 품격을 더해줍니다. *위 이미지는 연출된 이미지로, 아래 세부 구성 품목을 확인 해주세요.  청소와 관리가 용이한 안전한 욕실 휴플로어, 휴판넬 휴플로어는 특수 엠보싱 표면 가공으로 물에 젖은 상태에서도 미끄럽지 않고 안전하며, 휴판넬은 바닥부터 천장까지 이어지는 대형 판넬로 이음매를 최소화하여 청소와 관리가 용이합니다.  쉽게 녹슬지 않아 관리가 쉬워지는 편리성 한샘 바스는 내부 자재, 접착제, 부속 자재까지 E0 등급의 친환경 소재를 적용합니다.  원자재 자체가 튼튼하고 충격에 강한 안정성 대리석/유리 강도 테스트를 진행해 충격에 의한 안정성을 검증한 한샘 바스입니다."
17,1001354,int_room0001,int_type0002,유로5 딥네이처,견적상담,https://image.hanssem.com/hsimg/gds/1050/1001/1001354_A1.jpg?v=20240724080842,"유로5 딥네이처  간결한 디자인의 아이템들과 따뜻한 톤온톤 컬러감으로 미니멀하고 고급스러운 욕실 분위기를 연출할 수 있습니다. 폭넓은 수납 시스템과 옵션 아이템으로 꼭 맞는 욕실을 구성하세요.  다양한 구성의 프리미엄 수납장과 슬림 간접 조명 다양한 규격과 개폐방식의 상부장으로 기본 사이즈부터 대형 사이즈의 욕실까지. 슬림한 1cm 두께의 LED 간접 조명으로 분위기 있게 연출해 보세요.  더욱 넉넉한 수납 법, 딥 네이처 하부장 딥 네이처 하부장은 서랍형 수납공간으로 실용적으로 사용할 수 있고 루버 디자인의 도어와 슬림한 대리석 상판으로 마감되어 공간을 더욱 고급스럽게 연출할 수 있습니다.  맞춤 욕조 파티션 맞춤 파티션은 천고가 더 높아 보일 뿐만 아니라 깔끔하고 고급스러운 욕실 설계가 가능합니다."
18,1001349,int_room0001,int_type0002,밀란7 핏미,견적상담,https://image.hanssem.com/hsimg/gds/1050/1001/1001349_A1.jpg?v=20240724080842,"밀란7 핏 미  인테리어 스타일과 개인 취향에 맞게 아치형 거울, 팬던트 등의 아이템으로 우리 집만의 트렌디한 욕실 공간을 연출할 수 있습니다.  욕실에 트렌디함을 더해 주는 아치형 조명 거울 & 펜던트 LED 간접 조명이 매립된 아치형 거울이 공간을 트렌디하게 연출해 줍니다. 별도의 스위치 없이 원터치만으로 조정이 가능하며 디밍 기능이 있어 원하는 밝기 조절이 간편합니다.  욕실 무드 연출이 가능한 조명 선반 세면 공간 선반에 자주 사용하는 용품들을 간편하게 놓고 사용하세요. 선반 하부에는 LED 조명이 매립되어 있어 은은하게 공간 무드를 완성해 줍니다. 3가지 사이즈로 욕실 사이즈에 맞게 선택할 수 있습니다.  통일감 있는 룩을 연출해 주는 욕실 도기 라운드 쉐입의 양변기와 세면기가 아치형 거울 등과 어우러져 욕실 공간 디자인에 통일감을 줍니다."
19,1064588,int_room0001,int_type0001,밀란 5 오블리크화이트,견적상담,https://image.hanssem.com/hsimg/gds/1050/1064/1064588_A1.jpg?v=20240724081423,"밀란5 오블리크화이트  화이트톤 벽면에 수납력 높은 선반 일체형 블랙 상부장을 포인트로 매치한 간결한 모던 스타일 욕실을 원색의 도어, 액세서리, 소품 등 포인트와 매치하여 개성 있게 연출하세요.  테라조 화이트 벽판넬 은은한 입자감의 스톤 패턴이 화이트톤 욕실을 더욱 특별하게 만들어줍니다. 테라조 화이트 벽판넬로 화사하고 심플한 호텔식 욕실을 연출해 보세요.  멀티 기능의 은경 슬라이딩장 선반형 수납, 거울 역할을 동시에 하는 선반형 거울 슬라이딩장으로 효율적인 공간 사용이 가능합니다. 선반 일체형 디자인으로 간편하게 수납물을 배치해 보세요.  청소와 관리가 용이한 안전한 욕실 휴플로어, 휴판넬 휴플로어는 특수 엠보싱 표면 가공으로 물에 젖은 상태에서도 미끄럽지 않고 안전하며, 휴판넬은 바닥부터 천장까지 이어지는 대형 판넬로 이음매를 최소화하여 청소와 관리가 용이합니다."
20,977671,int_room0001,int_type0001,[특가~9/29]밀란 프레임우드,2760000,https://image.hanssem.com/hsimg/gds/1050/977/977671_A1.jpg?v=20250905095137,"밀란7 프레임우드  스톤 질감을 그대로 살린 벽판과 슬림한 프레임이 돋보이는 우드 수납장의 조화로 미니멀 + 내추럴 스타일의 욕실입니다.  내추럴한 스타일의 욕실 미니멀하면서도 모던 내추럴 분위기를 주는 공간입니다. 유지 관리가 간편한 컬러의 패널로 오랫동안 질리지 않고, 세련된 가족 욕실로 유지할 수 있습니다.  욕실 무드를 완성하는 LED 조명 거울 타원형 조명 거울은 디밍 기능이 있어 전면의 터치 스위치로 원하는 빛의 밝기를 조절해 사용할 수 있습니다.  청소와 관리가 용이한 안전한 욕실 휴플로어, 휴판넬 휴플로어는 특수 엠보싱 표면 가공으로 젖은 상태에서도 미끄럽지 않고 안전하며, 휴판넬은 바닥부터 천장까지 이어지는 대형 판넬로 이음매를 최소화하여 청소와 관리가 용이합니다.  쉽게 녹슬지 않아 관리가 쉬워지는 편리성 한샘 바스는 내부 자재, 접착제, 부속 자재까지 E0 등급의 소재를 적용합니다.  원자재 자체가 튼튼하고 충격에 강한 안정성 대리석/유리 강도 테스트를 진행해 충격에 의한 안정성을 검증한 한샘 바스입니다."
21,1064601,int_room0001,int_type0001,밀란 1 마이티,견적상담,https://image.hanssem.com/hsimg/gds/1050/1064/1064601_A1.jpg?v=20240724081423,"밀란1 마이티  다양한 패턴의 휴판넬과 친환경 HIPS 소재의 욕실 수납장,
거울을 조합하여 나에게 맞는 욕실을 매치해 보세요.
다양한 분위기를 연출할 수 있는 욕실 시리즈입니다.  넉넉한 수납력을 가진 마이티 1200 슬라이딩장 가로600 모듈 2개를 연결하면 슬라이딩 도어를 적용할 수 있어 넉넉한 수납이 가능한 슬라이딩장이 됩니다. 하부 오픈 선반도 2개를 연결할 수 있습니다.  이동이 가능한 소품 수납함 & 상하부 LED 간접 조명 내부에는 이동이 가능한 수납함으로 수납용품 종류와 사이즈에 맞춰 공간을 활용할 수 있습니다.  청소와 관리가 용이한 안전한 욕실 휴플로어, 휴판넬 휴플로어는 특수 엠보싱 표면 가공으로 물에 젖은 상태에서도 미끄럽지 않고 안전하며, 휴판넬은 바닥부터 천장까지 이어지는 대형 판넬로 이음매를 최소화하여 청소와 관리가 용이합니다."
22,1064274,int_room0001,int_type0001,밀란 5 카라라 화이트,견적상담,https://image.hanssem.com/hsimg/gds/1050/1064/1064274_A1.jpg?v=20240724081423,"밀란5 카라라화이트  플레인 화이트 판넬과 카라라 패턴의 판넬을 매치하여 밝고 화사하게 연출한 모던 클래식 스타일의 욕실입니다. 심플한 몰딩 디자인의 수납장과 원형 세면이가 특징입니다.  카라라 화이트 상부장 수납과 동시에 거울 역할까지 가능한 여닫이 상부장으로 효율적인 공간 사용이 가능합니다. 1200mm 너비로 부족함 없이 수납이 가능합니다.  카라라 화이트 하부장 몰딩 디자인의 하부장이 욕실에 우아함을 더해줍니다. 넉넉한 사이즈의 하부장에 대형 사이즈의 욕실 용품들을 깔끔하게 수납할 수 있습니다.  청소와 관리가 용이한 안전한 욕실 휴플로어, 휴판넬 휴플로어는 특수 엠보싱 표면 가공으로 물에 젖은 상태에서도 미끄럽지 않고 안전하며, 휴판넬은 바닥부터 천장까지 이어지는 대형 판넬로 이음매를 최소화하여 청소와 관리가 용이합니다."
23,1001350,int_room0001,int_type0002,유로5 타임리스,견적상담,https://image.hanssem.com/hsimg/gds/1050/1001/1001350_A1.jpg?v=20240724080842,유로5 타임리스  간결한 마감재에 블랙 크롬 수전을 사용해 포인트를 준 욕실입니다. 언제나 사랑받는 모던 스타일로 시간이 지나도 변함없이 단정한 욕실을 연출하세요.  다양한 구성의 프리미엄 수납장과 슬림 간접조명 다양한 규격과 개폐방식의 상부장으로 기본 사이즈부터 대형 사이즈의 욕실까지. 나에게 꼭 맞는 수납장으로 우리 집 맞춤 설계가 가능합니다.  고급스럽고 간결한 욕실 연출이 가능한 젠다이와 벽걸이형 세면대 한샘 젠다이 키트를 이용해 손쉽게 젠다이를 설치해 보세요. 젠다이로 선반 활용도를 높이고 벽걸이형 세면기를 사용한다면 더욱 깔끔한 욕실 공간을 완성할 수 있습니다.  욕실의 포인트가 되어주는 블랙크롬 수전 & 악세서리 우아한 블랙 크롬 컬러의 수전과 악세서리가 욕실의 포인트가 되어줍니다.
24,1018692,int_room0001,int_type0001,[특가~9/29]마이티 실속패키지 (1+1 욕실패키지),2793560,https://image.hanssem.com/hsimg/gds/1050/1018/1018692_A1.jpg?v=20250811102453,"밀란1 마이티 실속패키지 (욕실 패키지 + 욕실 액세서리 3종 세트)  다양한 패턴의 휴판넬과 친환경 HIPS 소재의 욕실 수납장,
거울을 조합하여 나에게 맞는 욕실을 매치해 보세요.
다양한 분위기를 연출할 수 있는 욕실 시리즈입니다.  넉넉한 수납력을 가진 마이티 1200 슬라이딩장 가로600 모듈 2개를 연결하면 슬라이딩 도어를 적용할 수 있고, 하부에도 오픈 선반 2개를 연결할 수 있습니다. *벽 선반은 1개가 기본 구성입니다. (디자이너 상담 후 추가 설치 가능)  이동이 가능한 소품 수납함 + 상하부 LED 간접 조명 내부에는 이동이 가능한 수납함으로 수납용품 종류와 사이즈에 맞춰 공간을 활용할 수 있습니다. *LED 간접 조명은 디자이너 상담 후 설치 가능하며 추가 비용 발생합니다  청소와 관리가 용이한 안전한 욕실 휴플로어, 휴판넬 휴플로어는 특수 엠보싱 표면 가공으로 물에 젖은 상태에서도 미끄럽지 않고 안전하며, 휴판넬은 바닥부터 천장까지 이어지는 대형 판넬로 이음매를 최소화하여 청소와 관리가 용이합니다.  쉽게 녹슬지 않아 관리가 쉬워지는 편리성 한샘 바스는 내부 자재, 접착제, 부속 자재까지 E0 등급의 소재를 적용합니다.  원자재 자체가 튼튼하고 충격에 강한 안정성 대리석/유리 강도 테스트를 진행해 충격에 의한 안정성을 검증한 한샘 바스입니다."
25,796031,int_room0001,int_type0001,[특가~9/29]밀란3  낭트,2168000,https://image.hanssem.com/hsimg/gds/1050/796/796031_A1.jpg?v=20250916145616,"밀란3 낭트  부드러운 아이보리톤과 다크 모카 컬러의 조합을 담은 공간입니다. 자연의 패턴을 그대로 담은 스타일로
세미 모던 스타일의 욕실을 연출하세요.  욕실을 더욱 넓어 보이게 만드는 낭트 플랩장 넉넉한 수납공간을 자랑하는 120cm 너비의 대형 플랩장입니다. 정갈하고 세련된 느낌의 켄트 오크 패턴과 욕실을 더욱 넓어 보이게 만드는 거울 도어의 조합입니다.  따뜻한 컬러의 LED 간접 조명 한샘 LED 간접 조명은 욕실을 한층 더 근사하게 만들어 줍니다. 비각형 디자인으로 슬립하기에 플랩장 하단에 설치하여 깔끔하게 연출할 수 있습니다. *추가비용 발생, 상담 시 안내드립니다.  청소와 관리가 용이한 안전한 욕실 휴플로어, 휴판넬 휴플로어는 특수 엠보싱 표면 가공으로 젖은 상태에서도 미끄럽지 않고 안전하며, 휴판넬은 바닥부터 천장까지 이어지는 대형 판넬로 이음매를 최소화하여 청소와 관리가 용이합니다.  쉽게 녹슬지 않아 관리가 쉬워지는 편리성 한샘 바스는 내부 자재, 접착제, 부속 자재까지 E0 등급의 친환경 소재를 적용합니다.  원자재 자체가 튼튼하고 충격에 강한 안정성 대리석/유리 강도 테스트를 진행해 충격에 의한 안정성을 검증한 한샘 바스입니다."
26,1064577,int_room0001,int_type0001,유로 5 매트오크,견적상담,https://image.hanssem.com/hsimg/gds/1050/1064/1064577_A1.jpg?v=20240724081423,"유로5 매트오크  자연 그대로를 느낄 수 있는 스톤재질의 벽과 우드결의 질감이 디자인을 완성하고, 스톤/우드 소재의 조화로운 매치가 특징인 내추럴 스타일의 욕실입니다.  내추럴 질감이 살아있는 매트 오크 상부장, 하부장 자연 그대로의 결이 살아있는 욕실 도어장을 만나보세요. 컴팩트한 사이즈의 가로 400 상부장으로 알차게 수납 가능하며, 오픈선반, 도어장이 구분된 하부장으로 체계적인 정리도 가능합니다.  매트 오크 비정형 조명 거울 조약돌을 모티브로 한 비정형 형태의 간접조명 거울은 공간을 아늑하고 따뜻하게 만들어줍니다. 가로 600, 1100 두가지 사이즈로 우리 집 욕실에 맞게 설치하세요.  청소와 관리가 용이한 안전한 욕실 휴플로어, 휴판넬 휴플로어는 특수 엠보싱 표면 가공으로 물에 젖은 상태에서도 미끄럽지 않고 안전하며, 휴판넬은 바닥부터 천장까지 이어지는 대형 판넬로 이음매를 최소화하여 청소와 관리가 용이합니다."
27,1064580,int_room0001,int_type0001,유로 5 매니쉬모던,견적상담,https://image.hanssem.com/hsimg/gds/1050/1064/1064580_A1.jpg?v=20240724081423,"유로5 매니쉬 모던  그레이 톤의 테라조 패턴 벽 판넬과 블랙 컬러의 수납장을 매치하여 중후한 남성적인 멋이 은은하게 느껴지는 욕실입니다. 다크그레이 미러 유리 도어가 분위기를 품격있게 연출해 줍니다.  매니쉬 모던 면도경 LED 조명 거울 LED 간접 조명 거울에 원형 면도경을 결합한 기능성 아이템입니다. 면도경은 상하좌우 이동이 가능하며 편리하게 사용 가능합니다. 은은하게 퍼지는 간접조명으로 무드 있는 욕실을 연출하세요.  매니쉬 모던 상부장, 하부장 다크 미러 유리를 적용한 상부장 도어는 거울 효과를 내주며 공간을 더욱 품격있게 완성합니다. 넉넉한 사이즈의 하부장은 청소 용품들을 깔끔하게 수납할 수 있으며, 확장형 설계가 가능합니다.  청소와 관리가 용이한 안전한 욕실 휴플로어, 휴판넬 휴플로어는 특수 엠보싱 표면 가공으로 물에 젖은 상태에서도 미끄럽지 않고 안전하며, 휴판넬은 바닥부터 천장까지 이어지는 대형 판넬로 이음매를 최소화하여 청소와 관리가 용이합니다."
28,760459,int_room0001,int_type0001,[특가~9/29]밀란3 피에트라,2168000,https://image.hanssem.com/hsimg/gds/1050/760/760459_A1.jpg?v=20250904150603,"밀란3 피에트라  웅장한 대리석 패턴을 합리적 가격에 담은 욕실입니다. 무게감 있는 그레이 욕실에 미니멀한 디자인의 블랙 포인트를 준 트렌디한 공간입니다.  스타일을 더해주는 플랩장 블랙 전면의 막힘없는 거울 도어는 좁은 공간을 더욱 넓어 보이게 합니다. 욕실 수납공간은 편리하고 수납 공간이 충분합니다.  최신 트렌드를 반영한 신규 판넬 고가 인테리어 마감재에 속하는 대형 대리석 타일의 패턴을 판넬에 적용한 피에트라 판넬입니다. 판넬과 컬러에서 오는 분위기가 욕실에 품격을 더해줍니다.  청소와 관리가 용이한 안전한 욕실 휴플로어, 휴판넬 휴플로어는 특수 엠보싱 표면 가공으로 젖은 상태에서도 미끄럽지 않고 안전하며, 휴판넬은 바닥부터 천장까지 이어지는 대형 판넬로 이음매를 최소화하여 청소와 관리가 용이합니다.  쉽게 녹슬지 않아 관리가 쉬워지는 편리성 한샘 바스는 내부 자재, 접착제, 부속 자재까지 E0 등급의 소재를 적용합니다.  원자재 자체가 튼튼하고 충격에 강한 안정성 대리석/유리 강도 테스트를 진행해 충격에 의한 안정성을 검증한 한샘 바스입니다."
29,760460,int_room0001,int_type0001,[특가~9/29]밀란 리버화이트,2152000,https://image.hanssem.com/hsimg/gds/1050/760/760460_A1.jpg?v=20250905095034,"밀란3 리버화이트  오랜 시간이 지나도 지루하지 않고 
유행에 민감하지 않은 자연스러운
욕실 공간을 만나보세요.  컴팩트한 원도어 슬라이딩장 수납 문제를 깔끔하게 해결해 주는 원도어 슬라이딩장. 슬라이딩장은 아이들도 쉽게 사용할 수 있습니다. 도어 개폐 시 차지하는 공간도 적어 소형 욕실 공간에 실용적입니다.  오랫동안 사랑받을 리얼 스톤 디자인 마감재 끊임없이 이어지는 자연스러운 마블 패턴이 욕실 공간을 더욱 시원하고 넓어 보이게 연출해 줍니다.  청소와 관리가 용이한 안전한 욕실 휴플로어, 휴판넬 휴플로어는 특수 엠보싱 표면 가공으로 젖은 상태에서도 미끄럽지 않고 안전하며, 휴판넬은 바닥부터 천장까지 이어지는 대형 판넬로 이음매를 최소화하여 청소와 관리가 용이합니다.  쉽게 녹슬지 않아 관리가 쉬워지는 편리성 한샘 바스는 내부 자재, 접착제, 부속 자재까지 E0 등급의 소재를 적용합니다.  원자재 자체가 튼튼하고 충격에 강한 안정성 대리석/유리 강도 테스트를 진행해 충격에 의한 안정성을 검증한 한샘 바스입니다."
30,991796,int_room0001,int_type0001,[특가~9/29]유로3 글램모던,3199200,https://image.hanssem.com/hsimg/gds/1050/991/991796_A1.jpg?v=20250922100351,"유로3 글램모던  통일감 있는 톤 온 톤 그레이 스타일의 편안한 모던 스타일 욕실. 모션센서를 이용한 LED 삼면경 안에서 새로운 나의 모습을 만나보세요.  욕실 전면을 환하게 빛내는 LED 삼면경 상부장 하부 모션센서를 이용하여 별도 스위치 없이 ON/OFF할 수 있고, 가벼운 손동작으로 제어가 가능합니다. 따뜻한 색온도로 아름다운 분위기를 연출합니다.  컴팩트한 디자인의 글램모던 하부장 컴팩트 보드를 이용하여 도어와 상판재질에 통일감을 주어 군더더기 없는 디자인을 선보입니다. 수건걸이형 상판으로 편리함까지 더한 하부장입니다. *하부장은 세트 연출컷으로, 상담 후 추가 결제 가능합니다.  청소와 관리가 용이한 안전한 욕실 휴플로어, 휴판넬 휴플로어는 특수 엠보싱 표면 가공으로 물에 젖은 상태에서도 미끄럽지 않고 안전하며, 휴판넬은 바닥부터 천장까지 이어지는 대형 판넬로 이음매를 최소화하여 청소와 관리가 용이합니다.  쉽게 녹슬지 않아 관리가 쉬워지는 편리성 한샘 바스는 내부 자재, 접착제, 부속 자재까지 E0 등급의 친환경 소재를 적용합니다.  원자재 자체가 튼튼하고 충격에 강한 안정성 대리석/유리 강도 테스트를 진행해 충격에 의한 안정성을 검증한 한샘 바스입니다."
31,1069027,int_room0001,int_type0002,멜란지,견적상담,https://image.hanssem.com/hsimg/gds/1050/1069/1069027_A1.jpg?v=20240724134406,"멜란지  자연스러운 패턴, 고급스러운 질감의 트레버틴 스톤과 깔끔한 톤온톤 스타일링이 매력적인 프리미엄 욕실입니다. 공간에 맞게 조합할 수 있는 다양한 수납 모듈과 아이템들로 나만의 특별한 욕실을 연출해 보세요.  고급스러운 트레버틴 타일을 톤온톤 스타일링 감도 높은 프리미엄 욕실 새로운 욕실 트렌드로 떠오른 트레버틴 타일에 유사한 컬러감의 매그놀리아 수납장을 매치해 편안하고 깔끔한 톤온톤 스타일링을 완성합니다.  욕실 규격에 맞게, 내 취향에 맞게 맞춤 설계 & 맞춤 시공 욕실에 맞춰 설계하는 맞춤 제작 상판과 불필요한 공간을 최소화하는 하부장 시공, 다양한 수전과 프리미엄 세면기 옵션까지. 일반 욕실 규격에 프리미엄 욕실을 연출할 수 있어요.  최고급 자재로 내구성을 더한 프리미엄 욕실 수납장 습기에 강한 소재에 단단한 한샘 스톤 LUX 상판을 적용한 수납장. 부엌/수납 도어와 동일한 매그놀리아 컬러 시트를 사용해 깔끔한 패밀리룩을 연출할 수 있습니다."
32,785808,int_room0001,int_type0001,[550만원딜 특가]퓨어화이트&글램모던&무드 부엌+욕실+수납 3PKG,5519660,https://image.hanssem.com/hsimg/gds/1050/785/785808_A1.jpg?v=20250919160726,"키친, 바스, 수납 3PKG  한샘이 제안하는 패키지 솔루션으로 우리집에서 꼭 필요한 공간만 바꾸고 확 달라진 우리집을 경험하세요.  밀란100 퓨어화이트 가장 기본적인 부엌 이미지를 연출하기 좋은 스타일. 순백색의 화이트 컬러로 어떤 인테리어에도 잘 어울리는 도어입니다.  소비자들이 선호하는 BEST 컬러 깨끗하고 세련된 화이트 부엌은 공간을 더욱 밝고 넓어 보이게 하며, 어떤 스타일의 인테리어에도 자연스럽게 어울립니다. 심플하면서도 현대적인 감각을 살려 우리집의 중심을 완성하세요.  편리하게 관리할 수 있는 유광 도어 펄이 없는 유광 도어로 세련된 광택을 제공하여 공간을 더욱 고급스럽게 연출합니다. 매끄러운 표면 덕분에 먼지나 오염물질이 잘 붙지 않아 쉽게 청결을 유지할 수 있어 관리가 편리합니다.  유로3 글램모던 통일감 있는 톤 온 톤 그레이 스타일의 편안한 모던 스타일 욕실. 모션센서를 이용한 LED 삼면경 안에서 새로운 나의 모습을 만나보세요.  욕실 전면을 환하게 빛내는 LED 삼면경 상부장 하부 모션센서를 이용하여 별도 스위치 없이 ON/OFF할 수 있고, 가벼운 손동작으로 제어가 가능합니다. 따뜻한 색온도로 아름다운 분위기를 연출합니다.  컴팩트한 디자인의 글램모던 하부장 컴팩트 보드를 이용하여 도어와 상판재질에 통일감을 주어 군더더기 없는 디자인을 선보입니다. 수건걸이형 상판으로 편리함까지 더한 하부장입니다. *하부장은 세트 연출컷으로, 상담 후 추가 결제 가능합니다.  청소와 관리가 용이한 안전한 욕실 휴플로어, 휴판넬 휴플로어는 특수 엠보싱 표면 가공으로 물에 젖은 상태에서도 미끄럽지 않고 안전하며, 휴판넬은 바닥부터 천장까지 이어지는 대형 판넬로 이음매를 최소화하여 청소와 관리가 용이합니다.  베이직 무드 붙박이장 화이트, 베이지 어떤 공간에도 잘 어울리며, 플랫한 디자인의 부드러운 컬러감이 돋보이는 베이직 무드 붙박이장을 만나보세요.  화사한 무드 화이트 컬러 어떠한 인테리어에도 잘 어울리는 무드 화이트 컬러는 공간을 은은하고 화사하게 밝혀줍니다.  따뜻한 무드 베이지 컬러 차분하면서 따뜻한 무드 베이지 컬러는 공간에 온기를 더해주며 훈훈한 인테리어로 연출해 줍니다.  돌출 없는 플랫한 디자인 손잡이가 밖으로 노출 되지 않는 빗각 디자인으로, 벽면과 일체감 있게 어우러지는 모던한 형태입니다.  붙박이장은 단연, 한샘입니다.  안심하고, 옷을 걸 수 있도록 최대 28kg까지 버틸 수 있는 두꺼운 옷걸이 봉을 사용하여 안전성을 높였습니다.  문제없이, 10년을 열고 닫도록 하루 최소 10번은 열고 닫는 문, 45,000번의 개폐 테스트를 통과한 고품질 힌지를 사용하였습니다.  무거워도, 변형과 휘어짐이 없도록 일반적인 자재보다 두꺼운 자재 사용으로 안정감 있고 견고한 제품을 만듭니다.  걱정 없이, 오염과 긁힘에 강하도록 도어 표면자재에 대한 유해성과 물성 테스트를 통과하였습니다.  독보적인 시공력 무려 4-6시간이 소요되는 붙박이장 시공은 높은 수준의 전문성이 요구되며, 시공 품질이 곧 제품의 완성도가 됩니다.  이전 설치 서비스 이사할 때 공간 크기나 가구 배치가 달라져도, 기존 가구를 버리거나 다른 가구를 새로 구매하실 필요가 없습니다. 이전 설치에 대한 고민도 간편하게 해결하세요. * 한샘 이동시공 센터 1522-0468로 문의해 주시면, 가능 여부 및 비용에 대한 정확한 안내를 도와드리겠습니다.  평생 가는 AS 서비스 브랜드를 구매하시는 이유, 간편하고 신뢰도 높은 업계 최고의 AS를 평생 받으실 수 있습니다. 국내 어디든 전문 기사님이 찾아가는 서비스를 경험하세요.  유해물질 걱정 없는 친환경 자재 E0 시공 매일 쓰는 우리 집 가구, 자재등급부터 꼭 따져보세요. 한샘은 전 제품 유해물질 없는 친환경자재 E0만 사용합니다.  쉽게 녹슬지 않아 관리가 쉬워지는 편리성 한샘 바스는 내부 자재, 접착제, 부속 자재까지 E0 등급의 소재를 적용합니다.  원자재 자체가 튼튼하고 충격에 강한 안정성 대리석/유리 강도 테스트를 진행해 충격에 의한 안정성을 검증한 한샘 바스입니다."
33,1064600,int_room0001,int_type0001,밀란 3 낭트,견적상담,https://image.hanssem.com/hsimg/gds/1050/1064/1064600_A1.jpg?v=20240724081423,"밀란3 낭트  부드러운 아이보리톤과 다크 모카 컬러의 조합을 담은 공간입니다.
자연의 패턴을 그대로 담은 스타일로
세미 모던 스타일의 욕실을 연출하세요.  욕실을 더욱 넓어 보이게 만드는 낭트 플랩장 넉넉한 수납공간을 자랑하는 120cm 너비의 대형 플랩장입니다. 정갈하고 세련된 느낌의 켄트 오크 패턴과 욕실을 더욱 넓어 보이게 만드는 거울 도어의 조합입니다.  따뜻한 컬러의 LED 간접 조명 한샘 LED 간접 조명은 욕실을 한층 더 근사하게 만들어 줍니다. 비각형 디자인으로 슬립하기에 플랩장 하단에 설치하여 깔끔하게 연출할 수 있습니다.  청소와 관리가 용이한 안전한 욕실 휴플로어, 휴판넬 휴플로어는 특수 엠보싱 표면 가공으로 물에 젖은 상태에서도 미끄럽지 않고 안전하며, 휴판넬은 바닥부터 천장까지 이어지는 대형 판넬로 이음매를 최소화하여 청소와 관리가 용이합니다."
34,1064581,int_room0001,int_type0001,유로 3 글램모던,견적상담,https://image.hanssem.com/hsimg/gds/1050/1064/1064581_A1.jpg?v=20240724081423,"유로3 글램모던  통일감 있는 톤 온 톤 그레이 스타일의 편안한 모던 스타일 욕실. 모션센서를 이용한 LED 삼면경 안에서 새로운 나의 모습을 만나보세요.  욕실 전면을 환하게 빛내는 LED 삼면경 상부장 하부 모션센서를 이용하여 별도 스위치 없이 ON/OFF할 수 있고, 가벼운 손동작으로 제어가 가능합니다. 따뜻한 색온도로 아름다운 분위기를 연출합니다.  컴팩트한 디자인의 글램모던 하부장 컴팩트 보드를 이용하여 도어와 상판재질에 통일감을 주어 군더더기 없는 디자인을 선보입니다. 수건걸이형 상판으로 편리함까지 더한 하부장입니다.  청소와 관리가 용이한 안전한 욕실 휴플로어, 휴판넬 휴플로어는 특수 엠보싱 표면 가공으로 물에 젖은 상태에서도 미끄럽지 않고 안전하며, 휴판넬은 바닥부터 천장까지 이어지는 대형 판넬로 이음매를 최소화하여 청소와 관리가 용이합니다."
35,1064276,int_room0001,int_type0001,유로3 갤러리 홈,견적상담,https://image.hanssem.com/hsimg/gds/1050/1064/1064276_A1.jpg?v=20240724081423,"유로5 갤러리 홈  미술관을 모티브로 한 화이트톤의 벽과 바닥의 깨끗한 무드 욕실입니다. 포인트 욕실 아이템들로 차별화된 공간을 만듭니다.  컬러 포인트의 세면 수전, 거울 선반 투톤 컬러 수전, 포인트 선반으로 세면 공간을 더욱 돋보이게 합니다.  오브제 같은 스탠딩 세면기 슬림한 디자인의 스탠딩 세면기는 하나의 오브제와 같이 욕실에 아름다움을 더해 줍니다. 조명 거울과의 조합으로 욕실을 더욱 개성 있게 연출해 보세요.  청소와 관리가 용이한 안전한 욕실 휴플로어, 휴판넬 휴플로어는 특수 엠보싱 표면 가공으로 물에 젖은 상태에서도 미끄럽지 않고 안전하며, 휴판넬은 바닥부터 천장까지 이어지는 대형 판넬로 이음매를 최소화하여 청소와 관리가 용이합니다."
36,1069024,int_room0001,int_type0002,뮤트,견적상담,https://image.hanssem.com/hsimg/gds/1050/1069/1069024_A1.jpg?v=20240724133514,"뮤트 매끄럽게 떨어지는 SEAMLESS 마감재와 화사하고 깔끔한 화이트 톤 스타일링으로 트렌드와 가격 경쟁력을 동시에 챙긴 20~30평대의 욕실에서 가장 선호하는 플랜입니다.  20~30평대 기본 욕실에 적합한
깔끔 & 트렌디한 구성 화이트 톤과 매끄러운 심리스 마감재의 깔끔한 스타일링, 일반 사이즈 욕실에서 가장 선호하는 젠다이 & 반조적 파티션 플랜으로 트렌디하고 깔끔한 구성을 제안합니다.  대세감과 가격 경쟁력을 동시에 갖춘 아이템 인테리어 업계에서 가장 주목 받는 패턴의 마감재와 고급스러운 분위기를 연출하는 조명거울, 세련된 니켈수전으로 대세감을 살리고, 리얼 스톤 느낌의 엔지니어드 스톤을 사용해 완성도 높은 욕실을 완성합니다.  우리집 욕실에 꼭 맞춘 욕실장 라인업 수납량에 따라 사이즈를 선택할 수 있는 상부장과 슬림한 두께의 볼 세면기와 결합된 하부장으로 우리집 욕실에 꼭 맞춘 간결한 수납을 완성합니다."
37,785810,int_room0001,int_type0001,[550만원딜 특가]유로화이트&리버화이트 부엌+바스 2PKG,5505600,https://image.hanssem.com/hsimg/gds/1050/785/785810_A1.jpg?v=20250919155904,"키친,바스 2PKG  한샘이 제안하는 패키지 솔루션으로 우리집에서 꼭 필요한 공간만 바꾸고 확 달라진 우리집을 경험하세요.  유로300 유로 광택감이 살아있어 깔끔한 무드가 돋보이는 스타일로 유로를 대표하는 스탠다드 모델입니다.  맑은 광택감의 화사한 유광 주방 은은한 진주펄이 더해져 유리와 같은 광택감이 감도는 유로 화이트 도어  쉬운 유지 관리 오염물이 쉽게 착색되지 않아 유지관리가 쉬운 유광 코팅 표면  밀란3 리버화이트 오랜 시간이 지나도 지루하지 않고 유행에 민감하지 않은 자연스러운 욕실 공간을 만나보세요.  컴팩트한 원도어 슬라이딩장 수납 문제를 깔끔하게 해결해 주는 원도어 슬라이딩장. 슬라이딩장은 여닫이형에 비해 아이들도 쉽게 사용할 수 있습니다. 도어 개폐 시 차지하는 공간도 적어 소형 욕실 공간에 실용적입니다.  오랫동안 사랑받을 리얼 스톤 디자인 마감재 끊임없이 이어지는 자연스러운 마블 패턴이 욕실 공간을 더욱 시원하고 넓어 보이게 연출해 줍니다.  청소와 관리가 용이한 안전한 욕실 휴플로어, 휴판넬 휴플로어는 특수 엠보싱 표면 가공으로 물에 젖은 상태에서도 미끄럽지 않고 안전하며, 휴판넬은 바닥부터 천장까지 이어지는 대형 판넬로 이음매를 최소화하여 청소와 관리가 용이합니다.  유해물질 걱정 없는 친환경 자재 E0 시공 매일 쓰는 우리 집 가구, 자재등급부터 꼭 따져보세요. 한샘은 전 제품 유해물질 없는 친환경자재 E0만 사용합니다.  쉽게 녹슬지 않아 관리가 쉬워지는 편리성 한샘 바스는 내부 자재, 접착제, 부속 자재까지 E0 등급의 소재를 적용합니다.  원자재 자체가 튼튼하고 충격에 강한 안정성 대리석/유리 강도 테스트를 진행해 충격에 의한 안정성을 검증한 한샘 바스입니다."
38,1064576,int_room0001,int_type0001,유로 5 뉴트로모던,견적상담,https://image.hanssem.com/hsimg/gds/1050/1064/1064576_A1.jpg?v=20240724081423,"유로5 뉴트로 모던  라이프스타일에 따라 선반을 자유롭게 이동하고, 간편한 수납으로 미니멀한 욕실을 완성합니다. 레트로 무드를 극대화한 나만의 욕실을 연출해 보세요.  뉴트로 모던 조명거울, 악세서리 시리즈 은은하게 퍼지는 빛이 욕실 공간의 디테일 품격을 더해줍니다. 레일 구조의 선반은 간편하게 배치할 수 있어 나만의 레이아웃 연출이 가능합니다.  뉴트로 모던 하부장 타원형 세면볼과 짙은 컬러의 하부장이 레트로 무드를 더해줍니다. 벽면의 일체감 있는 컬러의 하부장 안에 다양한 욕실용품을 편리하게 수납하세요.  청소와 관리가 용이한 안전한 욕실 휴플로어, 휴판넬 휴플로어는 특수 엠보싱 표면 가공으로 물에 젖은 상태에서도 미끄럽지 않고 안전하며, 휴판넬은 바닥부터 천장까지 이어지는 대형 판넬로 이음매를 최소화하여 청소와 관리가 용이합니다."
39,1064585,int_room0001,int_type0001,밀란 7 프레임우드,견적상담,https://image.hanssem.com/hsimg/gds/1050/1064/1064585_A1.jpg?v=20240724081423,"밀란7 프레임우드  스톤 질감을 그대로 살린 벽판과 슬림한 프레임 디자인이 돋보이는 우드 수납장의 조화로 미니멀&내추럴 스타일의 욕실입니다.  수납이 간편한 슬림 스타일의 우드 수납장 프레임 우드 상하부장은 쓰임새에 따라 분류하여 수납이 가능합니다. 자주 쓰는 물품은 상부장에, 청소용품 등은 하부장에 수납하여 편리하게 욕실 환경을 관리할 수 있습니다.  욕실 무드를 완성하는 LED 조명 거울 타원형 조명 거울은 디밍 기능이 있어 전면의 터치 스위치로 원하는 빛의 밝기를 조절해 사용할 수 있습니다.  청소와 관리가 용이한 안전한 욕실 휴플로어, 휴판넬 휴플로어는 특수 엠보싱 표면 가공으로 물에 젖은 상태에서도 미끄럽지 않고 안전하며, 휴판넬은 바닥부터 천장까지 이어지는 대형 판넬로 이음매를 최소화하여 청소와 관리가 용이합니다."
40,770064,int_room0001,int_type0001,[특가~9/29]밀란 모노시티,2456000,https://image.hanssem.com/hsimg/gds/1050/770/770064_A1.jpg?v=20250905095057,"밀란5 모노시티  화이트 + 그레이 컨셉의 빈티지 모던 욕실. 도시 속 현대인을 위한 욕실 세트로 당신만의 시크한 욕실을 연출해보세요.  모노 시티 상부장과 사각 거울 멋스러운 반투명 플루트 무늬 유리와 블랙 알루미늄 프레임이 적용된 상부장, 시크한 사각 거울이 빈티지한 무드를 연출해 줍니다.  콘크리트 다크 그레이 휴판넬 콘크리트 질감이 느껴지는 다크 그레이 판넬로 로프트 하우스의 빈티지 모던 분위기를 연출합니다.  청소와 관리가 용이한 안전한 욕실 휴플로어, 휴판넬 휴플로어는 특수 엠보싱 표면 가공으로 젖은 상태에서도 미끄럽지 않고 안전하며, 휴판넬은 바닥부터 천장까지 이어지는 대형 판넬로 이음매를 최소화하여 청소와 관리가 용이합니다.  쉽게 녹슬지 않아 관리가 쉬워지는 편리성 한샘 바스는 내부 자재, 접착제, 부속 자재까지 E0 등급의 소재를 적용합니다.  원자재 자체가 튼튼하고 충격에 강한 안정성 대리석/유리 강도 테스트를 진행해 충격에 의한 안정성을 검증한 한샘 바스입니다."
41,644739,int_room0001,int_type0001,[특가~9/29]밀란5 뉴트럴브라운,2416000,https://image.hanssem.com/hsimg/gds/1050/644/644739_A1.jpg?v=20250922100252,"밀란5 뉴트럴브라운  진정한 휴식으로서의 공간, 우리 집 욕실. 유행을 타지 않는 컬러와 디자인으로 편안한 욕실 공간을 연출하세요.  뉴트럴 브라운 거울 & 선반 가로, 세로형 설치가 가능한 거울은 욕실 전면을 풍성하게 채워줍니다. 선반, 거울, 상부장의 조합 또한 세련된 공간을 만듭니다.  뉴트럴 브라운 상부장 다양한 욕실용품을 실속 있게 보관하세요. 무광 실버 가이드바는 물건의 낙하를 방지해 주며 화장품 등을 편리하게 수납할 수 있습니다.  청소와 관리가 용이한 안전한 욕실 휴플로어, 휴판넬 휴플로어는 특수 엠보싱 표면 가공으로 젖은 상태에서도 미끄럽지 않고 안전하며, 휴판넬은 바닥부터 천장까지 이어지는 대형 판넬로 이음매를 최소화하여 청소와 관리가 용이합니다.  쉽게 녹슬지 않아 관리가 쉬워지는 편리성 한샘 바스는 내부 자재, 접착제, 부속 자재까지 E0 등급의 소재를 적용합니다.  원자재 자체가 튼튼하고 충격에 강한 안정성 대리석/유리 강도 테스트를 진행해 충격에 의한 안정성을 검증한 한샘 바스입니다."
42,770061,int_room0001,int_type0001,[특가~9/29]밀란 오블리크화이트,2336000,https://image.hanssem.com/hsimg/gds/1050/770/770061_A1.jpg?v=20250905095115,"밀란5 오블리크화이트  화이트톤 벽면에 선반 일체형 블랙 상부장을 포인트로 매치한 모던 스타일 욕실을 원색의 도어, 액세서리, 소품 등 포인트와 매치하여 개성 있게 연출하세요.  테라조 화이트 벽판넬 은은한 스톤 패턴이 화이트톤 욕실을 더욱 특별하게 만들어줍니다. 테라조 화이트 벽판넬로 화사하고 심플한 호텔식 욕실을 연출해 보세요.  멀티 기능의 은경 슬라이딩장 선반형 수납, 거울 역할을 동시에 하는 선반형 거울 슬라이딩장으로 효율적인 공간 사용이 가능합니다. 선반 일체형 디자인으로 간편하게 수납물을 배치해 보세요.  청소와 관리가 용이한 안전한 욕실 휴플로어, 휴판넬 휴플로어는 특수 엠보싱 표면 가공으로 젖은 상태에서도 미끄럽지 않고 안전하며, 휴판넬은 바닥부터 천장까지 이어지는 대형 판넬로 이음매를 최소화하여 청소와 관리가 용이합니다.  쉽게 녹슬지 않아 관리가 쉬워지는 편리성 한샘 바스는 내부 자재, 접착제, 부속 자재까지 E0 등급의 친환경 소재를 적용합니다.  원자재 자체가 튼튼하고 충격에 강한 안정성 대리석/유리 강도 테스트를 진행해 충격에 의한 안정성을 검증한 한샘 바스입니다."
43,1064575,int_room0001,int_type0001,유로 5 프렌치클래식,견적상담,https://image.hanssem.com/hsimg/gds/1050/1064/1064575_A1.jpg?v=20240724081423,"유로5 프렌치 클래식  화이트 무광의 카라라 패턴 판넬과 헤링본 패턴의 우드 판넬을 매치하여 세련되면서도 편안하고 분위기로 연출한 클래식 욕실입니다.  프렌치 클래식 라운드 거울 & 갤러리 조명 그리고 선반 라운딩 거울, 갤러리 조명 등이 욕실을 더욱 클래식하게 연출합니다. 가로 1200 사이즈의 선반은 세면 공간의 수납을 더욱 편리하게 합니다.  프렌치 클래식 상부장, 하부장 몰딩 디자인의 상부장이 욕실에 우아함을 더해줍니다. 넉넉한 사이즈의 하부장은 대형 사이즈의 욕실용품들을 깔끔하게 수납합니다.  청소와 관리가 용이한 안전한 욕실 휴플로어, 휴판넬 휴플로어는 특수 엠보싱 표면 가공으로 물에 젖은 상태에서도 미끄럽지 않고 안전하며, 휴판넬은 바닥부터 천장까지 이어지는 대형 판넬로 이음매를 최소화하여 청소와 관리가 용이합니다."
44,1069026,int_room0001,int_type0002,에디트,견적상담,https://image.hanssem.com/hsimg/gds/1050/1069/1069026_A1.jpg?v=20240724140855,"에디트  프리미엄 타일로 고급스러운 욕실을 제안하는 에디트는 수납장 컬러와 세면대, 수전을 취향에 맞게 선택하고, 욕실 규격에 딱 맞는 맞춤 수납을 설계할 수 있어 취향과 공간에 맞춘 다채로운 커스터마이징이 가능합니다.  대형 타일과 무드 조명으로 완성한 호텔같은 욕실 최신 욕실 트렌드인 대형 타일을 적용해 세련된 디자인을 완성하고, 무드 조명을 활용해 고급스러운 호텔 분위기의 욕실을 연출합니다.  욕실 규격에 맞게, 내 취향에 맞게 맞춤 설계 & 맞춤 시공 욕실에 맞춰 설계하는 맞춤 제작 상판과 불필요한 공간을 최소화하는 하부장 시공, 다양한 수전과 프리미엄 세면기 옵션까지. 내 취향에 맞춘 욕실을 연출해 보세요.  최고급 자재로 내구성을 더한 프리미엄 욕실 수납장 습기에 강한 욕실 수납 소재와 단단한 한샘 스톤 LUX 상판. 독일 Renolit사의 최고급 필름 도어로 오래 써도 견고한 프리미엄 욕실 수납장을 선보입니다."
45,1064295,int_room0002,int_type0003,[현관]팬트리,견적상담,https://image.hanssem.com/hsimg/gds/1050/1064/1064295_A1.jpg?v=20241113172457,"[현관]팬트리 우리집의 현관을 환하게 밝혀주는 슬림 조명장입니다.
자주 보고 싶은 멋진 신발들을 정리해 내 취향이 담긴
장식 공간을 완성하세요.  틈새 수납을 활용한 수납공간 향상 좁은 코너 공간에 선반을 설치하여 알차게 틈새 수납을 해보세요.
상부 선반에는 부피가 작은 물건들을 종류별로 구획하여 정리할 수 있고,
오픈된 하부 공간에는 부피가 크거나 바퀴가 있는 야외용품을 보관하기 편리합니다.  자유롭게 높이 조절이 가능한 오픈선반 다양한 수납물의 사이즈에 맞춰 선반 높이를 자유롭게 이용해보세요.
손이 자주가느나 물건부터 가끔 사용하는 물건까지 유형별로 구분지어 정리해두면
필요할때 언제든 손쉽게 찾을 수 있어 편리합니다."
46,1064294,int_room0002,int_type0003,[현관] 슬림 조명장,견적상담,https://image.hanssem.com/hsimg/gds/1050/1064/1064294_A1.jpg?v=20240724081423,"현관 슬림 조명장 우리집의 현관을 환하게 밝혀주는 슬림 조명장입니다.
자주 보고 싶은 멋진 신발들을 정리해 내 취향이 담긴
장식 공간을 완성하세요.  소중한 아이템을 더 돋보이게 하는 LED 매립조명 수납물을 돋보이게 하는 LED 조명이 양쪽에 매립되어 있습니다.
중앙 선반 하단의 터치 스위치로 조명 ON / OFF , 3단 밝기 조절이 가능합니다.
그레이 컬러의 유리 선반과 매치되어 더욱 고급스럽게 연출됩니다.  거울로도 활용 가능한 실용적인 도어 슬림 조명장의 유리 도어는 내부 조명을 끄면 거울로 변해
외출 준비도 편리합니다.  넉넉한 신발 수납 우리 가족의 신발을 모두 수납해도 넉넉한 사이즈의 현관장이에요.
신발을 수납하고 남은 공간에 각종 수납물을 깔끔하게 정리해 보세요."
47,1052902,int_room0002,int_type0003,[현관] 페어 현관장,견적상담,https://image.hanssem.com/hsimg/gds/1050/1052/1052902_A1.jpg?v=20241113165454,"[현관] 페어 현관장 매그놀리아&애쉬월넛&매트화이트 현관 공간에 어우러지는 톤온톤
프리미엄 호텔처럼 은은하고
고급스러운 현관 공간을 연출하세요.  따뜻한 베이지, 매그놀리아 포근한 베이지, 매그놀리아 컬러로 현관 공간을 부드럽게 연출할 수 있습니다.  공간을 고급스럽게 감싸는 애쉬월넛 리얼한 우드 텍스처와 은은한 애쉬톤의 월넛 디자인으로
우리집 첫 인상을 엣지있게 만들어 보세요.  따뜻한 아이보리 화이트 미색의 아이보리 화이트 컬러로
개방감있고 화사한 현관 공간을 완성해 보세요.  간결한 채널형 손잡이 매끄럽게 뻗은 F자 채널형 디자인으로 손쉽게 열고 닫을 수 있는 간편함과 도어와 동일한 컬러로 일체감을 갖추었습니다. * 손잡이는 디자인 특성상 오른쪽 도어에만 부착됩니다.  우리 집에 맞춘 현관장 공사 없이 현관장만 교체하고 싶을때는 일반형, 자주 신는 신발 등 실용적인 수납을 원하신다면 행잉형으로 우리 집에 맞춰 선택해 보세요. *행잉형 가능 도어 : 매그놀리아, 매트화이트"
48,1052905,int_room0002,int_type0003,[베이직] 플랫 현관장,견적상담,https://image.hanssem.com/hsimg/gds/1050/1052/1052905_A1.jpg?v=20240724080842,"베이직 플랫 현관장 화이트&그레이 밝고 화사한 화이트&그레이 컬러의 플랫 시리즈로
현관 공간을 화사하고 넓게 만들어 보세요.
내구성과 마감 처리가 뛰어난 플랫 시리즈는
오랜시간 깔끔하게 사용할 수 있습니다.  새하얀 순백 컬러의 플랫 화이트 눈처럼 순수한 컬러인 무광화이트 컬러는
공간을 밝혀주며, 모던하고 심플한 매력으로
어떤 인테리어에도 잘 어울립니다.  밝고 세련된 컬러의 플랫 그레이 인테리어 스테디셀러 그레이 컬러는
은은하게 톤 다운된 컬러감과 함께
차분하고 트렌디한 공간 연출을 도와줍니다.  채널형 손잡이와 무광 도어의 조화 모던한 디자인의 채널 손잡이와
매끈한 무광 도어의 조합으로
세련된 공간을 연출해 보세요. * 손잡이는 디자인 특성상 오른쪽 도어에만 부착됩니다.  우리 집에 맞춘 현관장 공사 없이 현관장만 교체하고 싶을때는 일반형, 자주 신는 신발 등 실용적인 수납을 원하신다면 행잉형으로 우리 집에 맞춰 선택해 보세요."
49,1103873,int_room0002,int_type0004,[빌트인] 거실 공틀장,견적상담,https://image.hanssem.com/hsimg/gds/1050/1103/1103873_A1.jpg?v=20250509113922,빌트인 거실 공틀장 거실의 베란다 터닝도어를 깔끔하게 숨길 수 있는 공틀장으로 히든 인테리어를 경험해 보세요.  터닝도어를 숨겨주는 공틀장 거실의 베란다 도어도 감쪽같이 숨겨보세요. 비규격 맞춤으로 우리집 너비와 높이에 맞게 설계할 수 있어요.  상부공간까지 알차게 도어 상부 공간에도 수납장이 있어서 자주 사용하지 않는 물건을 보관하기 좋아요.  깔끔한 푸쉬도어 손잡이 없이 눌러서 여는 푸쉬도어로 더욱 미니멀한 거실장을 완성해보세요.
50,1048927,int_room0002,int_type0005,[시그니처] 첼시 붙박이장,견적상담,https://image.hanssem.com/hsimg/gds/1050/1048/1048927_A1.jpg?v=20250708110503,"시그니처 첼시 붙박이장 부드럽고 은은한 매그놀리아 컬러 도어에
무광 블랙 손잡이는 시크한 분위기를 자아냅니다.
모던하고 세련된 첼시로 트렌디한 인테리어를 완성하세요.  부드럽고 은은한 매그놀리아 따뜻한 분위기의 라이트 베이지 컬러 매그놀리아는 공간을 화사하게 밝혀줍니다.  블랙 포인트 손잡이와 몰딩의 조화 부드러운 깊이감이 느껴지는 섬세한 몰딩 디테일과
모던한 블랙 스팟 손잡이로 세련되면서도
클래식한 공간을 연출해 보세요.  새로운 수납 경험, 시그니처 시스템 완벽한 수납을 위해 디자인부터 모듈 구성까지, 완전히 새로워진 프리미엄 붙박이장을 만나보세요."
51,1064311,int_room0002,int_type0005,[베이직] 침실 오픈서랍장,견적상담,https://image.hanssem.com/hsimg/gds/1050/1064/1064311_A1.jpg?v=20240906145428,"[베이직] 침실 오픈서랍장 자주 입는 걸이옷은 상부에 쉽게 거치하고,
접이옷은 서랍에 보관할 수 있는 오픈 서랍장으로
의류는 관리가 편하게, 공간은 깔끔하게 연출하세요.  매일 입는 의류 관리가 쉬워지는 오픈장 오픈장으로 바쁜 아침 동선에 방해 없이
걸이옷을 쉽게 챙기고, 퇴근 후엔
외투를 거치해 오염된 옷을 관리해 보세요.  접이 옷 수납이 가능한 서랍장 접이 옷이나 양말 등 서랍 수납이 필요한 의류는
하부 서랍장에 보관하세요.
숨김 수납으로 깔끔한 드레스룸이 만들어집니다.  빈 공간 없이 알찬 수납력 자주 사용하지 않는 물건이나 옷은
상부 공간에 알차게 수납하세요.  다양한 도어로 만나는 파우더장 출시 이후 꾸준히 사랑받고 있는 BEST 도어 모델과 함께 우리 집에 어울리는 드레스룸 공간으로 만들어보세요."
52,1103878,int_room0002,int_type0005,[시그니처] 글래스 붙박이장,견적상담,https://image.hanssem.com/hsimg/gds/1050/1103/1103878_A1.jpg?v=20250626101604,"시그니처 글래스 붙박이장 은은한 브론즈 프레임의 유리도어를 소개합니다. 더 슬림해진 프레임과 일체형 핸들, 깔끔한 매립형 힌지로 감각적이고도 세련된 공간을 연출해 보세요.  미니멀한 디자인과 유리도어로 완성한 감각적인 LOOK 고급스러운 유리도어를 감싸는 슬림한 프레임과 일체형 F자 핸들이 쇼룸처럼 감각적인 공간 무드를 연출합니다.  시그니처의 감성을 그대로, 은은한 브론즈 컬러 시그니처 붙박이장의 고급스러운 컬러와 잘 어울리도록 섬세한 조색을 거친 브론즈 컬러의 프레임은 시그니처 붙박이장의 프리미엄 감성을 더욱 돋보이게 합니다.  은은하게 보여주는 감각적인 유리도어 투명하지만 은은한 느낌을 자아내는 유리 도어는 나만의 취향을 보여주는 포인트 도어로 활용할 수 있습니다.  원하는 도어와의 콤비 설계 벽면 전체를 일반 도어로 채우기 밋밋하다면, 글래스 도어와의 콤비설계로 나만의 특별한 붙박이장을 완성해 보세요."
53,982549,int_room0002,int_type0004,[빌트인] 자녀방 침대장,견적상담,https://image.hanssem.com/hsimg/gds/1050/982/982549_A1.jpg?v=20240724080842,"빌트인 침대장  아이의 꿈을 키워주는 빌트인 자녀방
수납물이 많아지는 우리 아이에게 침대장을 선물해 주세요.  좁은 공간에 맞춘 멀티 수납 설계 붙박이장, 책장, 책상과 함께 설계하면 깔끔해진 동선으로 여유 공간이 생기고 부족했던 수납공간도 확보할 수 있습니다.  책을 수납할 수 있는 간편한 침대 헤드 침대 헤드에는 아이가 좋아하는 책이나 소품을 올려두어 잠자리에서도 편하게 독서할 수 있어요."
54,982548,int_room0002,int_type0003,[현관] 벤치장,견적상담,https://image.hanssem.com/hsimg/gds/1050/982/982548_A1.jpg?v=20241113171253,"현관 벤치장(일반형&거울형) 현관 벤치장에 앉아 신발을 신고 벗어 보세요.
한층 편리한 외출 준비를 할 수 있습니다.
거울이 함께있는 거울 벤치장은 현관을 나서기 전에
마지막으로 깔끔하게 옷매무새를 다듬을 수 있어요.  편리한 벤치 공간 현관장에 벤치장으로 꾸며 신발을 편하게 신고 벗을 수 있고
수납장에는 간단한 다용도 물품을 수납할 수 있어 편리해요.  브론즈 거울로 포인트를 준 현관 브론즈 거울은 밋밋한 공간에 포인트가 되고,
세련된 이미지를 심어줄 수 있어요.
외출 전 마지막으로 옷매무새를 다듬기에도 좋아요.  넉넉한 신발 수납 우리 가족의 신발을 모두 수납해도 넉넉한 사이즈의 현관장이에요.
신발을 수납하고 남은 공간에 각종 수납물을 깔끔하게 정리해 보세요."
55,1064705,int_room0002,int_type0005,[베이직] 침실 모던 파우더장,견적상담,https://image.hanssem.com/hsimg/gds/1050/1064/1064705_A1.jpg?v=20240906150509,"[베이직] 침실 모던 파우더장 옷장과 화장대를 하나의 플랜으로 구성한 침실 파우더장으로
바쁜 출근 시간에 동선을 최소화해 출근 준비 시간을 단축할 수 있어요.
3분할 거울장과 대리석 패턴의 상판으로 포인트를 주어서 더욱 돋보여요.  효율적인 공간 활용 옷장에 파우더장을 함께 구성하면
짧은 동선으로 효율성을 높일 수 있습니다.
외출 준비 시간을 단축해 보세요.  3분할 거울 3분할 거울은 공간이 넓어 보이는 효과를 주며,
거울 뒤 공간에는 매일 사용하는 화장품을 깔끔하게 숨김 수납할 수 있어요.  대리석 패턴 상판 세련된 대리석 패턴 상판은 고급스러운 분위기를 연출할 수 있어요.  다양한 도어로 만나는 파우더장 출시 이후 꾸준히 사랑받고 있는 BEST 도어 모델과 함께 우리 집에 어울리는 침실 공간으로 만들어보세요."
56,988307,int_room0002,int_type0005,[특가~9/29]무드 붙박이장,779000,https://image.hanssem.com/hsimg/gds/1050/988/988307_A1.jpg?v=20250905095214,"베이직 무드 붙박이장 화이트+베이지 어떤 공간에도 잘 어울리며, 플랫한 디자인의 부드러운 컬러감이 돋보이는 베이직 무드 붙박이장을 만나보세요.  화사한 무드 화이트 컬러 어떠한 인테리어에도 잘 어울리는 무드 화이트 컬러는 공간을 은은하고 화사하게 밝혀줍니다.  따뜻한 무드 베이지 컬러 차분하면서 따뜻한 무드 베이지 컬러는 공간에 온기를 더해주며 훈훈한 인테리어로 연출해 줍니다.  돌출 없는 플랫한 디자인 손잡이가 밖으로 노출 되지 않는 빗각 디자인으로, 벽면과 일체감 있게 어우러지는 모던한 형태입니다.  붙박이장은 단연, 한샘입니다.  안심하고, 옷을 걸 수 있도록 최대 28kg까지 안전하게 사용하실 수 있도록 두꺼운 옷걸이 봉을 활용해 설계했습니다.  문제 없이, 10년을 열고 닫도록 하루 최소 10번을 열고 닫는 문, 45,000번의 개폐 테스트를 통과한 힌지만 사용합니다.  무거워도, 변형과 휘어짐이 없도록 일반적인 자재보다 두꺼운 자재 사용으로 안정감 있고 견고한 제품을 만듭니다.  걱정 없이, 오염과 긁힘에 강하도록 도어 표면자재에 대한 유해성과 물성 테스트를 통과하였습니다.  독보적인 시공력 무려 4-6시간이 소요되는 붙박이장 시공은 높은 수준의 전문성이 요구되며, 시공 품질이 곧 제품의 완성도가 됩니다.  이전 설치 서비스 이사할 때 공간 크기나 가구 배치가 달라져도, 기존 가구를 버리거나 다른 가구를 새로 구매하실 필요가 없습니다. 이전 설치에 대한 고민도 간편하게 해결하세요. * 한샘 이동시공 센터 1522-0468로 문의해 주시면, 가능 여부 및 비용에 대한 정확한 안내를 도와드리겠습니다.  평생 가는 AS 서비스 브랜드를 구매하시는 이유, 간편하고 신뢰도 높은 업계 최고의 AS를 평생 받으실 수 있습니다. 국내 어디든 전문 기사님이 찾아가는 서비스를 경험하세요."
57,1052913,int_room0002,int_type0004,[빌트인] 거실 다이닝장식장,견적상담,https://image.hanssem.com/hsimg/gds/1050/1052/1052913_A1.jpg?v=20241113175528,"[빌트인] 거실 다이닝장식장  실용적인 가전 수납과 홈카페를 원하는
우리 가족을 위한 다이닝 공간입니다.  분위기 있는 우리 집 홈카페, 빌트인 다이닝 장식장 고급스러운 마블 포인트와 깔끔한 화이트 도어가 우리 집 주방을 나만의 홈카페로 변신시켜 줍니다.  간편한 매립형 콘센트 자주 사용하는 소형 가전은 오픈장 뒤의 매립형 콘센트에 연결해 편리하게 사용하세요.  깔끔한 가림 수납 가리고 싶은 물건들은 서랍장에 깔끔하게 수납하여 정리하세요.  똑똑한 소형 가전 수납 청소기는 2구 매립 콘센트가 포함된 청소기장으로 밥솥, 전자레인지 등 소형 가전은 맞춤 장에 똑똑하게 수납하세요."
58,1052898,int_room0002,int_type0003,[현관] 유로클래식 현관장,견적상담,https://image.hanssem.com/hsimg/gds/1050/1052/1052898_A1.jpg?v=20241113170617,"[현관] 유로클래식 현관장 깨끗한 화이트 컬러와 유광 골드 손잡이,
아름다운 곡선의 디자인은 고급스러움을 자아냅니다.
깊이감이 느껴지는 유로 클래식으로
우아하고 품격있는 우리집 첫인상을 완성하세요.  고급스러운 깊이감이 느껴지는 디자인 화이트 컬러에 클래식한 요소가 더해진 유로클래식 도어는
세련되면서도 품격있는 분위기를 자아냅니다.  골드 포인트 손잡이와 몰딩의 조화 유광 알루미늄 손잡이는 변색 없이 유지되며,
몰딩 디자인의 도어는 우아함을 한층 더 높여줍니다.  우리 집에 맞춘 현관장 공사 없이 현관장만 교체하고 싶을때는 일반형,
자주 신는 신발 등 실용적인 수납을 원하신다면 행잉형으로
우리 집에 맞춰 선택해 보세요."
59,1048932,int_room0002,int_type0005,[베이직] 매트 슬라이딩 붙박이장,견적상담,https://image.hanssem.com/hsimg/gds/1050/1048/1048932_A1.jpg?v=20250507100505,"베이직 매트 슬라이딩 붙박이장 협소한 공간에서 활용하기 좋은 슬라이딩 도어.
무광의 웜화이트 컬러는 눈을 편안하게 하고
따뜻한 공간으로 완성해 줍니다.  공간 활용성이 높은 슬라이딩 도어 도어를 열고 닫을 때 차지하는 공간을 최소화하여 협소한 공간에서 활용하기 편리한 슬라이딩 도어입니다.  무광 소재의 웜화이트 컬러 무광 소재이지만 지문이 남지 않아 관리가 편하며
도어와 손잡이의 컬러를 통일하여,
세련되면서도 일체감 있는 인테리어로 완성해 줍니다.  세련된 내부 패턴 그레이 컬러에 더해진 패브릭 패턴은 스크래치가 발생해도 눈에 잘 띄지 않아 항상 새것 같은 모습으로 유지해 줍니다."
60,1064290,int_room0002,int_type0003,[현관] 중앙 장식장,견적상담,https://image.hanssem.com/hsimg/gds/1050/1064/1064290_A1.jpg?v=20241113172811,"[현관] 중앙 장식장 현관장 중앙에 오픈장이 있어
답답하고 밋밋해 보일 수 있는 공간에 포인트를 주고
갤러리처럼 장식 공간으로 꾸밀 수 있어요.  다양한 용도의 선반 공간 갤러리처럼 아기자기한 소품으로 장식하거나
자주 쓰는 물건을 올려 놓고 편리하게 쓸 수 있어요.  넉넉한 신발 수납 우리 가족의 신발을 모두 수납해도 넉넉한 사이즈의 현관장이에요.
신발을 수납하고 남은 공간에 각종 수납물을 깔끔하게 정리해 보세요."
61,1064308,int_room0002,int_type0005,[베이직] 낮은 파우더장,견적상담,https://image.hanssem.com/hsimg/gds/1050/1064/1064308_A1.jpg?v=20240906145615,"[베이직] 낮은 파우더장 침실 혹은 베란다 확장 공간에 낮은 파우더장을 배치해 보세요.
공간에 딱 들어맞는 사이즈와 깔끔한 마감이
한층 더 정돈된 인테리어로 만들어 줍니다.  컴팩트한 나만의 공간 독서를 하거나 하루의 일과를 기록하는 미니 서재.
또는 나를 가꾸고 꾸미는 파우더룸.
취향에 맞게 나만의 공간으로 사용해 보세요. * 거울 및 상부 벽 마감판넬은 미포함 제품입니다.  용도별로 구분된 똑똑한 수납 용도별로 나눠 수납할 수 있는 디바이더 서랍장
헤어기기를 깔끔하게 수납할 수 있는 사이드 서랍장
대용량 수납이 가능한 하부 수납장"
62,1103870,int_room0002,int_type0004,[빌트인] 거실 청소기장(스탠딩/로봇),견적상담,https://image.hanssem.com/hsimg/gds/1050/1103/1103870_A1.jpg?v=20250507143314,"빌트인 거실 청소기장 (스탠딩/로봇) 실용적인 수납력을 갖춘 청소 가전 전용 수납장으로 깔끔하고 정돈된 거실을 완성해 보세요.  실용적인 거실 수납 솔루션 거실 한 켠을 애매하게 차지하던 청소 가전을 전용장에 깔끔하게 수납해 보세요.  스탠드형 청소기장 청소기의 높이를 고려하여 하부 수납공간을 넓히고, 상부 수납공간에는 다양한 용품을 편리하게 보관할 수 있어요.  로봇형 청소기장 로봇 청소기의 도크는 도어 뒤에 깔끔하게 숨기고, 본체는 자유롭게 이동할 수 있도록 도어 하단이 오픈되어 있습니다."
63,1052910,int_room0002,int_type0003,[현관] 바이엘 현관장,견적상담,https://image.hanssem.com/hsimg/gds/1050/1052/1052910_A1.jpg?v=20241113165937,"[현관] 바이엘 글로시 HG 현관장 심플한 인테리어의 정석,
바이엘 하이글로시 화이트 현관장으로
깔끔하고 넓어보이는
우리집 첫인상을 만들어 보세요.  순백의 유광 화이트 도어 깔끔한 화이트 컬러는 현관 공간을
넓고 화사하게 연출해주며,
스크래치에 강하고 변색이 잘 되지 않는
하이글로시 PET 소재로 유지관리 편리성을 높였어요.  깔끔한 인채널 디자인 무늬목 질감의 화이트 컬러 인채널 손잡이는 도어 디자인 디테일을 살려주고, 도어 개폐 편리성을 더해줍니다. *손잡이는 디자인 특성상 오른쪽 도어에만 부착됩니다.  우리 집에 맞춘 현관장 공사 없이 현관장만 교체하고 싶을때는 일반형, 자주 신는 신발 등 실용적인 수납을 원하신다면 행잉형으로 우리 집에 맞춰 선택해 보세요."
64,809223,int_room0002,int_type0005,[특가~9/29]플랫화이트 붙박이장&현관장,1361200,https://image.hanssem.com/hsimg/gds/1050/809/809223_A1.jpg?v=20250905095233,"베이직 플랫화이트 붙박이장+현관장 밝고 화사한 화이트 컬러의 플랫 시리즈로
트렌디한 공간을 연출해 보세요.
내구성과 마감 처리가 뛰어난 플랫 시리즈는
오랜시간 깔끔하게 사용할 수 있습니다.  새하얀 순백의 플랫 화이트 눈처럼 순수한 무광화이트 컬러는
공간을 밝혀주며, 모던하고 심플한 매력으로
어떤 공간에서도 잘 어울립니다.  우리 집에 맞춘 현관장 공사 없이 현관장만 교체하고 싶을때는 일반형,
자주 신는 신발 등 실용적인 수납을 원하신다면 행잉형으로
우리 집에 맞춰 선택해 보세요.  채널형 손잡이와 무광 도어의 조화 모던한 디자인의 채널 손잡이와
매끈한 무광 도어의 조합으로
세련된 공간을 연출해 보세요. * 손잡이는 디자인 특성상 오른쪽 도어에만 부착됩니다.  붙박이장은 단연, 한샘입니다.  안심하고, 옷을 걸 수 있도록 최대 28kg까지 안전하게 사용하실 수 있도록 두꺼운 옷걸이 봉을 활용해 설계했습니다.  문제 없이, 10년을 열고 닫도록 하루 최소 10번을 열고 닫는 문, 45,000번의 개폐 테스트를 통과한 힌지만 사용합니다.  무거워도, 변형과 휘어짐이 없도록 일반적인 자재보다 두꺼운 자재 사용으로 안정감 있고 견고한 제품을 만듭니다.  걱정 없이, 오염과 긁힘에 강하도록 도어 표면자재에 대한 유해성과 물성 테스트를 통과하였습니다.  독보적인 시공력 무려 4-6시간이 소요되는 붙박이장 시공은 높은 수준의 전문성이 요구되며, 시공 품질이 곧 제품의 완성도가 됩니다.  이전 설치 서비스 이사할 때 공간 크기나 가구 배치가 달라져도, 기존 가구를 버리거나 다른 가구를 새로 구매하실 필요가 없습니다. 이전 설치에 대한 고민도 간편하게 해결하세요. * 한샘 이동시공 센터 1522-0468로 문의해 주시면, 가능 여부 및 비용에 대한 정확한 안내를 도와드리겠습니다.  평생 가는 AS 서비스 브랜드를 구매하시는 이유, 간편하고 신뢰도 높은 업계 최고의 AS를 평생 받으실 수 있습니다. 국내 어디든 전문 기사님이 찾아가는 서비스를 경험하세요."
65,1052900,int_room0002,int_type0003,[현관] 첼시 현관장,견적상담,https://image.hanssem.com/hsimg/gds/1050/1052/1052900_A1.jpg?v=20241113170043,"[현관] 첼시 현관장 부드럽고 은은한 매그놀리아 컬러 도어에
무광 블랙 손잡이는 시크한 분위기를 자아냅니다.
모던하고 세련된 첼시 현관장으로
감각적이고 트렌디한 우리집 첫인상을 완성하세요.  부드럽고 은은한 매그놀리아 화이트보다 더 따뜻하고 부드러운 매그놀리아 컬러는
공간을 더욱 화사하게 만들어줍니다.  블랙 포인트 손잡이와 몰딩의 조화 부드러운 깊이감이 느껴지는
섬세한 몰딩 디테일과 모던한 블랙 스팟 손잡이로
세련되면서도 클래식한 공간을 연출해 보세요.  우리 집에 맞춘 현관장 공사 없이 현관장만 교체하고 싶을때는 일반형,
자주 신는 신발 등 실용적인 수납을 원하신다면 행잉형으로
우리 집에 맞춰 선택해 보세요."
66,1064303,int_room0002,int_type0004,[빌트인] 거실 SL 자석메모보드 책장,견적상담,https://image.hanssem.com/hsimg/gds/1050/1064/1064303_A1.jpg?v=20250507150442,"빌트인 SL 자석메모보드 오픈된 서재, 학습 공간이 필요한 빌트인 슬라이딩 책장으로 꾸민 우리 가족 거실입니다.  온 가족이 모이는 거실 슬라이딩 메모보드 책장을 연결 설계하고 가족 테이블을 배치하면 온 가족이 자연스레 모이는 멀티 공간이 됩니다.  아이 맞춤 공간엔 메모보드 도어 화이트보드 기능으로 그림 그리기, 자석 기능으로 메모 붙이기 등 실생활 속 아이와의 학습&놀이 활동에 편리하게 사용 가능합니다."
67,1103877,int_room0002,int_type0005,[시그니처] 리노아 붙박이장,견적상담,https://image.hanssem.com/hsimg/gds/1050/1103/1103877_A1.jpg?v=20250724152444,"시그니처 리노아 붙박이장 화이트 / 베이지 은은한 모자이크 패턴과 고급스러운 질감, 슬림한 라운드 핸들이 깔끔하게 어우러진 리노아 도어를 만나보세요.  어떤 벽지와도 자연스럽게 어우러지는 도어 패턴 은은한 모자이크 패턴에 고급스러운 질감을 더한 도어는 벽지처럼 자연스럽게 공간에 녹아들어 차분한 안방 분위기를 연출합니다.  내추럴한 화이트 컬러 가벼운 화이트 컬러가 아닌, 공간에 어울리는 차분한 화이트 컬러로 공간의 무드를 부드럽게 합니다.  따뜻한 베이지 컬러 밝은 웜톤의 베이지 컬러는 따뜻하고 우아한 무드를 연출합니다.  미니멀한 디자인을 강조한 슬림한 라운드 핸들 미니멀한 디자인을 완성하는 슬림한 라운드 핸들은 간결하고도 세련된 포인트가 되어줍니다.  닫아도, 열어도 이어지는 시그니처만의 감성 도어를 열어도 시그니처만의 고급스러운 감성이 느껴지도록 붙박이장 내부와 도어 뒷면의 소재를 동일하게 적용해 고급스러운 일체감을 선사합니다."
68,1103882,int_room0002,int_type0005,[시그니처] 침실 와이드 장식형 파우더장,견적상담,https://image.hanssem.com/hsimg/gds/1050/1103/1103882_A1.jpg?v=20250626120139,"시그니처 침실 와이드 장식형 파우더장 공간의 개방감을 살리는 와이드한 사이즈의 장식형 파우더장을 만나보세요. 은은한 조명이 어우러진 브론즈 프레임이 공간의 품격을 한층 높여 줍니다.  우아한 침실 인테리어를 완성하는 파우더장 가로 110cm의 와이드한 파우더장과 은은한 빛의 프레임 거울 조명의 조화로 단조로운 공간의 분위기를 고급스럽게 변화시킵니다.  실용성을 높여주는 멀티 조명 거울 후면과 플랩 상판 상부에 조명이 내장되어 있어 어두운 공간에서도 원하는 조도에 맞게 ON/OFF 할 수 있습니다.  다양하게 활용하는 와이드한 멀티데스크 110cm의 와이드한 너비, 40cm의 넉넉한 깊이로 책상처럼 사용 가능합니다. 아침에는 하루를 준비하는 파우더 공간으로, 밤에는 하루를 정리하는 서재 공간으로 사용해 보세요.  간편하게 열고 닫는 플랩 상판 간편하게 열고 닫을 수 있는 플랩 상판 아래에는 칸막이 정리함이 있어 다양한 사이즈의 물품을 깔끔하게 수납할 수 있습니다. 또, 거울 아래의 오픈 된 수납 공간에는 긴 화장품이나 브러쉬 등 매일 쓰는 물건을 편하게 수납할 수 있습니다."
69,1048933,int_room0002,int_type0005,[시그니처] 터치 슬라이딩 붙박이장,견적상담,https://image.hanssem.com/hsimg/gds/1050/1048/1048933_A1.jpg?v=20250716142657,"시그니처 터치 붙박이장 화이트/크림 섬세한 붓터치 질감이 느껴지는
슬라이딩 붙박이장입니다.
노출서랍장과 함께 매치하여 공간을 더욱 실용적이고 편리하게 사용해 보세요.  공간 효율을 높이는 슬라이딩 도어 도어 개폐 시 면적을 차지하지 않아 협소한 공간에서 사용하기 좋은 슬라이딩 붙박이장.  소리 없이 부드러운 양방향 댐퍼 충격 완화에 탁월한 최고급 독일 Hettich사 양방향 댐퍼로 도어를 닫을 때 손 다칠 위험 없이 안전하게 사용하세요.  수납 효율성을 높이는 노출서랍장 긴 옷도 충분히 수납 가능한 상부장과
접이 수납이 가능한 서랍 하부장 모듈로
수납력을 높여보세요.  인테리어에 맞춰 선택하는 컬러 공간을 따뜻하고 부드럽게 연출하고 싶다면
크림 컬러를 선택해 보세요.  새로운 수납 경험, 시그니처 시스템 완벽한 수납을 위해 디자인부터 모듈 구성까지, 완전히 새로워진 프리미엄 붙박이장을 만나보세요."
70,982550,int_room0002,int_type0005,[베이직] 침대장,견적상담,https://image.hanssem.com/hsimg/gds/1050/982/982550_A1.jpg?v=20240906144541,"베이직 침실 침대장 침대와 수납 공간을 하나로 구성한
빌트인 침실 침대장입니다.
침실 용품을 한 곳에 편리하게 보관하여
공간 효율을 높여보세요.  구석구석 알찬 수납 헤드 위 수납장에는 가끔 꺼내 쓰는 수납물로 채우고,
침대 아래 수납장에는 계절 용품을 보관해 보세요.  은은한 간접 조명 침대 헤드의 은은한 조명은 휴식을 위한 최적의 환경을 제공합니다.
또한 콘센트가 내장되어 있어,
휴대폰 충전 등 전기 사용을 편리하게 사용할 수 있어요."
71,1048928,int_room0002,int_type0005,[베이직] 무드 붙박이장,견적상담,https://image.hanssem.com/hsimg/gds/1050/1048/1048928_A1.jpg?v=20250716150212,"베이직 무드 붙박이장 화이트&베이지 어떤 공간에도 잘 어울리며,
플랫한 디자인의 부드러운 컬러감이 돋보이는
베이직 무드 붙박이장을 만나보세요.  화사한 무드 화이트 컬러 어떠한 인테리어에도 잘 어울리는
무드 화이트 컬러는 공간을 은은하고
화사하게 밝혀줍니다.  따뜻한 무드 베이지 컬러 차분하면서 따뜻한 무드 베이지 컬러는
공간에 온기를 더해주며
훈훈한 인테리어로 연출해 줍니다.  돌출 없는 플랫한 디자인 손잡이가 밖으로 노출 되지 않는 빗각 디자인으로, 벽면과 일체감 있게 어우러지는 모던한 형태입니다.  세련된 내부 패턴 그레이 컬러에 더해진 패브릭 패턴은 스크래치가 발생해도 눈에 잘 띄지 않아 항상 새것 같은 모습으로 유지해 줍니다."
72,1048925,int_room0002,int_type0005,[시그니처] 페어 붙박이장,견적상담,https://image.hanssem.com/hsimg/gds/1050/1048/1048925_A1.jpg?v=20250708132341,"시그니처 페어 붙박이장 매그놀리아/애쉬월넛/매트화이트 다양한 컬러와 실용적인 디자인이 돋보이는 페어 도어. 한샘의 부엌, 건자재와 동일한 컬러로 디자인된 페어 도어로 모든 공간을 일체감있게 완성해 보세요.  깊이있는 애쉬월넛/모던한 매그놀리아 절제된 색감의 고급스러운 애쉬월넛과
은은한 그레이 컬러의 모던한 매그놀리아 컬러  밝고 깨끗한 웜코튼/매트화이트 어떤 인테리어와도 자연스럽게 어울리는
순백 무광의 화이트 컬러  간결한 채널형 손잡이 손쉽게 여닫을 수 있는 F자 채널형 손잡이에
도어와 동일한 컬러를 사용하여
일체감을 높인 디자인 *손잡이는 오른쪽 도어에만 부착됩니다.  새로운 수납 경험, 시그니처 시스템 완벽한 수납을 위해 디자인부터 모듈 구성까지, 완전히 새로워진 프리미엄 붙박이장을 만나보세요."
73,1076725,int_room0002,int_type0005,[시그니처] 노출서랍장,견적상담,https://image.hanssem.com/hsimg/gds/1050/1076/1076725_A1.jpg?v=20250716140557,"시그니처 노출서랍장 고급감과 실용성을 동시에 갖춘 수납특화형 노출서랍장으로 사용성과 수납력을 높여보세요.  옷장과 서랍장을 한번에, 효율적 침실 완성 침실 공간을 더욱 넓게 사용할 수 있도록
노출서랍장이 포함된 붙박이장 설계를 해보세요.  간편한 상부 옷걸이장 셔츠와 외투 등을 상부 옷걸이장에
편리하게 보관해 보세요. * 옷걸이봉 높이 선택 가능 (좌 : 짧은장 / 우: 긴 장)  넉넉한 하부 서랍장 자주 찾는 생활의류는 하부 서랍장에
넉넉히 보관해 보세요. * 서랍장 조합 2단/3단 중 선택 가능  새로운 수납 경험, 시그니처 시스템 완벽한 수납을 위해 디자인부터 모듈 구성까지, 완전히 새로워진 프리미엄 붙박이장을 만나보세요."
74,1048929,int_room0002,int_type0005,[베이직] 플랫 붙박이장,견적상담,https://image.hanssem.com/hsimg/gds/1050/1048/1048929_A1.jpg?v=20250507100342,"베이직 플랫 붙박이장 화이트&그레이 무광 도어로 심플하고 트렌디한 공간을 연출해 보세요.
뛰어난 내구성과 매끈한 마감으로
오래오래 깔끔하게 도어를 사용할 수 있습니다.  새하얀 순백 컬러의 플랫 화이트 눈처럼 순수한 컬러로 공간을 밝혀주는 무광 화이트.
모던하고 심플한 매트한 마감으로
어떤 인테리어에도 잘 어울립니다.  밝고 세련된 컬러의 플랫 그레이 인테리어의 스테디 셀러, 트렌디한 무광 그레이 도어입니다.
차별화된 품질의 한샘 ASA 무광 마감으로
물걸레질만으로도 깨끗하게 관리할 수 있습니다.  깔끔한 채널형 손잡이 개폐가 용이한 채널 손잡이로
더욱 편리한 붙박이장을 경험해 보세요.  세련된 내부 패턴 그레이 컬러에 더해진 패브릭 패턴은 스크래치가 발생해도 눈에 잘 띄지 않아 항상 새것 같은 모습으로 유지해 줍니다."
75,1064296,int_room0002,int_type0003,[현관] 거울장식장,견적상담,https://image.hanssem.com/hsimg/gds/1050/1064/1064296_A1.jpg?v=20241113171504,"[현관] 거울 장식장 현관 장식장에 거울을 더해보세요.
깊이감 있는 와이드한 거울로,
외출 전 편리하게 옷매무새를 다듬을 수 있어요.  브론즈 거울로 포인트를 준 현관 브론즈 거울은 밋밋한 공간에 포인트가 되고,
우리 집 입구부터 세련된 이미지를 심어줄 수 있어요.  넉넉한 신발 수납 우리 가족의 신발을 모두 수납해도 넉넉한 사이즈의 현관장이에요.
신발을 수납하고 남은 공간에 각종 수납물을 깔끔하게 정리해 보세요."
76,1064298,int_room0002,int_type0003,[현관] 낮은장/코너장,견적상담,https://image.hanssem.com/hsimg/gds/1050/1064/1064298_A1.jpg?v=20240724081423,"현관 낮은장/코너장 거울, 창문 밑 자투리 공간에 낮은장을 배치하여 수납력을 높여보세요.
협소한 현관 공간에는 낮은장과 코너장을 ㄱ자로 배치하여
공간을 더욱 효율적으로 사용할 수 있습니다.  취향이 담긴 낮은장 낮은장으로 개방감과 수납력을 더해보세요.
신발과 자주 사용하는 유틸리티를 보관하고,
다양한 소품으로 우리집 첫인상을 완성할 수 있습니다.  낮은장과 구성하기 좋은 코너장 협소한 현관 공간에는 낮은장과 함께 코너장을 ㄱ자로 배치하여 공간 효율을 높여보세요.  넉넉한 신발 수납 우리 가족의 신발을 모두 수납해도 넉넉한 사이즈의 현관장이에요.
신발을 수납하고 남은 공간에 각종 수납물을 깔끔하게 정리해 보세요."
77,982554,int_room0002,int_type0005,[베이직] 침실 슬림 파우더장,견적상담,https://image.hanssem.com/hsimg/gds/1050/982/982554_A1.jpg?v=20240906150239,"[베이직] 침실 슬림 파우더장 깔끔한 수납을 원하는 우리 부부를 위한 빌트인 침실
60cm 너비의 컴팩트 사이즈, 실용적인 스탠드형 파우더장으로
부부침실, 드레스룸, 자녀방 어느공간에나 어울립니다.  한 곳에서 끝내는 외출 준비 슬림 파우더장으로 이제 좁은 침실에서도 화장대를 포기하지 마세요.
최소한의 동선으로 시간을 절약할 수 있어요.  넉넉한 수납 공간 자주 쓰는 화장품은 거울 뒤 수납공간에 보관하고
하부 서랍장에는 화장품, 악세사리류, 옷 등을 보관해 보세요.  다양한 도어로 만나는 파우더장 출시 이후 꾸준히 사랑받고 있는 BEST 도어 모델과 함께
우리 집에 어울리는 드레스룸 공간으로 만들어보세요."
78,1048930,int_room0002,int_type0005,[베이직] 매트 붙박이장,견적상담,https://image.hanssem.com/hsimg/gds/1050/1048/1048930_A1.jpg?v=20250507100411,"[베이직] 매트 붙박이장 화이트&그레이 한샘의 차별화된 소재를 사용한 무광도어.
물걸레질만으로도 깔끔하게 유지 가능하며
세련되고 고급스러운 공간 연출이 가능합니다.  따뜻한 톤의 매트 화이트 아늑한 공간과 잘 어울리는 따뜻한 아이보리 화이트.
실크처럼 부드러운 질감의 무광도어가
모던하면서 아늑한 공간을 만들어줍니다.  세련된 공간을 만들어주는 매트 그레이 공간에 포인트가 되는 매트 다크 그레이 도어.
실크처럼 부드러운 질감의 무광 도어가
모던하면서 아늑한 공간을 만들어줍니다.  매트한 질감의 채널형 손잡이 도어 전면과 동일한 손잡이는
깔끔하면서도 심플한 느낌을 연출할 수 있습니다.  포인트가 되어주는 거울 옵션 도어 도어 일부를 거울 옵션으로 설치하면 별도의 전신거울이 없이도 편리하게 사용이 가능합니다. *도어 추천 옵션 : B 브론즈 미러  세련된 내부 패턴 그레이 컬러에 더해진 패브릭 패턴은 스크래치가 발생해도 눈에 잘 띄지 않아 항상 새것 같은 모습으로 유지해 줍니다."
79,1064307,int_room0002,int_type0004,[빌트인] 거실 슬림조명장,견적상담,https://image.hanssem.com/hsimg/gds/1050/1064/1064307_A1.jpg?v=20240724081423,"빌트인 거실 슬림 조명장  미니 전시 공간을 더한 고급스러운 분위기의
우리 가족 빌트인 거실입니다.  고급스러운 조명장 우리 가족의 추억이 담긴 물건으로 미니 전시장을 만들어 보세요. *해당 붙박이장 도어는 연출된 이미지입니다.  거울로 변하는 유리도어 중앙의 스위치로 조명 ON/OFF와 밝기 조절이 가능합니다. 내부 조명을 끄면 유리 도어가 거울로 변해요. *해당 붙박이장 도어는 연출된 이미지입니다."
80,1103865,int_room0002,int_type0004,[빌트인] 거실 슬라이딩 간살장식장,견적상담,https://image.hanssem.com/hsimg/gds/1050/1103/1103865_A1.jpg?v=20250507145128,"빌트인 거실 슬라이딩 간살장식장 공간의 품격을 높여주는 간살 슬라이딩 도어와 감각적인 조명으로 내추럴한 무드의 거실을 연출해 보세요.  내추럴한 무드의 간살장식장 수납물이 은은하게 보이는 간살 도어는 내추럴하고 따뜻한 무드와 적절한 프라이버시를 제공하며 세련된 인테리어를 완성합니다.  수납의 가치를 높여주는 조명과 충전기능 오크 컬러에 자연스럽게 스며드는 조명은 공간에 깊이감을 더하고, 콘센트와 USB 포트는 실용성을 한층 높여줍니다.  수납물에 맞춘 다양한 수납 자주 보는 책은 간살 도어에, 오브제는 중앙 장식장에. 숨기고픈 물품은 숨김 수납장에 깔끔하게 수납하여 깔끔하게 정돈된 공간을 완성해 보세요."
81,1064283,int_room0002,int_type0005,[시그니처] 침실 서재 파우더장,견적상담,https://image.hanssem.com/hsimg/gds/1050/1064/1064283_A1.jpg?v=20240906145008,"[시그니처] 침실 서재 파우더장 넉넉한 사이즈의 서재 파우더장 하나로
바쁜 아침에 편리하게 사용할 수 있는 파우더 공간과
차분히 하루를 정리할 수 있는 서재 공간을 연출해 보세요.
LED 조명 거울이 더해져 더욱 고급스럽고 호텔같은 침실이 됩니다.  컴팩트한 나만의 공간 아침에는 하루를 준비하는 파우더 공간으로,
밤에는 하루를 정리하는 서재 공간으로 사용해 보세요.  LED 조명 거울 간단한 터치로 작동하는 LED 조명 거울로,
3단계 밝기 조절이 가능합니다. *전원 ON : 파란색 / 전원 OFF : 빨간색  깔끔하게 정리 가능한 공간 자주 쓰지 않는 화장품과 필기구는 서랍에 보관하고, USB 4구 콘센트는 노출 없이 미드웨이 수납장 안에 매립하여 깔끔한 공간으로 연출 가능합니다."
82,982555,int_room0002,int_type0005,[베이직] 침실 TV장,견적상담,https://image.hanssem.com/hsimg/gds/1050/982/982555_A1.jpg?v=20240906145739,"[베이직] 침실 TV장 영화를 즐겨보는 우리 부부를 위해 딱 맞는 공간이에요.
TV뿐만 아니라 사운드 바, 스피커 등 주변기기를 완벽하게 수납하고
깊이가 넉넉한 대형 오픈 서랍이 있어 수납 고민도 해결할 수 있어요.  맞춤형 TV 수납 TV 주변기기를 깔끔하게 수납할 수 있는 TV장입니다.
양 옆의 블랙 거울 도어는 고급감을 더해주고,
안 쪽에는 수납 선반이 있어 편리해요.  대용량 수납공간 깊이가 넉넉한 대형 오픈 서랍과 상부 수납장에
수납 물품들을 편리하게 보관해 보세요"
83,1064306,int_room0002,int_type0004,[빌트인] 자녀방 서재장,견적상담,https://image.hanssem.com/hsimg/gds/1050/1064/1064306_A1.jpg?v=20240724081423,"빌트인 자녀방 서재장  아이와 함께하는 서재 공간을 위한
빌트인 자녀방  아이와 함께하는 서재 책상장 대면형으로 사용할 수 있는 서재 책상장입니다. 각자의 시간을 보내면서 아이와 함께하는 시간을 만들어 보세요.  간편한 매립형 콘센트와 타공판 벽면에 타공판이 있어 자유롭게 나만의 취향으로 꾸밀 수 있고, 매립된 콘센트로 전자제품 사용도 편리합니다."
84,982556,int_room0002,int_type0004,[빌트인] 자녀방 키즈벤치장,견적상담,https://image.hanssem.com/hsimg/gds/1050/982/982556_A1.jpg?v=20240724080842,"빌트인 자녀방 키즈벤치장  지붕 모양의 벤치장으로 아이들만의 아지트를 꾸며주세요.
자기만의 공간에서 아이들의 꿈이 자라납니다.  아이들만의 아지트 지붕을 연상시키는 빗각 도어는 마치 소꿉놀이하듯, 아이들에게 즐거운 공간이 될 수 있도록 제공해 줍니다.  구석구석 알찬 수납공간 측면 수납장은 장난감, 책, 수납박스 등을 수납할 수 있는 책장이에요. 전면에는 아기자기한 후크에 가방, 외투, 모자 등을 걸어놓을 수 있어 간편합니다.  인디핑크 키즈 서랍장 포근한 인디핑크 컬러로 포인트를 줄 수 있는 키즈 서랍장입니다. 상부 선반장은 책을 수납하거나 미니 갤러리장으로 사용하고 하부 서랍장엔 아이들 의류를 수납해 보세요."
85,1103881,int_room0002,int_type0005,[시그니처] 침실 장식형 파우더장,견적상담,https://image.hanssem.com/hsimg/gds/1050/1103/1103881_A1.jpg?v=20250626114046,"시그니처 침실 장식형 파우더장 깔끔한 플랩 상판과 멀티조명이 조화로운 장식형 파우더장을 만나보세요. 높은 거울 사이즈로 더 넓은 개방감을 선사하며, 붙박이장과 어우려져 우아한 분위기를 완성합니다.  우아한 침실 인테리어를 완성하는 파우더장 안정적인 비례감이 돋보이는 파우더장은 은은한 조명과 함께 고급스러운 침실 인테리어를 완성합니다.  버리는 공간 없이 알차게 사용하는 상부 수납 상부에는 플랩 도어가 달려 있어 부피가 큰 계절옷, 소품 보관이 가능합니다.  실용성을 높여주는 멀티 조명 거울 후면과 플랩 상판 상부에 조명이 내장되어 있어 어두운 공간에서도 원하는 조도에 맞게 ON/OFF 할 수 있습니다.  간편하게 열고 닫는 플랩 상판 간편하게 열고 닫을 수 있는 플랩 상판 아래에는 칸막이 정리함이 있어 다양한 사이즈의 물품을 깔끔하게 수납할 수 있습니다. 또, 거울 아래의 오픈 된 수납 공간에는 긴 화장품이나 브러쉬 등 매일 쓰는 물건을 편하게 수납할 수 있습니다."
86,1064289,int_room0002,int_type0003,[현관] 터치 현관장,견적상담,https://image.hanssem.com/hsimg/gds/1050/1064/1064289_A1.jpg?v=20241113172940,"[현관] 터치 현관장 크림&도브 섬세한 붓터치 질감으로 더욱 고급스러운 도어,
모던 인테리어 트렌드에 맞게 우리집 첫인상을 바꿔보세요.  품격있는 디자인 우아한 붓터치 질감의 터치 도어로
분위기 있는 공간 연출이 가능한 터치 현관장.  화사하고 밝은 터치 화이트 컬러 우아한 화이트 컬러는
공간을 밝게 밝혀줍니다.  따뜻하고 포근한 터치 크림 컬러 부드러운 크림 컬러는
공간을 따뜻하게 채워줍니다.  인채널 손잡이 여닫기 좋게 V자로 컷팅된 인채널 손잡이는 도어 바깥에 노출 없이 깔끔한 룩을 연출합니다."
87,785808,int_room0002,int_type0005,[550만원딜 특가]퓨어화이트&글램모던&무드 부엌+욕실+수납 3PKG,5519660,https://image.hanssem.com/hsimg/gds/1050/785/785808_A1.jpg?v=20250919160726,"키친, 바스, 수납 3PKG  한샘이 제안하는 패키지 솔루션으로 우리집에서 꼭 필요한 공간만 바꾸고 확 달라진 우리집을 경험하세요.  밀란100 퓨어화이트 가장 기본적인 부엌 이미지를 연출하기 좋은 스타일. 순백색의 화이트 컬러로 어떤 인테리어에도 잘 어울리는 도어입니다.  소비자들이 선호하는 BEST 컬러 깨끗하고 세련된 화이트 부엌은 공간을 더욱 밝고 넓어 보이게 하며, 어떤 스타일의 인테리어에도 자연스럽게 어울립니다. 심플하면서도 현대적인 감각을 살려 우리집의 중심을 완성하세요.  편리하게 관리할 수 있는 유광 도어 펄이 없는 유광 도어로 세련된 광택을 제공하여 공간을 더욱 고급스럽게 연출합니다. 매끄러운 표면 덕분에 먼지나 오염물질이 잘 붙지 않아 쉽게 청결을 유지할 수 있어 관리가 편리합니다.  유로3 글램모던 통일감 있는 톤 온 톤 그레이 스타일의 편안한 모던 스타일 욕실. 모션센서를 이용한 LED 삼면경 안에서 새로운 나의 모습을 만나보세요.  욕실 전면을 환하게 빛내는 LED 삼면경 상부장 하부 모션센서를 이용하여 별도 스위치 없이 ON/OFF할 수 있고, 가벼운 손동작으로 제어가 가능합니다. 따뜻한 색온도로 아름다운 분위기를 연출합니다.  컴팩트한 디자인의 글램모던 하부장 컴팩트 보드를 이용하여 도어와 상판재질에 통일감을 주어 군더더기 없는 디자인을 선보입니다. 수건걸이형 상판으로 편리함까지 더한 하부장입니다. *하부장은 세트 연출컷으로, 상담 후 추가 결제 가능합니다.  청소와 관리가 용이한 안전한 욕실 휴플로어, 휴판넬 휴플로어는 특수 엠보싱 표면 가공으로 물에 젖은 상태에서도 미끄럽지 않고 안전하며, 휴판넬은 바닥부터 천장까지 이어지는 대형 판넬로 이음매를 최소화하여 청소와 관리가 용이합니다.  베이직 무드 붙박이장 화이트, 베이지 어떤 공간에도 잘 어울리며, 플랫한 디자인의 부드러운 컬러감이 돋보이는 베이직 무드 붙박이장을 만나보세요.  화사한 무드 화이트 컬러 어떠한 인테리어에도 잘 어울리는 무드 화이트 컬러는 공간을 은은하고 화사하게 밝혀줍니다.  따뜻한 무드 베이지 컬러 차분하면서 따뜻한 무드 베이지 컬러는 공간에 온기를 더해주며 훈훈한 인테리어로 연출해 줍니다.  돌출 없는 플랫한 디자인 손잡이가 밖으로 노출 되지 않는 빗각 디자인으로, 벽면과 일체감 있게 어우러지는 모던한 형태입니다.  붙박이장은 단연, 한샘입니다.  안심하고, 옷을 걸 수 있도록 최대 28kg까지 버틸 수 있는 두꺼운 옷걸이 봉을 사용하여 안전성을 높였습니다.  문제없이, 10년을 열고 닫도록 하루 최소 10번은 열고 닫는 문, 45,000번의 개폐 테스트를 통과한 고품질 힌지를 사용하였습니다.  무거워도, 변형과 휘어짐이 없도록 일반적인 자재보다 두꺼운 자재 사용으로 안정감 있고 견고한 제품을 만듭니다.  걱정 없이, 오염과 긁힘에 강하도록 도어 표면자재에 대한 유해성과 물성 테스트를 통과하였습니다.  독보적인 시공력 무려 4-6시간이 소요되는 붙박이장 시공은 높은 수준의 전문성이 요구되며, 시공 품질이 곧 제품의 완성도가 됩니다.  이전 설치 서비스 이사할 때 공간 크기나 가구 배치가 달라져도, 기존 가구를 버리거나 다른 가구를 새로 구매하실 필요가 없습니다. 이전 설치에 대한 고민도 간편하게 해결하세요. * 한샘 이동시공 센터 1522-0468로 문의해 주시면, 가능 여부 및 비용에 대한 정확한 안내를 도와드리겠습니다.  평생 가는 AS 서비스 브랜드를 구매하시는 이유, 간편하고 신뢰도 높은 업계 최고의 AS를 평생 받으실 수 있습니다. 국내 어디든 전문 기사님이 찾아가는 서비스를 경험하세요.  유해물질 걱정 없는 친환경 자재 E0 시공 매일 쓰는 우리 집 가구, 자재등급부터 꼭 따져보세요. 한샘은 전 제품 유해물질 없는 친환경자재 E0만 사용합니다.  쉽게 녹슬지 않아 관리가 쉬워지는 편리성 한샘 바스는 내부 자재, 접착제, 부속 자재까지 E0 등급의 소재를 적용합니다.  원자재 자체가 튼튼하고 충격에 강한 안정성 대리석/유리 강도 테스트를 진행해 충격에 의한 안정성을 검증한 한샘 바스입니다."
88,1048931,int_room0002,int_type0005,[시그니처] 터치 붙박이장,견적상담,https://image.hanssem.com/hsimg/gds/1050/1048/1048931_A1.jpg?v=20250716142306,"시그니처 터치 붙박이장 화이트/크림 섬세한 붓터치 질감이 느껴지는 붙박이장입니다.
노출서랍장과 함께 매치하여 공간을 더욱
실용적이고 편리하게 사용해 보세요.  품격있는 디자인 우아한 붓터치 질감의 터치 도어로
분위기 있는 공간 연출이 가능한 터치 붙박이장.  공간에 맞춰 선택 가능한 도어 협소한 공간에는 도어 개폐 시 면적을 차지하지 않는
슬라이딩 타입으로 선택해 보세요.  수납 효율성을 높이는 노출서랍장 긴 옷도 충분히 수납 가능한 상부장과 접이 수납이 가능한 서랍 하부장 모듈로 수납력을 높여보세요.  인채널 손잡이 여닫기 좋게 V자로 컷팅된 인채널 손잡이는 도어 바깥에 노출 없이 깔끔한 룩을 연출합니다.  새로운 수납 경험, 시그니처 시스템 완벽한 수납을 위해 디자인부터 모듈 구성까지, 완전히 새로워진 프리미엄 붙박이장을 만나보세요."
89,1103866,int_room0002,int_type0004,[빌트인] 거실 4단 TV장,견적상담,https://image.hanssem.com/hsimg/gds/1050/1103/1103866_A1.jpg?v=20250507144819,"빌트인 거실 4단 TV장 복잡한 선들도 깔끔하게 숨겨주는 대형 TV 수납장으로 정돈된 거실 수납을 완성해 보세요.  깔끔한 거실의 완성 지저분한 선은 깔끔히 숨기고, 대형 TV는 슬림하게 매립되도록 단차를 적용해 설계된 TV장입니다.  넉넉한 수납공간 넉넉한 깊이의 상부 수납장과 하부 서랍장으로 물품들을 편리하게 정리하고 보관해 보세요.  다양한 컬러 옵션 깔끔한 화이트, 따뜻한 오크, 세련된 다크 그레이까지. 우리 집 분위기에 어울리는 컬러로 선택해 보세요."
90,1052912,int_room0002,int_type0004,[빌트인] 거실 중앙 장식장,견적상담,https://image.hanssem.com/hsimg/gds/1050/1052/1052912_A1.jpg?v=20250509130732,"빌트인 거실 중앙 장식장 소파 뒤 공간을 활용해 수납장을 설치해 보세요.
넉넉한 수납은 물론 오픈장에는 소품 장식과 빔프로젝터 등을 설치하여
우리 가족의 홈 시네마 공간으로도 활용할 수 있어요.  공간을 밝혀주는 조명의 효과 빌트인 조명과 함께하면 은은한 불빛으로 공간을 더욱 아늑하게 만들어줍니다.  넉넉한 수납력과 튼튼한 내구성 부피가 큰 수납물도 편하게 보관 가능하고 튼튼한 내구성으로 오랫동안 안전하게 사용할 수 있습니다."
91,1064325,int_room0002,int_type0004,[베란다] 반침 다용도장,견적상담,https://image.hanssem.com/hsimg/gds/1050/1064/1064325_A1.jpg?v=20240724081423,빌트인 베란다 반침다용도장  발코니 공간에 수납장을 두어 깔끔하게 정리해 보세요. 깊이감 있는 선반에는 부피가 큰 물건을 충분히 수납할 수 있습니다.  화이트 컬러의 깔끔한 디자인 부드러운 햇살이 드리우는 발코니 공간에 어울리는 화이트 컬러 수납장입니다. 설치 공간의 깊이와 수납물에 따라 내부 구성을 변경할 수 있습니다.
92,1103883,int_room0002,int_type0005,[시그니처] 침실 수납특화형 파우더장,견적상담,https://image.hanssem.com/hsimg/gds/1050/1103/1103883_A1.jpg?v=20250626120829,"시그니처 침실 수납특화형 파우더장 세분화된 수납공간으로 수납력은 높이고, 미니멀한 디자인으로 깔끔한 수납룩을 연출하는 시그니처만의 수납 특화형 파우더장을 만나보세요.  다양한 파우더 물품을 보관할 수 있는 넉넉한 수납량 세분화된 사이즈의 선반장에 생필품, 화장품, 헤어 및 뷰티기기까지 효율적으로 깔끔하게 수납할 수 있습니다.  실용성을 높여주는 멀티 조명 거울 후면과 플랩 상판 상부에 조명이 내장되어 있어 어두운 공간에서도 원하는 조도에 맞게 ON/OFF 할 수 있습니다.  손쉽고 깔끔한 수납 방법 자주 쓰거나, 숨기고픈 물품은 상부장 아래 작은 슬라이딩 도어를 활용해 깔끔하게 수납하고, 종류가 많은 자잘한 파우더 물품은 서랍 내부의 디바이더를 활용해 손쉽게 수납할 수 있습니다."
93,1103874,int_room0002,int_type0004,[빌트인] 거실 라운드 엔드장,견적상담,https://image.hanssem.com/hsimg/gds/1050/1103/1103874_A1.jpg?v=20250509113753,빌트인 거실 라운드 엔드장 수납장 코너를 곡선으로 마감하여 우리 집을 리모델링한 듯한 인테리어 효과를 경험해보세요.  부드러운 곡선의 라운드마감판넬 우리 집 천고에 딱 맞게 제작하는 라운드형 판넬로 가구의 코너 부분을 부드러운 곡선으로 마감합니다.  월패드타입과 일반타입 2가지 옵션 월패드 없이 설치하는 35cm 판넬과 월패드를 설치할 수 있는 68cm 판넬 두 가지 옵션 중 선택할 수 있습니다.
94,1048923,int_room0002,int_type0005,[시그니처] 인피니 붙박이장,견적상담,https://image.hanssem.com/hsimg/gds/1050/1048/1048923_A1.jpg?v=20250708105010,"시그니처 인피니 붙박이장 화이트/베이지 트렌디한 컬러, 고급스러운 소재의 도어. 차별화된 질감, 리얼한 텍스처의 깊이감까지 갖춘 인피니 도어를 통해 특별한 공간을 경험해 보세요.  현대적인 스타일과 품격을 담은 리얼 스톤 텍스처 깔끔한 화이트 컬러와 모던한 베이지 컬러는 어떤 가구나 소품과도 조화롭게 어우러지며, 고급스러운 분위기를 자아냅니다.  닫아도, 열어도 이어지는 디자인 도어 후면에 내부와 같은 우드 소재를 적용했습니다. 도어를 열었을 때 보이는 소재의 연속성으로 더 넓은 개방감을 느껴보세요.  엣지와 함께 이어지는 고급 손잡이 고급스럽고 은은한 콘크리트 재질의 스톤 표면재와 슬림한 알루미늄 손잡이의 완벽한 조화. * 손잡이는 디자인 특성상 오른쪽 도어에만 부착됩니다.  새로운 수납 경험, 시그니처 시스템 완벽한 수납을 위해 디자인부터 모듈 구성까지, 완전히 새로워진 프리미엄 붙박이장을 만나보세요."
95,982558,int_room0002,int_type0004,[빌트인] 거실평상장&벽장,견적상담,https://image.hanssem.com/hsimg/gds/1050/982/982558_A1.jpg?v=20241113180409,"[빌트인] 거실 평상장&벽장  평상장과 벽장으로 발코니 확장 공간을 깔끔하게 연출해 보세요.
취미 공간으로 탈바꿈하는 발코니 공간이 됩니다.  실용적인 수납공간 평상장은 부피가 큰 짐들도 걱정 없이 수납할 수 있어요. 수납물품은 도어 뒤에 깔끔히 가림 수납하고, 여백의 공간에 화분과 디퓨저 등을 이용해 꾸며보세요.  우리가족 휴식공간 가족과 나란히 앉아 도란도란 수다도 떨고 취미생활도 해보세요. 폭신한 방석과 쿠션을 함께하면 더욱 편하게 휴식할 수 있어요."
96,1052903,int_room0002,int_type0003,[현관] 무드 현관장,견적상담,https://image.hanssem.com/hsimg/gds/1050/1052/1052903_A1.jpg?v=20241113164527,"[현관]무드 현관장 빗각 디자인으로 손잡이가 드러나지 않아 일체감있는 무드도어,
맞춤 현관 플랜으로 깔끔한 우리집 첫인상을 연출하세요.  자연스러운 질감의 화이트 컬러 가장 기본의 베이직 화이트 컬러는
화사하고 깔끔한 현관공간으로 연출해 줍니다.  은은한 라이트 베이지 컬러 베이지 컬러는 우리 집 현관을
따뜻하고 세련된 무드로 연출해 줍니다.  플랫한 빗각 인채널 디자인 겉으로 드러나지 않는 빗각 형태의 손잡이는
깔끔한 벽처럼 느껴져 좁은 현관을
넓어 보이게 연출할 수 있어요  우리 집에 맞춘 현관장 공사 없이 현관장만 교체하고 싶을때는 일반형, 자주 신는 신발 등 실용적인 수납을 원하신다면 행잉형으로 우리 집에 맞춰 선택해 보세요."
97,982557,int_room0002,int_type0004,[빌트인] 자녀방 평상형 수납장,견적상담,https://image.hanssem.com/hsimg/gds/1050/982/982557_A1.jpg?v=20240724080842,"빌트인 자녀방 평상형 수납장  자녀방의 개성이 드러나고 학습과 휴식이 가능한 공간을 꾸며보세요.
수납, 학습, 휴식 공간을 하나의 플랜으로 제안합니다.  개성대로 꾸미는 타공 보드 타공 보드로 이루어진 책장 옆면은 자녀의 개성에 따라 꾸밀 수 있으며, 나만의 롤 모델, 관심 있는 분야의 사진을 보며 꿈을 키워나갈 수 있어요.  자기점검 스스로도 잘해요 거울 엔드장을 통해 스스로의 모습을 점검하고 정돈하는 습관을 들일 수 있어요.  넉넉한 수납력을 가진 평상형 수납장 아이들이 직접 본인의 장난감과 물건을 정리하는 습관을 기를 수 있게 구성해 주세요."
98,982559,int_room0002,int_type0004,[빌트인] 발코니 세탁장,견적상담,https://image.hanssem.com/hsimg/gds/1050/982/982559_A1.jpg?v=20240724080842,"빌트인 발코니 세탁장  세탁용품과 생활잡화들을 숨김 수납하여 쾌적하고 깔끔한
세탁실을 만들어 보세요. 세탁물을 분리할 수 있는 바스켓으로 
공간을 효율적으로 사용할 수 있습니다.  좁은 공간에 딱 맞는 틈새 수납장 틈새 수납으로 세탁용품을 수납하여 쾌적한 세탁실을 만들어 보세요. 드럼세탁기 위에 상판을 두면 위 공간까지 알뜰하게 활용할 수 있습니다.  넉넉한 깊이의 수납공간 사용빈도가 낮은 생활잡화들은 넉넉한 깊이의 상부 수납공간에 넣어보세요. 하부 세탁 바스켓에는 세탁물을 분리해둘 수 있어 실용적입니다."
99,1064327,int_room0002,int_type0004,[주방/현관] 유로팬트리,견적상담,https://image.hanssem.com/hsimg/gds/1050/1064/1064327_A1.jpg?v=20240724081423,"주방/현관 유로 팬트리  좁은 주방 팬트리룸 공간을 알차게 활용하고 싶은 분께 추천드려요.
수납물 사이즈에 맞춰 선반의 높이를 자유자재로 조절할 수 있고
틈새 수납을 활용할 수 있어 편리합니다.  틈새 수납을 활용한 수납공간 향상 좁고 깊은 주방 팬트리룸에 선반을 활용하여 알차게 틈새 수납을 해보세요.  자유롭게 높이 조절이 가능한 오픈 선반 다양한 수납물의 사이즈에 맞춰 선반 높이를 자유롭게 이동해 보세요. 수납 용도에 맞게 선반의 개수와 위치를 선택할 수 있습니다."
100,1052911,int_room0002,int_type0004,[빌트인] 거실 3단 TV장,견적상담,https://image.hanssem.com/hsimg/gds/1050/1052/1052911_A1.jpg?v=20250616160014,"[빌트인] 거실 3단 TV장 가족 구성원이 많아질수록 부족해지는 수납공간,
공간을 똑똑하게 활용하는 수납 설계로
빌트인 하세요.  물건마다 자리가 정해지면 수납이 쉬워져요 비어있던 거실 벽에 TV장으로 수납공간을 플러스하세요.  넉넉한 수납력과 튼튼한 내구성 부피가 큰 수납물도 편하게 보관 가능하고 튼튼한 내구성으로 오랫동안 안전하게 사용할 수 있습니다."
101,1064313,int_room0002,int_type0004,[빌트인] 거실 낮은 장식장,견적상담,https://image.hanssem.com/hsimg/gds/1050/1064/1064313_A1.jpg?v=20250509130817,빌트인 거실 낮은 장식장 벽면을 가득 채운 수납장이 답답하게 느껴진다면 낮은 장식장을 활용해 보세요.  실용적인 낮은 장식장 구성 허리 높이의 오픈된 공간에는 손이 자주 가는 물건들을 보관하고 하부에는 자주 사용하지 않거나 무게감이 있는 물품들을 수납하세요.  플랩 벽장 추가 구성 수납이 부족하다면 플랩 벽장과 함께 설계하여 넉넉한 수납 공간을 확보할 수 있어요.
102,1048926,int_room0002,int_type0005,[시그니처] 유로클래식 붙박이장,견적상담,https://image.hanssem.com/hsimg/gds/1050/1048/1048926_A1.jpg?v=20250708110237,"시그니처 유로 클래식 붙박이장 깨끗한 화이트 컬러와 유광 골드 손잡이,
아름다운 곡선의 디자인은 고급스러움을 자아냅니다.
깊이감이 느껴지는 유로 클래식으로 품격있는 인테리어를 완성하세요.  고급스러운 깊이감이 느껴지는 디자인 화이트 컬러에 클래식한 요소가 더해진 유로클래식 도어는
세련되면서도 품격있는 분위기를 자아냅니다.  골드 포인트 손잡이와 몰딩의 조화 유광 알루미늄 손잡이는 변색 없이 유지되며,
몰딩 디자인의 도어는 우아함을 한층 더 높여줍니다.  새로운 수납 경험, 시그니처 시스템 완벽한 수납을 위해 디자인부터 모듈 구성까지, 완전히 새로워진 프리미엄 붙박이장을 만나보세요."
103,1064707,int_room0002,int_type0005,[베이직] 침실 노출서랍장,견적상담,https://image.hanssem.com/hsimg/gds/1050/1064/1064707_A1.jpg?v=20240906150812,"[베이직] 침실 노출 서랍장 실용적인 수납을 원하는 우리 부부에게 꼭 필요한
수납특화형 노출 서랍장으로
수납은 더 많이, 공간은 더 넓게 활용하세요.  걸이 옷 수납이 가능한 상부 수납 셔츠, 외투 등은 상부 수납 공간에 걸어서
편리하게 보관하세요.  접이 옷 수납이 가능한 하부 수납 우리 가족 의류를 서랍장에 깔끔히 보관해 보세요.
많은 양의 의류도 효율적으로 수납 가능합니다.  다양한 도어로 만나는 파우더장 출시 이후 꾸준히 사랑받고 있는 BEST 도어 모델과 함께
우리 집에 어울리는 드레스룸 공간으로 만들어보세요."
104,1064285,int_room0002,int_type0005,[시그니처] 침실 슬림 조명장,견적상담,https://image.hanssem.com/hsimg/gds/1050/1064/1064285_A1.jpg?v=20250716101440,"[시그니처] 침실 슬림 조명장 슬림 조명장으로 고급스러운 포인트 공간을 연출해 보세요.
좋아하는 패션 아이템, 여행의 추억을 떠올리게 하는 기념품을 수납하면
우리 부부의 무드 있는 장식장이 완성됩니다.  우리 부부만의 고급스러운 컬렉션 공간 좋아하는 패션아이템, 여행 기념품, 수집품을 고급스럽게
수납하기에 알맞은 장입니다.  소중한 아이템을 더 돋보이게 하는 LED 매립조명 수납물을 돋보이게 하는 LED 조명이 양쪽에 매립되어 있습니다.
중앙 선반 하단의 터치 스위치로 조명 ON / OFF , 3단 밝기 조절이 가능합니다.
그레이 컬러의 유리 선반과 매치되어 더욱 고급스럽게 연출됩니다.  거울로도 활용 가능한 실용적인 도어 슬림 조명장의 유리 도어는 내부 조명을 끄면 거울로 변해
외출 준비도 편리합니다."
105,1103868,int_room0002,int_type0004,[빌트인] 거실 슬림오픈조명장,견적상담,https://image.hanssem.com/hsimg/gds/1050/1103/1103868_A1.jpg?v=20250507144447,"빌트인 거실 슬림오픈조명장 슬림하고 개방감 있는 디자인, 은은한 조명이 어우러진 장식장으로 감각적인 거실을 연출해 보세요.  거실의 포인트가 되는 조명장 감각적인 오브제 수납과 함께, 밝기 조절까지 가능한 슬림오픈조명장으로 평범했던 거실을 특별하게 연출해 보세요.  개방감 있는 디자인 위와 아래가 오픈된 구조로 공간이 더욱 넓어 보이며, 우리 집 천고에 딱 맞도록 맞춤 제작이 가능해요.  다양한 컬러 옵션 따뜻한 오크, 세련된 그레이. 우리 집 분위기에 어울리는 컬러로 선택해 보세요."
106,1103876,int_room0002,int_type0005,[시그니처] 침실 리프트업파우더장,견적상담,https://image.hanssem.com/hsimg/gds/1050/1103/1103876_A1.jpg?v=20250626110806,"시그니처 리프트업 파우더장 슬림한 파우더장으로 한 공간에서 의류 수납부터 메이크업까지 해결하세요.  군더더기 없이 슬림한 수납공간 공간을 많이 차지하지 않는 슬림한 너비로 남는 의류 수납공간은 더욱 여유롭게 쓰세요.  정돈이 쉬워지는 리프트업 도어 지저분해 보일 수 있는 화장품들을 감쪽같이 숨겨 더욱 깔끔한 화장대를 만들어 보세요.  활용도 높은 화장품 수납 앞쪽 선반에는 자주 사용하는 물품을 보관할 수 있고, 아래쪽 서랍에는 부피가 큰 화장품, 액세서리, 긴 병까지 수납할 수 있습니다.  사용하기 편리한 매립 콘센트 안쪽에는 콘센트가 있어 드라이, 고데기 사용부터 핸드폰 충전까지 쉽게 할 수 있습니다."
107,1103875,int_room0002,int_type0005,[베이직] 무드 슬라이딩 붙박이장,견적상담,https://image.hanssem.com/hsimg/gds/1050/1103/1103875_A1.jpg?v=20250708094925,"베이직 무드 슬라이딩 붙박이장 화이트 / 베이지 화사한 컬러로 집 전체를 조화롭게 꾸밀 수 있고 슬라이딩 도어로 좁은 공간도 넓게 쓸 수 있습니다. 최고급 하드웨어의 제품을 합리적인 가격에 만나보세요.  작은 방에 잘 맞는 슬라이딩 도어 앞뒤로 여유 공간이 없어도 괜찮아요. 작은 방에도 부담없이 설치하고, 편하게 사용하세요.  산뜻한 무드 화이트 컬러 답답한 공간도 환하게 밝혀주는 컬러로 깔끔하고 세련된 느낌을 더해줍니다.  따뜻한 무드 베이지 컬러 자연스럽게 포근함을 더하고 싶다면 오래봐도 질리지 않는 베이지 컬러를 선택해 보세요.  손잡이로 완성하는 원컬러 도어 도어와 동일한 손잡이 컬러로 더욱 깔끔하고 조화롭습니다.  준비시간이 여유로워지는 파우더장 파우더장을 함께 구성하면 바쁜 아침, 화장 후에 바로 옷을 갈아입을 수 있어 공간은 물론 시간까지 아낄 수 있습니다.  소리없이 부드러운 고품질 하드웨어 독일 Hettich 사의 최고급 양방향 댐퍼로 충격 완화에 탁월해 더욱 안전하게 사용할 수 있습니다."
108,989719,int_room0003,int_type0006,컴포트내추럴 스탠다드,견적상담,https://image.hanssem.com/hsimg/gds/1050/989/989719_A1.jpg?v=20240724080842,스타일에디션 컴포트내추럴 스탠다드  내추럴우드와 대리석 재질과 같은 자연의 소재를 미니멀한 디테일로 완성한 Comfort Natural 스탠다드입니다.  화이트 & 내추럴 포인트의 거실 깔끔한 화이트 공간에 미가루버와 천장과 벽을 연결하는 슬림한 라인조명으로 포인트를 준 거실입니다.  생기있는 그린 컬러가 돋보이는 키친 베이지 톤 베이스에 톤 다운 된 그린 컬러를 포인트로 매치하여 생기있게 연출한 대면형 키친 공간입니다.
109,934374,int_room0003,int_type0007,컴포트내추럴 프리미엄,견적상담,https://image.hanssem.com/hsimg/gds/1050/934/934374_A1.jpg?v=20240724081423,스타일에디션 컴포트내추럴 프리미엄  웜베이지와 내추럴 우드 베이스에 다크 그린 컬러와 동양적인 요소를 더해 주어 차분하게 연출한 Comfort Natural 프리미엄입니다.  동양적인 무드의 갤러리 거실 자연스러운 우드결 마감재와 은은하게 흐르는 간접조명을 매치하고 간살 슬라이딩 도어로 포인트를 준 서정적인 무드의 거실입니다.  베이지&딥그린이 조화를 이루는 주방 차분한 우드톤 베이스에 주방 가구의 과감한 컬러 배색으로 집 전체의 포인트가 될 수 있도록 꾸며진 주방 & 다이닝 공간입니다.
110,854126,int_room0003,int_type0007,세미클래식 프리미엄,견적상담,https://image.hanssem.com/hsimg/gds/1050/854/854126_A1.jpg?v=20240724081423,"스타일에디션 세미클래식 프리미엄  차분한 웜그레이톤 베이스에 클래식 몰딩과 골드 컬러 포인트를 더한 우아한 분위기의 Semi Classic 프리미엄 입니다.  디테일한 장식이 돋보이는 우아한 감성의 거실 웜그레이 컬러의 웨인스콧팅과 따뜻한 톤의 마루, 간접 조명 장식으로 아늑한 분위기를 연출한 거실입니다.  고급스러운 베이지 톤 주방 거실과 연결된 주방 공간으로 몰딩 장식이 있는 키큰장과 아일랜드를 배치하여 공간 활용도를 높인 대면형 주방입니다."
111,744781,int_room0003,int_type0006,젠틀브라운 스탠다드,견적상담,https://image.hanssem.com/hsimg/gds/1050/744/744781_A1.jpg?v=20250122082625,"스타일에디션 젠틀브라운 스탠다드  따뜻한 크림컬러 베이스에 대리석 패턴과 브라운 우드를 매치하여 차분하면서 중후함이 어우러지는 Gentle Brown 스탠다드입니다.  화사함과 중후함이 동시에 느껴지는 거실 크림톤의 부드러운 공간에 브라운 컬러 포인트로 공간의 무게를 잡아주어 차분함과 편안함이 느껴지는 거실입니다.  따뜻한 색감으로 꾸며진 깔끔한 분위기의 키친 부드러운 웜 화이트 컬러의 밝은 배경에 마그네틱, 시카 조명으로 포인트를 준 깔끔하고 따뜻한 분위기의 키친입니다."
112,989723,int_room0003,int_type0006,소프트화이트 스탠다드,견적상담,https://image.hanssem.com/hsimg/gds/1050/989/989723_A1.jpg?v=20250225112402,스타일에디션 소프트화이트 스탠다드  심플한 화이트 마감재에 라인의 요소를 더해 완성한 가장 기본이 되는 인테리어 스타일 Soft White 스탠다드입니다.  새하얀 캔버스 같은 거실 순백의 화이트 컬러 마감재로 깨끗한 느낌을 내고 차분한 컬러감의 마블스퀘어 강마루와 간접조명으로 은은함을 더한 새하얀 캔버스와 같은 거실입니다.  화이트룩으로 완성한 미니멀 키친 플랩장을 길게 설계하여 개방감있게 연출하고 화이트톤 마감재와 슬림한 라인감의 조명으로 미니멀룩을 완성한 키친입니다.
113,744813,int_room0003,int_type0006,어반시크 스탠다드,견적상담,https://image.hanssem.com/hsimg/gds/1050/744/744813_A1.jpg?v=20250122082545,"스타일에디션 어반시크 스탠다드  밝은 그레이 컬러 바탕에 깨끗한 화이트를 더한 편안한 분위기의 Urban Chic 스탠다드입니다.  차분한 톤의 마감재가 어우러진 모던 스타일 거실 복도에서부터 거실까지 연결된 공간에 웜 그레이 컬러의 대형 알판과 라인 조명을 적용해 개방감있는 깔끔한 스타일의 거실입니다.  다양한 용도로 사용 가능한 무드 있는 주방 벽면은 화이트 키큰장으로 깔끔하게 연출하고, 대형 아일랜드와 작업대를 배치하여 다양하게 사용할 수 있는 주방 공간입니다."
114,745101,int_room0003,int_type0006,세미클래식 스탠다드,견적상담,https://image.hanssem.com/hsimg/gds/1050/745/745101_A1.jpg?v=20250122082652,스타일에디션 세미클래식 스탠다드  따뜻한 크림톤 베이스에 클래식 몰딩과 라운드 요소를 더하여 부드러운 무드로 완성한 Semi Classic 스탠다드입니다.  우아한 클래식 마감재를 미니멀하게 사용한 거실 화이트 컬러의 클래식 마감재를 미니멀하게 사용하고 라운드 천장 디자인과 실링팬으로 트렌디하게 연출한 우아하고 세련된 거실입니다.  은은한 컬러감의 세미 클래식 키친 부드러운 크림톤 클래식 도어로 폴딩장을 설계하여 깔끔한 빌트인 룩으로 완성한 홈카페 분위기의 감각적인 공간입니다.
115,989720,int_room0003,int_type0006,유니크 스탠다드,견적상담,https://image.hanssem.com/hsimg/gds/1050/989/989720_A1.jpg?v=20240724080842,"스타일에디션 유니크 스탠다드  화이트 컬러 베이스에 비비드한 컬러를 포인트로 더한 특별한 감성을 보여주는 Unique 스탠다드입니다.  미니멀한 마감재와 비비드한 컬러가 어우러진 거실 복도를 따라 긴 라인조명과 매립등,히든몰딩이 슬림하고 미니멀한 거실을 연출합니다. 발코니 확장 공간에는 미니 홈카페를 조성했습니다.  레드 컬러로 포인드를 준 감각적인 주방 화이트 컬러 베이스에 레드 컬러의 대형 아일랜드를 중앙에 배치하여 포인트를 준 유니크한 주방 공간입니다."
116,934373,int_room0003,int_type0007,젠틀브라운 프리미엄,견적상담,https://image.hanssem.com/hsimg/gds/1050/934/934373_A1.jpg?v=20240724081423,"스타일에디션 젠틀브라운 프리미엄  짙은 월넛 브라운과 차분한 그레이 컬러의 조화. 공간의 깊이와 품격이 더해진 Gentle Brown 프리미엄입니다.  통일된 컬러와 가구 구성으로 개방감이 느껴지는 거실 거실에서 주방까지 이어지는 수납장은 공간의 연속성과 확장성을 주어 개방감이 느껴지고, 브라운 컬러 톤으로 차분함을 준 거실입니다.  그레이 & 다크 우드가 조화를 이루는 주방 차분한 그레이와 다크 무늬목의 세련된 매치, 유리 장식장 조명이 포인트를 더해주는 갤러리 같은 다이닝 공간입니다."
117,798901,int_room0003,int_type0007,소프트화이트 프리미엄,견적상담,https://image.hanssem.com/hsimg/gds/1050/798/798901_A1.jpg?v=20241028085959,스타일에디션 소프트화이트 프리미엄  다양한 질감의 화이트 마감재와 부드러운 간접조명을 더한 아늑한 화이트 인테리어 스타일 Soft White 프리미엄입니다.  톤온톤 디자인의 라운지와 같은 거실 뉴트럴톤의 와이드한 마감재를 톤온톤 매치하여 확장감을 주고 블랙 마그네틱 조명으로 포인트를 준 감각적인 라운지와 같은 거실입니다.  화이트 컬러와 간접 조명이 조화를 이루는 주방 투명한 유리 중문으로 개방감있는 다이닝룸을 만들고 매트한 질감의 화이트 컬러 가구에 간접 조명으로 포인트를 준 은은한 분위기의 주방입니다.
118,908746,int_room0003,int_type0007,어반시크 프리미엄,견적상담,https://image.hanssem.com/hsimg/gds/1050/908/908746_A1.jpg?v=20240724081423,"스타일에디션 어반시크 프리미엄  그레이 컬러를 베이스로 글래스 소재와 블랙 컬러를 더해 깊이감을 준 감각적인?Urban Chic 프리미엄입니다.  시크하고 무드있는 갤러리 스타일의 거실 자연석 느낌의 타일과 간접조명을 활용하여 차분하면서도 도회적인 분위기를 연출하는 갤러리 스타일의 공간입니다.  그레이 & 블랙 조합의 시크하고 세련된 주방 매트 그레이 도어와 블랙 컬러의 가전, 장식장 프레임 포인트로 완성된 시크하고 세련된 주방입니다."
119,798888,int_room0003,int_type0007,유니크 프리미엄,견적상담,https://image.hanssem.com/hsimg/gds/1050/798/798888_A1.jpg?v=20240724081423,"스타일에디션 유니크 프리미엄  밝은 크림 컬러를 베이스로 대비되는 블랙 컬러 포인트를 주어 모던함과 세련된 무드를 보여주는 Unique 프리미엄입니다.  크림과 블랙 대비가 돋보이는 트렌디한 거실 크림 컬러의 톤온톤 마감재로 정돈된 느낌을 주면서, 블랙 폴딩도어, 컬러감 있는 가구와 소품을 더해 유니크한 거실을 완성해줍니다.  무게감이 느껴지는시크한 감성의 주방 매트한 질감의 블랙 컬러로 세련된 주방 인테리어를 강조하며, 다이닝 공간은 분위기 있는 홈 카페로 연출했습니다."
120,831966,int_room0004,int_type0008,[특가~9/29]초슬림 3연동 중문,1025700,https://image.hanssem.com/hsimg/gds/1050/831/831966_A1.jpg?v=20250917142927,"초슬림 3연동 중문  22mm 슬림하고 안정적인 알루미늄 프레임에 미니멀한 감각을 살린 한샘 BEST 초슬림 3연동 중문입니다.  22mm 슬림 프레임 너무 얇지도 두껍지도 않은 두께로 안정감과 개방감을 도시에 충족합니다.  미니멀 핸들리스 디자인 핸들을 없앤 디자인으로 군더더기 없는 룩을 완성합니다.  디바이딩 도어 디자인 오픈형과 고시형의 장점을 모두 살린 디바이딩 타입으로 개방감과 프라이버시 보호를 동시에 누려보세요.  고품질 기능성 안전제품 KS기준 대비 2배 성능의 10만회 개폐테스트를 통과한 중문으로 포름알데하이드 걱정없이 안전까지 꼼꼼히 챙겨보세요.  최고급 원자재 사용 환경까지 생각한 최고급 도료, 시트 사용 3중 코팅 적용으로 견고하며 유지관리가 편합니다.  처음 품질 그대로 한샘이 직접 관리하는 전문 시공 및 A/S로 처음 품질을 그대로 유지할 수 있습니다."
121,1069579,int_room0004,int_type0008,라이트 3연동 중문,견적상담,https://image.hanssem.com/hsimg/gds/1050/1069/1069579_A1.jpg?v=20250703162828,"라이트(Wright) 3연동 중문  리얼 디바이딩과 다양한 믹스 매치 유리 옵션으로 유러피안 스타일링 연출이 가능한 만족스러운 가격대의 한샘 중문입니다.  미니멀한 룩을 위해 더욱 가늘어진 18mm 프레임 문을 닫았을때도 현관이 시원해 보이는 슬림 레이아웃 디자인으로 미니멀한 공간을 완성합니다.  공간을 넓어보이게 연출하는 상부의 슬림 마감 더 높아진 문틀 제작높이로 상부 마감 공간을 최소화하여 쭉 뻗은 도어의 레이아웃이 우리집을 더 개방감 있는 공간으로 연출합니다.  인테리어는 조화가 핵심, 톤온톤 유리 옵션과 리얼 디바이딩 세심하고 다양한 유리 옵션과 리얼 디바이딩을 적용하여 유럽의 분위기를 연출하는 믹스 매치 유리로 우리집 인테리어만의 차별화를 만들 수 있습니다."
122,1064644,int_room0004,int_type0008,유닛 슬라이딩,견적상담,https://image.hanssem.com/hsimg/gds/1050/1064/1064644_A1.jpg?v=20250826185955,유닛 슬라이딩 중문  남다른 기술력이 주는 부드러운 움직임. 다양한 디자인 옵션과 맞춤설계가 가능한 플랜으로 우리 집 공간을 완성해보세요.  다양한 유닛으로 맞춤 설계 가능한 중문 간살부터 라운드형 디자인까지 13가지의 디바이딩과 8가지의 유리 옵션 중 맞춤 설계할 수 있습니다.  슬림한 프레임 디자인 16mm 슬림한 프레임과 빗각 디자인으로 유리 면적이 넓어져 시원한 개방감을 선사합니다.  고급스러운 손잡이 여닫을 때 안정적인 개폐감을 느낄 수 있는 일체형 손잡이 입니다.
123,1064623,int_room0004,int_type0008,초슬림 3연동,견적상담,https://image.hanssem.com/hsimg/gds/1050/1064/1064623_A1.jpg?v=20250917142222,초슬림 3연동  22mm 슬림하고 안정적인 알루미늄 프레임에 미니멀한 감각을 살린 한샘 BEST 초슬림 3연동 중문입니다.  22mm 슬림 프레임 너무 얇지도 두껍지도 않은 두께로 안정감과 개방감을 동시에 충족합니다.  미니멀 핸들리스 디자인 핸들을 없앤 디자인으로 군더더기 없는 룩을 완성합니다.  디바이딩 도어 디자인 오픈형과 고시형의 장점을 모두 살린 디바이딩 타입으로 개방감과 프라이버시 보호를 동시에 누려보세요.
124,1052538,int_room0004,int_type0008,[특가~9/29]폴드윙 중문 (오픈/고시형),1293240,https://image.hanssem.com/hsimg/gds/1050/1052/1052538_A1.jpg?v=20250905095356,"폴드윙 중문  현관 사이즈가 좁다면 양쪽으로 열고 닫을 수 있는 중문을 추천합니다. 반자동 개폐에 세이프 댐핑까지 더해진 똑똑한 폴드윙 중문을 만나보세요.  폴드윙 도어 양방향으로 접히는 부드러운 스윙 도어로 좁은 현관에도 설치가 가능합니다.  효율적인 공간 활용 하부레일이나 문턱이 없어 공간 활용도가 높아집니다.  안전하고 손 쉬운 폴딩 반자동 개폐에 세이프 댐핑 기능이 더해져 안전하면서 손 쉬운 폴딩이 가능합니다.  고품질 기능성 안전제품 KS기준 대비 2배 성능의 10만회 개폐테스트를 통과한 중문으로 포름알데하이드 걱정없이 안전까지 꼼꼼히 챙겨보세요.  최고급 원자재 사용 환경까지 생각한 최고급 도료, 시트 사용 3중 코팅 적용으로 견고하며 유지관리가 편합니다.  처음 품질 그대로 한샘이 직접 관리하는 전문 시공 및 A/S로 처음 품질을 그대로 유지할 수 있습니다."
125,1064462,int_room0004,int_type0009,안전 도어,견적상담,https://image.hanssem.com/hsimg/gds/1050/1064/1064462_A1.jpg?v=20240912141136,안전도어  도어 손끼임이 걱정된다면 한샘 안전도어를 선택하세요.  손끼임 방지 마감 캡 손끼임 방지 마감 캡 적용으로 문틀과 도어 사이의 틈을 없애 가정 내 손 끼임 사고를 예방합니다.  라운드 캡 디자인 깔끔한 라운드 캡 디자인에 도어와 동일 색상으로 마감하여 세련되고 일체감 있는 스타일을 제공합니다.  트리플 허니콤보드 도어 힘을 가장 균형 있게 배분하는 안정적 구조 형태인 허니콤 보드를 3단으로 적용해 내구성과 차음 성능을 높인 고품질 도어입니다.
126,1064642,int_room0004,int_type0008,젠 슬라이딩,견적상담,https://image.hanssem.com/hsimg/gds/1050/1064/1064642_A1.jpg?v=20240911101420,"젠슬라이딩  조립식 간살구조로 우수한 마감품질과 젠 스타일의 우아함을 담은 한샘 젠슬라이딩으로 공간에 낭만을 더해보세요.  조립식 간살 구조 부착식이 아닌 조립식 구조를 적용하여 마감품질을 높였습니다.  매립형 하부레일 매립형 레일을 적용해 발걸림이 없고, 유지관리가 용이합니다.  젠글라스 경량화된 신소재를 사용하여 특수 공사 없이 간편한 시공이 가능합니다."
127,1064632,int_room0004,int_type0008,폴드윙 중문,견적상담,https://image.hanssem.com/hsimg/gds/1050/1064/1064632_A1.jpg?v=20250813160815,폴드윙 중문  현관 사이즈가 좁다면 양쪽으로 열고 닫을 수 있는 중문을 추천합니다. 반자동 개폐에 세이프 댐핑까지 더해진 똑똑한 폴드윙 중문을 만나보세요.  폴드윙 도어 양방향으로 접히는 부드러운 스윙 도어로 좁은 현관에도 설치가 가능합니다.  효율적인 공간 활용 하부레일이나 문턱이 없어 공간 활용도가 높아집니다.  안전하고 손 쉬운 폴딩 반자동 개폐에 세이프 댐핑 기능이 더해져 안전하면서 손 쉬운 폴딩이 가능합니다.
128,1064621,int_room0004,int_type0008,슬림소프트 3연동,견적상담,https://image.hanssem.com/hsimg/gds/1050/1064/1064621_A1.jpg?v=20240911095607,슬림소프트 3연동  친환경 소재에 세련된 디바이딩. 내 집을 더욱 안전하고 세련되게 바꿔보세요.  답답함은 줄이고 개방감은 높인 프레임 18mm 얇은 프레임으로 문을 닫아도 시원한 개방감을 줍니다.  3면 모헤어 마감과 충격방지 고무 가스켓 3면을 모헤어와 충격방지 고무 가스켓을 적용하여 단열 성능은 높이고 소음은 줄여줍니다.
129,997378,int_room0004,int_type0008,[특가~9/29]슬림소프트 3연동 중문,1015560,https://image.hanssem.com/hsimg/gds/1050/997/997378_A1.jpg?v=20250905095519,"슬림소프트 3연동  친환경 소재에 세련된 디바이딩. 내 집을 더욱 안전하고 세련되게 바꿔보세요.  답답함은 줄이고 개방감은 높인 프레임 18mm 얇은 프레임으로 문을 닫아도 시원한 개방감을 줍니다.  3면 모헤어 마감과 충격방지 고무 가스켓 3면을 모헤어와 충격방지 고무 가스켓을 적용하여 단열 성능은 높이고 소음은 줄여줍니다.  고품질 기능성 안전제품 KS기준 대비 2배 성능의 10만회 개폐테스트를 통과한 중문으로 포름알데하이드 걱정없이 안전까지 꼼꼼히 챙겨보세요.  최고급 원자재 사용 환경까지 생각한 최고급 도료, 시트 사용 3중 코팅 적용으로 견고하며 유지관리가 편합니다.  처음 품질 그대로 한샘이 직접 관리하는 전문 시공 및 A/S로 처음 품질을 그대로 유지할 수 있습니다."
130,1052537,int_room0004,int_type0008,[특가~9/29]라이트3연동 중문,781560,https://image.hanssem.com/hsimg/gds/1050/1052/1052537_A1.jpg?v=20250912153114,"라이트(Wright) 3연동 중문  리얼 디바이딩과 다양한 믹스 매치 유리 옵션으로 유러피안 스타일링 연출이 가능한 만족스러운 가격대의 한샘 중문입니다.  미니멀한 룩을 위해 더욱 가늘어진 18mm 프레임 문을 닫았을때도 현관이 시원해 보이는 슬림 레이아웃 디자인으로 미니멀한 공간을 완성합니다.  공간을 넓어보이게 연출하는 상부의 슬림 마감 더 높아진 문틀 제작높이로 상부 마감 공간을 최소화하여 쭉 뻗은 도어의 레이아웃이 우리집을 더 개방감 있는 공간으로 연출합니다.  인테리어는 조화가 핵심, 톤온톤 유리 옵션과 리얼 디바이딩 세심하고 다양한 유리 옵션과 리얼 디바이딩을 적용해 유럽의 분위기를 연출하는 믹스 매치 유리로 우리집 인테리어만의 차별화를 만들 수 있습니다.  고품질 기능성 안전제품 KS기준 대비 2배 성능의 10만회 개폐테스트를 통과한 중문으로 포름알데하이드 걱정없이 안전까지 꼼꼼히 챙겨보세요.  최고급 원자재 사용 환경까지 생각한 최고급 도료, 시트 사용 3중 코팅 적용으로 견고하며 유지관리가 편합니다.  처음 품질 그대로 한샘이 직접 관리하는 전문 시공 및 A/S로 처음 품질을 그대로 유지할 수 있습니다."
131,775684,int_room0004,int_type0008,[특가~9/29]유닛슬라이딩 중문,879060,https://image.hanssem.com/hsimg/gds/1050/775/775684_A1.jpg?v=20250905095659,"유닛슬라이딩  남다른 기술력이 주는 부드러운 움직임. 다양한 디자인 옵션과 맞춤설계가 가능한 플랜으로 우리 집 공간을 완성해보세요.  다양한 유닛으로 맞춤 설계 가능한 중문 간살부터 라운드형 디자인까지 13가지의 디바이딩과 8가지의 유리 옵션 중 맞춤 설계할 수 있습니다.  슬림한 프레임 디자인 16mm 슬림한 프레임과 빗각 디자인으로 유리 면적이 넓어져 시원한 개방감을 선사합니다.  고급스러운 손잡이 고급스러운 일체형 손잡이는 중문을 여닫을 때 안정적인 개폐감을 선사합니다.  고품질 기능성 안전제품 KS기준 대비 2배 성능의 10만회 개폐테스트를 통과한 중문으로 포름알데하이드 걱정없이 안전까지 꼼꼼히 챙겨보세요.  최고급 원자재 사용 환경까지 생각한 최고급 도료, 시트 사용 3중 코팅 적용으로 견고하며 유지관리가 편합니다.  처음 품질 그대로 한샘이 직접 관리하는 전문 시공 및 A/S로 처음 품질을 그대로 유지할 수 있습니다."
132,1064344,int_room0004,int_type0008,팰리스 자동 슬라이딩 중문,견적상담,https://image.hanssem.com/hsimg/gds/1050/1064/1064344_A1.jpg?v=20250424145837,"팰리스 자동 슬라이딩  전자동 시스템에 세이프 클로징이 더해진 원슬라이딩 자동 중문으로 스마트한 우리 집을 만들어보세요.  저소음 하드웨어 실내 전용 하드웨어를 개발하여 작동 시 소음을 줄이고, 부드럽게 열립니다.  스마트한 자동3연동 중문 자동,수동, 홀드 기능이 모두 다 있는 중문으로 몸이 가볍게 닿기만 해도 자동으로 열려 찧임 방지도 가능합니다.  우리집에 맞게 고르는 자동센서 대형,소형, 천장부착형, 손잡이 매립형 센서 등 우리 집에 맞게 센서를 고르실 수 있습니다."
133,1064624,int_room0004,int_type0008,슬림 3연동,견적상담,https://image.hanssem.com/hsimg/gds/1050/1064/1064624_A1.jpg?v=20250813160717,슬림 3연동  안정감 있는 60mm 프레임으로 코지한 분위기와 개방감을 동시에 느낄 수 있는 중문입니다.  60mm 슬림 프레임 안정감있는 60mm 프레임으로 보다 넓어보이는 현관을 연출해보세요.  다양한 컬러 옵션 20종의 컬러옵션으로 우리집 맞춤 디자인 설계가 가능합니다.
134,1064647,int_room0004,int_type0009,ABS도어,견적상담,https://image.hanssem.com/hsimg/gds/1050/1064/1064647_A1.jpg?v=20250814171032,"ABS도어  트렌디한 색감과 감도있는 디자인의 한샘 ABS도어 우리집 인테리어 스타일에 맞추어 선택할 수 있는 홈도어 시리즈입니다.  다양한 컬러와 디자인의 홈도어 한샘 키친, 수납과 가장 잘 어울리는 36종의 컬러와 11종의 디자인 도어로 통일감 있는 리모델링 스타일을 제안합니다.  트리플 허니콤보드 도어 힘을 가장 균형 있게 배분하는 안정적 구조 형태의 허니콤 보드를 3단으로 적용해 내구성과 차음 성능을 높인 고품질 도어입니다. * 25년 신제품 컬러의 경우 강화 단층 허니콤 적용  EO 몰딩 마감재까지 엄선된 MDF 사용으로 안전한 자재를 제안합니다."
135,1064336,int_room0004,int_type0008,라운드 프리미엄 스윙 중문,견적상담,https://image.hanssem.com/hsimg/gds/1050/1064/1064336_A1.jpg?v=20240911101301,라운드 프리미엄 스윙  고급 레이저 컷팅 기술로 제작된 라운드 디자인 중문입니다. 라운드 디자인이 공간에 포인트를 더해주면서 모던한 인테리어를 완성합니다.  라운드 디자인 고급 레이저 컷팅 기술이 완성한 균형감있고 우아한 디자인 입니다.  소프트 클로징 구간별 도어 개폐 속도 조절이 가능하고 댐핑 기능으로 부드럽게 닫힙니다.  최대 140도 각도 조절 최대 140도 까지 문을 열 수 있어 큰 물건을 옮길 때에도 용이합니다.
136,1064631,int_room0004,int_type0008,여닫이 중문,견적상담,https://image.hanssem.com/hsimg/gds/1050/1064/1064631_A1.jpg?v=20250813160910,"여닫이 중문  다양한 플랜으로 인테리어에 포인트를 더해줄 랩핑 타입의 중문입니다. 나만의 조합으로 더욱 특별한 현관을 만들어 보세요.  다양한 플랜 원도어, 비대칭형, 정대칭형 중 내 취향에 맞게 선택해보세요.  플로어 힌지 견고한 프리미엄 힌지를 적용하여 오래도록 사용해도 튼튼한 중문을 완성합니다.  고급 하드웨어 바람막이 몰딩, 상부 마그네틱 클로저 등 고급 하드웨어를 적용해 내구성을 한 층 더 업그레이드 했습니다."
137,997380,int_room0004,int_type0008,[특가~9/29]밀란 여닫이 중문,839280,https://image.hanssem.com/hsimg/gds/1050/997/997380_A1.jpg?v=20250905095335,"여닫이 중문  다양한 플랜으로 인테리어에 포인트를 더해줄 랩핑 타입의 중문입니다. 나만의 조합으로 더욱 특별한 현관을 만들어 보세요.  다양한 플랜 원도어, 비대칭형, 정대칭형 중 내 취향에 맞게 선택해보세요.  플로어 힌지 견고한 프리미엄 힌지를 적용하여 오래도록 사용해도 튼튼한 중문을 완성합니다.  고급 하드웨어 바람막이 몰딩, 상부 마그네틱 클로저 등 고급 하드웨어를 적용해 내구성을 한 층 더 업그레이드 했습니다.  고품질 기능성 안전제품 KS기준 대비 2배 성능의 10만회 개폐테스트를 통과한 중문으로 포름알데하이드 걱정없이 안전까지 꼼꼼히 챙겨보세요.  최고급 원자재 사용 환경까지 생각한 최고급 도료, 시트 사용 3중 코팅 적용으로 견고하며 유지관리가 편합니다.  처음 품질 그대로 한샘이 직접 관리하는 전문 시공 및 A/S로 처음 품질을 그대로 유지할 수 있습니다."
138,1064646,int_room0004,int_type0009,글라스도어,견적상담,https://image.hanssem.com/hsimg/gds/1050/1064/1064646_A1.jpg?v=20240912140616,글라스도어  유니크한 유리 디자인이 인상적인 혼도어 시리즈입니다.  심플&모던 디자인 8종의 유리 옵션으로 한 끗 다른 우리 집 분위기를 만들어 보세요.  트리플 허니콤보드 도어 힘을 가장 균형 있게 배분하는 안정적 구조 형태의 허니콤 보드를 3단으로 적용해 내구성과 차음 성능을 높인 고품질 도어입니다.  친환경 EO 몰딩 마감재까지 엄선된 MDF 사용으로 안전한 자재를 제안합니다.
139,1064625,int_room0004,int_type0008,슈퍼슬림 3연동,견적상담,https://image.hanssem.com/hsimg/gds/1050/1064/1064625_A1.jpg?v=20250813160557,슈퍼슬림 3연동  엣지 있는 골드 포인트로 심플한 공간에 특별함을 더하는 중문입니다.  골드 포인트 디자인 심플한 디자인에 골드 포인트를 더해 더욱 고급스러운 디자인을 완성합니다.  슬림 프레임 22mm 두께의 슬림한 프레임으로 공간을 더 넓어보이게 합니다.  디바이딩 도어 디자인 오픈형과 고시형의 장점을 모두 살린 디바이딩 도어 디자인으로 개방감과 프라이버시 보호를 동시에 누려보세요.
140,1064626,int_room0004,int_type0008,고급형 3연동,견적상담,https://image.hanssem.com/hsimg/gds/1050/1064/1064626_A1.jpg?v=20250813160215,고급형 3연동  중후하고 고급스러운 디자인에 기능성과 성능까지 모두 잡은 한샘 스테디셀러 중문입니다.  80mm 프레임 80mm 프레임 두께로 고급스럽고 안정감있는 현관 분의기를 연출합니다.  파티션 ㄱ자 플랜으로 목공사 없이 깔끔한 공간분리가 가능합니다.
141,1064337,int_room0004,int_type0008,프리미엄 슬라이딩 중문,견적상담,https://image.hanssem.com/hsimg/gds/1050/1064/1064337_A1.jpg?v=20240911101546,"프리미엄 슬라이딩  현관, 다이닝, 드레스룸, 침실 중문 하나로 달라지는 우리집 분위기 한샘 프리미엄 슬라이딩으로 완성해보세요.  다양한 공간플랜 원도어부터 양개형 도어까지 공간에 맞는 다양한 슬라이딩 플랜을 제안합니다.  매립형 하부레일 매립형 레일을 적용해 발걸림이 없고, 유지관리가 용이합니다.  5T 강화유리 유리 면적이 넓어진 만큼 전체 5T 강화유리를 적용해 더욱 안전하게 사용하실 수 있습니다."
142,1064463,int_room0004,int_type0009,유로3 도어,견적상담,https://image.hanssem.com/hsimg/gds/1050/1064/1064463_A1.jpg?v=20240912141939,"유로3 도어  기존 ABS도어 대비 더욱 묵직해진 개폐감. 차별화 된 친환경 고급 표면 마감재로 한 끗 다른 우리집 인테리어를 완성해보세요.  리얼한 패턴과 질감 친환경 소재로 리얼하게 표현해낸 리얼우드, 브러쉬, 매트 질감. 유로3 도어로 차별화된 홈도어를 경험하세요.  트리플 허니콤보드 도어 3단 허니콤 보드에 심재 2중 보강으로 내구성과 차음성을 강화했습니다. 묵직해진 도어로 고급스러운 개폐감을 느껴보세요.  프리미엄 ACC 라인업 다양한 도어 핸들, 경첩 라인이 있어 프리미엄 도어에 함께 매칭할 수 있습니다."
143,1064338,int_room0004,int_type0008,사일러 자동3연동 중문,견적상담,https://image.hanssem.com/hsimg/gds/1050/1064/1064338_A1.jpg?v=20250418181156,"사일러 자동 3연동  33~55 데시벨의 저소음 하드웨어를 탑재한 자동문으로 소음이 적고, 끼임 방지 기능을 넣어 더욱 안전하게 사용할 수 있습니다.  저소음 하드웨어 저소음 하드웨어를 적용하여 부드럽고 조용하게 작동합니다.  끼임 방지 안전 기능 자동 멈춤, 홀드, 수동 개폐 기능이 모두 들어간 스마트한 자동 3연동 중문입니다.  슬림 디자인과 핸들리스 디자인 슬림한 프레임으로 공간을 더 넓게, 무선 스위치로 더욱 깔끔하고 모던한 인테리어를 완성하세요."
144,1064628,int_room0004,int_type0008,와이즈 프리미엄 3연동,견적상담,https://image.hanssem.com/hsimg/gds/1050/1064/1064628_A1.jpg?v=20240911100612,"와이즈 프리미엄 3연동  슬라이딩 도어 보다 실용적이면서 기존 3연동 중문보다 압도적인 크기를 자랑하는 광폭 사이즈 프리미엄 3연동 중문입니다.  공간에 따른 플랜 넓은 공간엔 양쪽으로 여닫을 수 있는 양개형을, 좁은 공간엔 한쪽으로 여닫을 수 있는 슬라이딩형을 선택해보세요.  슬림 프레임 22mm 두께의 슬림한 프레임에 와이드 사이즈로 공간을 더 넓게 활용할 수 있습니다.  인테리어 스타일에 맞춘 3가지 프레임 컬러 공간에 따라 베이지, 블랙, 화이트로 컬러를 선택할 수 있습니다."
145,1064478,int_room0004,int_type0009,모던클래식 도어,견적상담,https://image.hanssem.com/hsimg/gds/1050/1064/1064478_A1.jpg?v=20240912142627,"모던클래식 도어  프렌치 스타일의 웨인스콧팅 디자인이 돋보이는 도어로 표면 코팅 처리로 생활 스크래치에 강해 오랫동안 고급스럽게 사용하실 수 있습니다.  웨인스콧팅 디자인 풍성한 볼륨감이 살아있는 웨인스콧팅 디자인으로 우아하면서도 시크한 프렌치 감성을 느껴보세요.  트리플 허니콤보드 도어 3단 허니콤 보드에 심재 2중 보강으로 내구성과 차음성을 강화했습니다. 묵직해진 도어로 고급스러운 개폐감을 느껴보세요.  프리미엄 ACC 라인업 다양한 도어 핸들, 경첩 라인이 있어 프리미엄 도어에 함께 매칭할 수 있습니다."
146,1064481,int_room0004,int_type0009,라인문틀,견적상담,https://image.hanssem.com/hsimg/gds/1050/1064/1064481_A1.jpg?v=20250814170740,"라인문틀 1,2  문선, 인방 없이 얇은 몰딩 마감으로 벽면과 자연스럽게 이어져 더욱 깔끔한 미니멀 인테리어를 완성할 수 있습니다.  한샘 키친, 수납 맞춤 홈도어 한샘 키친, 수납과 컬러와 텍스처를 맞춰 웜코튼, 무드베이지, 매그놀리아 컨셉의 통일감있는 리모델링 스타일을 제안합니다.  라인문틀 전용 마감몰딩 벽면 마감재에 따라 마감 몰딩 선택이 가능합니다 라인문틀1 2종 (10, 15mm)
라인문틀2 3종 (10, 15, 20mm) 현장 래핑 없이 간편하게 시공해보세요.  우수한 내구성 PVC발포문틀 위 몰딩으로 마감하여 목공으로 제작한 목문틀 대비 우수한 내구성을 자랑합니다."
147,1064634,int_room0004,int_type0008,프리미엄 스윙,견적상담,https://image.hanssem.com/hsimg/gds/1050/1064/1064634_A1.jpg?v=20240911101139,"프리미엄 스윙  25mm의 슬림한 프레임에 소프트 클로징 기능이 더해진 한샘 프리미엄 스윙 도장중문 입니다.  소프트 클로징 구간별 도어 개폐 속도 조절이 가능하고 댐핑 기능으로 부드럽게 닫힙니다.  최대 140도 각도 조절 최대 140도 까지 문을 열 수 있어 큰 물건을 옮길 때에도 용이합니다.  5T 강화 유리 넓은 유리 면적 깨질 염려없이, 5T(5mm) 강화 유리를 적용해 안전하게 사용하실 수 있습니다."
148,1064332,int_room0005,int_type0010,터닝도어,견적상담,https://image.hanssem.com/hsimg/gds/1050/1064/1064332_A1.jpg?v=20250818142331,"터닝 도어  다용도실과 실내공간 사이에 설치하여 냉기를 막아주는 것은 물론 방음, 기밀 성능까지 향상시킨 고효율 기능성 도어입니다.  우수한 단열 성능 150mm 프레임 두께와 26mm 광폭유리를 적용하여 바깥공간의 냉기를 막아줄 수 있는 고단열 터닝 도어입니다.  디테일의 차이, 고급스럽고 깔끔한 디자인 실리콘을 사용하지 않은 가스켓타입으로 깔끔하고 고급스러운 마감을 자랑합니다.  오래도록 안전하게 사용하는 터닝도어 5Point를 잡아주어 밀폐력을 높힌 전용 잠금핸들과 잦은 개폐에도 문제없는 고강도 힌지를 적용했습니다."
149,984239,int_room0005,int_type0010,폴딩 도어,견적상담,https://image.hanssem.com/hsimg/gds/1050/984/984239_A1.jpg?v=20241008153002,폴딩도어  공간을 분할하거나 확장하여 유연하게 활용할 수 있는 폴딩 도어로 카페같은 거실을 연출해보세요.  더 활짝 열리도록 일반 슬라이딩 분합창과 달리 90% 이상 열리는 도어로 넓은 개방감을 제공합니다.  좁은 공간을 더 넓어보이게 좁은 거실이 답답하다면 폴딩도어로 공간을 확장해보세요.  모던 디자인 모던한 디자인과 다양한 오픈 방식으로 어느 공간이든 원하는 인테리어를 만드실 수 있습니다.
150,1064334,int_room0005,int_type0010,하이가드,견적상담,https://image.hanssem.com/hsimg/gds/1050/1064/1064334_A1.jpg?v=20241008152546,"하이가드  방충망 하나로 방충,방범,추락방지 기능까지. 한샘 하이가드로 가족의 건강과 안전까지 지켜주세요.  더욱 견고하게 견딜 수 있도록 코너클램핑 적용으로 단단하게 구조를 잡아주고, 강한 외부 충격과 풍압을 견딜 수 있습니다.  눌러도 안전할 수 있도록 내구성이 탁월한 스텐레스 스크린과 알루미늄 프레임을 결착하는 방식으로 국부하중 시험을 통과한 제품입니다.  안전과 디자인을 동시에 3중 자동잠금 키즈락으로 아이가 있어도 안전하고, 심플한 디자인으로 미니멀 인테리어까지 연출 가능합니다."
151,984238,int_room0005,int_type0011,밀란 발코니창,견적상담,https://image.hanssem.com/hsimg/gds/1050/984/984238_A1.jpg?v=20250922100850,"밀란 발코니창  감각적인 디자인과 단열, 기밀, 방음 성능이 뛰어나며, 고효율유리를 통해 우수한 성능을 제공합니다. 또한, 친환경자재로 제작되어 건강한 실내 환경을 조성합니다.  에너지세이빙 창호 한샘만의 품질기준으로 만든 에너지세이빙 창호로 엄격하게 선정되고 관리되는 원부자재와 고효율 맥스로이 유리 적용으로 에너지 효율을 극대화합니다.  가스켓 타입 / 레버핸들 실리콘을 사용하지 않은 가스켓 타입으로 청소가 쉬워지고, 레버 핸들을 적용하여 손쉽게 여닫을 수 있습니다. * 핸들이미지는 연출된 사진으로 운영안과 다를 수 있습니다.  기능성 마감 부자재 높은 기능성을 자랑하는 마감 부자재들은 공간의 완성 뿐 아니라 생활의 편리함과 안정성까지 제공합니다. * 이 이미지는 연출된 것으로 실제와 다를 수 있습니다."
152,1084826,int_room0005,int_type0011,뷰프레임,견적상담,https://image.hanssem.com/hsimg/gds/1050/1084/1084826_A1.jpg?v=20250818142738,
153,1064553,int_room0006,int_type0012,유로 500 노르딕,견적상담,https://image.hanssem.com/hsimg/gds/1050/1064/1064553_A1.jpg?v=20250502102311,"유로500 노르딕  빈티지한 감성으로 연출하는 미드센추리 모던 스타일 공간에 포인트가 되는 감성적인 우드 패턴과 컬러로 트렌디한 빈티지 인테리어를 완성합니다.  빈티지한 감성의 월넛, 오크 도어 천연무늬목을 그대로 닮은 우드패턴과 차분한 빈티지 톤의 컬러  미드센추리 감성을 더하는 라운드 디자인 감각적인 포인트가 되는 라운드 디테일  물에 강한 고강도 HPM 소재 유지관리가 쉬운 High Pressure Melamine 소재"
154,1014892,int_room0006,int_type0012,유로500첼시,견적상담,https://image.hanssem.com/hsimg/gds/1050/1014/1014892_A1.jpg?v=20250502103832,유로500 첼시  한샘이 선보이는 새로운 클래식 스타일 트렌디하게 재해석된 모던 스타일의 도어로 우리집을 모던 프렌치 무드로 채워보세요.  트렌디하게 재해석된 프렌치 무드 슬림하고 모던한 형태의 몰딩과 손잡이로 더욱 트렌디해진 프렌치 컷 도어  시그니처 첼시 패키지로 완성하는 모던 프렌치 인테리어 우리 집을 감각적인 모던 프렌치 무드로 밝혀 줄 시그니처 첼시 붙박이장 & 유로500 첼시 부엌 패키지  다양한 매그놀리아 더하기 다양한 매그놀리아 도어로 포인트를 더하는 특별한 부엌
155,1064550,int_room0006,int_type0012,유로 700 그레이스,견적상담,https://image.hanssem.com/hsimg/gds/1050/1064/1064550_A1.jpg?v=20250731171704,"미니멀 디자인에 편리한 수납으로 매일의 키친에 여유를 더합니다.  취향대로 고르는 베젤리스 프레임의 미니멀 도어와 편리한 수납 솔루션까지 디자인과 기능을 모두 만족시키는 유로 700 시리즈  탁 트인 아일랜드로, 공간을 넓게 답답한 상부장은 덜고, 후드는 아일랜드에 숨겨 시야도 공간도 여유로운 미니멀 키친을 완성해보세요.  미니멀한 디자인의 그레이스, 베일 도어 간결한 베젤리스 프레임 디자인의, 부드러운 새틴 글라스 그레이스 도어와 자연스러운 유럽 미장 페인트 스타일 베일 도어  다양한 시스템으로, 수납을 편리하게  자주 쓰는 살림은 손 닿는 곳에, 슬라이딩 벽장 매일 사용하는 머그컵, 소금, 후추통을 꺼내기 쉬운곳에 숨김 수납해 보세요.  식료품은 높이에 따라 자유롭게, 적층 팬트리 박스 높이를 자유롭게 조절해 간식부터 소스까지 다양한 식료품을 넉넉하고 깔끔하게 정리해요.  애매한 공간까지 알차게, 코너장 부피가 큰 믹서기부터 냄비까지 공간만 차지하던 살림은 코너장에 숨겨보세요. 양문형 도어로 꺼낼 때도 편해요.  한 끗 포인트로, 키친을 특별하게  취향도 고급스럽게, TWO-WAY 유리장식장 아끼는 그릇은 유리 도어 안에, 즐겨 쓰는 찻잔은 오픈형 선반에. 내 취향을 한층 더 고급스럽게 보여줘요.  세련된 소재로 감도를 더하는, 스틸 선반 매일 아침 쓰는 커피잔, 가끔 꺼내는 예쁜 접시까지 즐겨 쓰는 것들이 감각있게 드러나요.  추천상판  추천기기  Door Color  Door Type"
156,762259,int_room0006,int_type0012,[특가~9/29]유로300 유로화이트,3640400,https://image.hanssem.com/hsimg/gds/1050/762/762259_A1.jpg?v=20250919155418,"유로300 유로화이트  광택감이 살아있어 깔끔한 무드가 돋보이는 스타일로 유로를 대표하는 스탠다드 모델입니다.  맑은 광택감의 화사한 유광 주방 은은한 진주펄이 더해져 유리와 같은 광택감이 감도는 유로 화이트 도어  쉬운 유지 관리 오염물이 쉽게 착색되지 않아 유지관리가 쉬운 유광 코팅 표면  유해물질 걱정 없는 친환경 자재 E0 시공 매일 쓰는 우리 집 가구, 자재등급부터 꼭 따져보세요. 한샘은 전 제품 유해물질 없는 친환경자재 E0만 사용합니다.  품질 인증 받은 자재인지 꼭! 확인하세요 업계 유일, 국제 기준(KOLAS)에 부합하는 한샘 품질 연구소의 테스트를 거쳐 내구성과 품질을 보장합니다."
157,1064557,int_room0006,int_type0012,유로 300 유로,견적상담,https://image.hanssem.com/hsimg/gds/1050/1064/1064557_A1.jpg?v=20240724081423,유로300 유로  광택감이 살아있어 깔끔한 무드가 돋보이는 스타일로 유로를 대표하는 스탠다드 모델입니다.  맑은 광택감의 화사한 유광 주방 은은한 진주펄이 더해져 유리와 같은 광택감이 감도는 기본 화이트/그레이 도어  쉬운 유지 관리 오염물이 쉽게 착색되지 않아 유지관리가 쉬운 유광 코팅 표면
158,762233,int_room0006,int_type0012,[특가~9/29]유로300 터치,3564400,https://image.hanssem.com/hsimg/gds/1050/762/762233_A1.jpg?v=20250919154859,"유로300 터치  유화같은 붓터치 질감을 구현한 스타일. 깊은 텍스처로 공간의 분위기를 한 층 더해줍니다.  유화 붓터치 같은 표면 유화와 같은 붓터치 표면의 질감이 감각적으로 표현된 도어  손 끝으로 느껴지는 텍스처 지문 자국을 최소화하는 붓터치 질감의 엠보 텍스처  마일드한 모노톤 컬러 3종 따뜻한 화이트 컬러와 미드그레이 컬러, 그리고 차콜빛의 블랙 컬러까지.  유해물질 걱정 없는 친환경 자재 E0 시공 매일 쓰는 우리 집 가구, 자재등급부터 꼭 따져보세요. 한샘은 전 제품 유해물질 없는 친환경자재 E0만 사용합니다.  품질 인증 받은 자재인지 꼭! 확인하세요 업계 유일, 국제 기준(KOLAS)에 부합하는 한샘 품질 연구소의 테스트를 거쳐 내구성과 품질을 보장합니다."
159,860261,int_room0006,int_type0013,[특가~9/29]밀란100 무드베이지,1892400,https://image.hanssem.com/hsimg/gds/550/860/860261_A1.jpg?v=20250919154302,"밀란100 무드베이지  심플함에 부드러운 감도를 더하는 밀란의 베스트 셀러. 주방 가전과 톤온톤 매칭이 가능한 화이트+베이지 컬러의 키친으로 깔끔하고 감도 높은 공간을 만들어 보세요.  심플한 인테리어의 기본, 무드화이트+베이지 인테리어의 기본이 되는 화이트+베이지 컬러 선택지로 시작하는 쉽고 깔끔한 부엌 인테리어  오래 사용해도 변함 없는 도어 오랜 기간 빛에 노출되어도 변색 없는 ASA 소재  베이직 무드 붙박이장과 함께 완성하는 인테리어 베이직 무드 키친+붙박이장으로 쉽게 완성하는 톤온톤 인테리어  유해물질 걱정 없는 친환경 자재 E0 시공 매일 쓰는 우리 집 가구, 자재등급부터 꼭 따져보세요. 한샘은 전 제품 유해물질 없는 친환경자재 E0만 사용합니다.  품질 인증 받은 자재인지 꼭! 확인하세요 업계 유일, 국제 기준(KOLAS)에 부합하는 한샘 품질 연구소의 테스트를 거쳐 내구성과 품질을 보장합니다."
160,1064549,int_room0006,int_type0012,유로 900 캔버스,견적상담,https://image.hanssem.com/hsimg/gds/1050/1064/1064549_A1.jpg?v=20240724081423,"유로900 캔버스  20종의 감각적인 컬러 옵션을 가진 유로900 캔버스 깨끗한 마감과 감도를 보여주는 도장 공법의 도어입니다. 트렌드 기반으로 선정된 감도높은 컬러를 골라 보세요.  20종의 감각적인 컬러 선택지 따뜻한 감성이 묻어나는 파스텔 컬러부터, 시크함을 지닌 짙은 컬러까지 취향껏 선택할 수 있는 감각적인 선택지 (유/무광 선택 가능)  완벽히 이어지는 매끄러운 표면 자동차 외장재와 동일한 우레탄 도료로 전면부터 엣지, 후면까지 하나로 이어지는 매끈한 6면 마감  MD Pick! 2024 추천 컬러 조합 EARTHY COZY ㅣ 소프트브릭 + 매그놀리아 LIGHT FRESH ㅣ 라이트그린 + 아이보리 WARM SOFT ㅣ애쉬로즈 + 아이보리 TIMELESS BLUE ㅣ다크네이비 + 쿨그레이"
161,785808,int_room0006,int_type0013,[550만원딜 특가]퓨어화이트&글램모던&무드 부엌+욕실+수납 3PKG,5519660,https://image.hanssem.com/hsimg/gds/1050/785/785808_A1.jpg?v=20250919160726,"키친, 바스, 수납 3PKG  한샘이 제안하는 패키지 솔루션으로 우리집에서 꼭 필요한 공간만 바꾸고 확 달라진 우리집을 경험하세요.  밀란100 퓨어화이트 가장 기본적인 부엌 이미지를 연출하기 좋은 스타일. 순백색의 화이트 컬러로 어떤 인테리어에도 잘 어울리는 도어입니다.  소비자들이 선호하는 BEST 컬러 깨끗하고 세련된 화이트 부엌은 공간을 더욱 밝고 넓어 보이게 하며, 어떤 스타일의 인테리어에도 자연스럽게 어울립니다. 심플하면서도 현대적인 감각을 살려 우리집의 중심을 완성하세요.  편리하게 관리할 수 있는 유광 도어 펄이 없는 유광 도어로 세련된 광택을 제공하여 공간을 더욱 고급스럽게 연출합니다. 매끄러운 표면 덕분에 먼지나 오염물질이 잘 붙지 않아 쉽게 청결을 유지할 수 있어 관리가 편리합니다.  유로3 글램모던 통일감 있는 톤 온 톤 그레이 스타일의 편안한 모던 스타일 욕실. 모션센서를 이용한 LED 삼면경 안에서 새로운 나의 모습을 만나보세요.  욕실 전면을 환하게 빛내는 LED 삼면경 상부장 하부 모션센서를 이용하여 별도 스위치 없이 ON/OFF할 수 있고, 가벼운 손동작으로 제어가 가능합니다. 따뜻한 색온도로 아름다운 분위기를 연출합니다.  컴팩트한 디자인의 글램모던 하부장 컴팩트 보드를 이용하여 도어와 상판재질에 통일감을 주어 군더더기 없는 디자인을 선보입니다. 수건걸이형 상판으로 편리함까지 더한 하부장입니다. *하부장은 세트 연출컷으로, 상담 후 추가 결제 가능합니다.  청소와 관리가 용이한 안전한 욕실 휴플로어, 휴판넬 휴플로어는 특수 엠보싱 표면 가공으로 물에 젖은 상태에서도 미끄럽지 않고 안전하며, 휴판넬은 바닥부터 천장까지 이어지는 대형 판넬로 이음매를 최소화하여 청소와 관리가 용이합니다.  베이직 무드 붙박이장 화이트, 베이지 어떤 공간에도 잘 어울리며, 플랫한 디자인의 부드러운 컬러감이 돋보이는 베이직 무드 붙박이장을 만나보세요.  화사한 무드 화이트 컬러 어떠한 인테리어에도 잘 어울리는 무드 화이트 컬러는 공간을 은은하고 화사하게 밝혀줍니다.  따뜻한 무드 베이지 컬러 차분하면서 따뜻한 무드 베이지 컬러는 공간에 온기를 더해주며 훈훈한 인테리어로 연출해 줍니다.  돌출 없는 플랫한 디자인 손잡이가 밖으로 노출 되지 않는 빗각 디자인으로, 벽면과 일체감 있게 어우러지는 모던한 형태입니다.  붙박이장은 단연, 한샘입니다.  안심하고, 옷을 걸 수 있도록 최대 28kg까지 버틸 수 있는 두꺼운 옷걸이 봉을 사용하여 안전성을 높였습니다.  문제없이, 10년을 열고 닫도록 하루 최소 10번은 열고 닫는 문, 45,000번의 개폐 테스트를 통과한 고품질 힌지를 사용하였습니다.  무거워도, 변형과 휘어짐이 없도록 일반적인 자재보다 두꺼운 자재 사용으로 안정감 있고 견고한 제품을 만듭니다.  걱정 없이, 오염과 긁힘에 강하도록 도어 표면자재에 대한 유해성과 물성 테스트를 통과하였습니다.  독보적인 시공력 무려 4-6시간이 소요되는 붙박이장 시공은 높은 수준의 전문성이 요구되며, 시공 품질이 곧 제품의 완성도가 됩니다.  이전 설치 서비스 이사할 때 공간 크기나 가구 배치가 달라져도, 기존 가구를 버리거나 다른 가구를 새로 구매하실 필요가 없습니다. 이전 설치에 대한 고민도 간편하게 해결하세요. * 한샘 이동시공 센터 1522-0468로 문의해 주시면, 가능 여부 및 비용에 대한 정확한 안내를 도와드리겠습니다.  평생 가는 AS 서비스 브랜드를 구매하시는 이유, 간편하고 신뢰도 높은 업계 최고의 AS를 평생 받으실 수 있습니다. 국내 어디든 전문 기사님이 찾아가는 서비스를 경험하세요.  유해물질 걱정 없는 친환경 자재 E0 시공 매일 쓰는 우리 집 가구, 자재등급부터 꼭 따져보세요. 한샘은 전 제품 유해물질 없는 친환경자재 E0만 사용합니다.  쉽게 녹슬지 않아 관리가 쉬워지는 편리성 한샘 바스는 내부 자재, 접착제, 부속 자재까지 E0 등급의 소재를 적용합니다.  원자재 자체가 튼튼하고 충격에 강한 안정성 대리석/유리 강도 테스트를 진행해 충격에 의한 안정성을 검증한 한샘 바스입니다."
162,785810,int_room0006,int_type0012,[550만원딜 특가]유로화이트&리버화이트 부엌+바스 2PKG,5505600,https://image.hanssem.com/hsimg/gds/1050/785/785810_A1.jpg?v=20250919155904,"키친,바스 2PKG  한샘이 제안하는 패키지 솔루션으로 우리집에서 꼭 필요한 공간만 바꾸고 확 달라진 우리집을 경험하세요.  유로300 유로 광택감이 살아있어 깔끔한 무드가 돋보이는 스타일로 유로를 대표하는 스탠다드 모델입니다.  맑은 광택감의 화사한 유광 주방 은은한 진주펄이 더해져 유리와 같은 광택감이 감도는 유로 화이트 도어  쉬운 유지 관리 오염물이 쉽게 착색되지 않아 유지관리가 쉬운 유광 코팅 표면  밀란3 리버화이트 오랜 시간이 지나도 지루하지 않고 유행에 민감하지 않은 자연스러운 욕실 공간을 만나보세요.  컴팩트한 원도어 슬라이딩장 수납 문제를 깔끔하게 해결해 주는 원도어 슬라이딩장. 슬라이딩장은 여닫이형에 비해 아이들도 쉽게 사용할 수 있습니다. 도어 개폐 시 차지하는 공간도 적어 소형 욕실 공간에 실용적입니다.  오랫동안 사랑받을 리얼 스톤 디자인 마감재 끊임없이 이어지는 자연스러운 마블 패턴이 욕실 공간을 더욱 시원하고 넓어 보이게 연출해 줍니다.  청소와 관리가 용이한 안전한 욕실 휴플로어, 휴판넬 휴플로어는 특수 엠보싱 표면 가공으로 물에 젖은 상태에서도 미끄럽지 않고 안전하며, 휴판넬은 바닥부터 천장까지 이어지는 대형 판넬로 이음매를 최소화하여 청소와 관리가 용이합니다.  유해물질 걱정 없는 친환경 자재 E0 시공 매일 쓰는 우리 집 가구, 자재등급부터 꼭 따져보세요. 한샘은 전 제품 유해물질 없는 친환경자재 E0만 사용합니다.  쉽게 녹슬지 않아 관리가 쉬워지는 편리성 한샘 바스는 내부 자재, 접착제, 부속 자재까지 E0 등급의 소재를 적용합니다.  원자재 자체가 튼튼하고 충격에 강한 안정성 대리석/유리 강도 테스트를 진행해 충격에 의한 안정성을 검증한 한샘 바스입니다."
163,822610,int_room0006,int_type0012,[특가~9/29]유로300 오리진 내추럴오크,3366800,https://image.hanssem.com/hsimg/gds/1050/822/822610_A1.jpg?v=20250919155532,"유로300 오리진  천연 소재의 리얼함을 그대로 담은 내추럴 스타일. 고해상도의 우드패턴과 자연스러운 스톤 패턴으로 편안한 분위기를 연출해보세요.  천연 소재의 리얼함을 그대로 담은 오크와 월넛 도어 오크와 월넛의 리얼한 나무결을 고해상으로 담아, 손에 닿는 섬세한 촉각까지 재현한 우드 도어 3종  상판과의 자연스러운 매칭, 칼리고와 비앙코 자연스러운 세라믹 패턴과 화려한 칼라카타 패턴으로 상판과의 자연스러운 연결이 가능한 스톤도어 2종  시그니처 페어 붙박이장과 함께 완성하는 애쉬 월넛 인테리어 한 층 깊은 무드를 더해 줄 시그니처 페어 패키지  유해물질 걱정 없는 친환경 자재 E0 시공 매일 쓰는 우리 집 가구, 자재등급부터 꼭 따져보세요. 한샘은 전 제품 유해물질 없는 친환경자재 E0만 사용합니다.  품질 인증 받은 자재인지 꼭! 확인하세요 업계 유일, 국제 기준(KOLAS)에 부합하는 한샘 품질 연구소의 테스트를 거쳐 내구성과 품질을 보장합니다."
164,1064555,int_room0006,int_type0012,유로 500 페이지,견적상담,https://image.hanssem.com/hsimg/gds/1050/1064/1064555_A1.jpg?v=20250502103720,유로500 페이지  섬세한 엣지 디테일을 더한 미니멀 스타일 소프트톤의 컬러가 만드는 편안한 무드에 고급스러운 포인트를 더하는 블랙사틴유리까지 만나보세요.  섬세한 엣지 디테일이 돋보이는 도어 손잡이가 없는 깔끔하고 슬림한 도어에 엣지 디테일을 더한 미니멀 클래식 도어  편안한 무드의 소프트 파스텔 컬러 채도가 낮은 은은한 파스텔 톤의 컬러 3종  모던한 포인트의 블랙 새틴유리 소프트한 무드에 고급스러운 감도를 더하는 블랙 새틴 유리장
165,1038547,int_room0006,int_type0012,유로 300 매트,견적상담,https://image.hanssem.com/hsimg/gds/1050/1038/1038547_A1.jpg?v=20250813080720,"가장 이상적인 베이직 스타일의 유로 키친  차분한 컬러의 도어와 다양한 수납 솔루션으로 한층 더 트렌디해진 베스트셀러 유로 300 시리즈입니다.  매트한 소재의 차분한 웜톤 도어 깨끗한 화이트톤의 웜코튼, 부드러운 베이지톤의 매그놀리아 2가지 컬러로 심플하면서도 세련된 룩을 완성해보세요.  취향에 따라 선택이 가능한 핸들타입 미니멀을 원한다면 핸들리스 타입으로 깔끔하게, 포인트를 원한다면 손잡이 타입으로 개성있게 연출해보세요.  라이프스타일을 담아내는, 모듈오픈장 플랩형과 선반형으로 구성된 모듈과, 4가지 컬러 옵션으로 라이프스타일과 취향에 맞는 공간을 만들어요.  자주 쓰는 살림은 손 닿는 곳에, 슬라이딩 벽장 매일 사용하는 머그컵, 소금, 후추통을 꺼내기 쉬운곳에 숨김 수납해 보세요.  다양한 식료품도 넉넉하게, 적층 팬트리 박스형 수납으로 간식부터 소스까지 다양한 식료품을 넉넉하고 깔끔하게 정리해요.  애매한 공간까지 알차게, 코너장 부피가 큰 믹서기부터 냄비까지 공간만 차지하던 살림은 코너장에 숨겨보세요. 양문형 도어로 꺼낼 때도 편해요.  나만의 취향을 전시하는, 조명선반 조명 선반 위에 아끼는 접시와 찻잔, 오브제를 전시해 무드 있는 주방을 완성하세요."
166,1064554,int_room0006,int_type0012,유로 500 스칸디,견적상담,https://image.hanssem.com/hsimg/gds/1050/1064/1064554_A1.jpg?v=20250502103628,유로500 스칸디  빈티지한 감성으로 연출하는 미드센추리 모던 스타일 차분한 파스텔톤의 벨벳같은 섬세한 텍스처를 담아 부드러운 공간감을 만듭니다.  유로500 노르딕과 함께 연출하는 미드센추리 스타일 라운드 손잡이와 우드 패턴으로 더하는 빈티지 감성  지문이 남지 않는 특수 코팅 PET 벨벳 같은 텍스처를 자랑하는 자체 개발 친환경 PET  뉴트럴 파스텔톤의 컬러 어디에나 녹아들 수 있는 뉴트럴톤의 파스텔 컬러 4종
167,785809,int_room0006,int_type0012,[550만원딜 특가]유로터치&리버화이트 부엌+바스 2PKG,5505000,https://image.hanssem.com/hsimg/gds/1050/785/785809_A1.jpg?v=20250919155959,"키친,바스 2PKG  한샘이 제안하는 패키지 솔루션으로 우리집에서 꼭 필요한 공간만 바꾸고 확 달라진 우리집을 경험하세요.  유로300 터치 유화같은 붓터치 질감을 구현한 스타일. 깊은 텍스처로 공간의 분위기를 한 층 더해줍니다.  유화 붓터치 같은 표면 유화와 같은 붓터치 표면의 질감이 감각적으로 표현된 도어  손 끝으로 느껴지는 텍스처 지문 자국을 최소화하는 붓터치 질감의 엠보 텍스처  마일드한 모노톤 컬러 3종 따뜻한 화이트 컬러와 미드그레이 컬러, 그리고 차콜빛의 블랙 컬러까지  밀란3 리버화이트 오랜 시간이 지나도 지루하지 않고 유행에 민감하지 않은 자연스러운 욕실 공간을 만나보세요.  컴팩트한 원도어 슬라이딩장 수납 문제를 깔끔하게 해결해 주는 원도어 슬라이딩장. 슬라이딩장은 여닫이형에 비해 아이들도 쉽게 사용할 수 있습니다. 도어 개폐 시 차지하는 공간도 적어 소형 욕실 공간에 실용적입니다.  오랫동안 사랑받을 리얼 스톤 디자인 마감재 끊임없이 이어지는 자연스러운 마블 패턴이 욕실 공간을 더욱 시원하고 넓어 보이게 연출해 줍니다.  청소와 관리가 용이한 안전한 욕실 휴플로어, 휴판넬 휴플로어는 특수 엠보싱 표면 가공으로 물에 젖은 상태에서도 미끄럽지 않고 안전하며, 휴판넬은 바닥부터 천장까지 이어지는 대형 판넬로 이음매를 최소화하여 청소와 관리가 용이합니다.  유해물질 걱정 없는 친환경 자재 E0 시공 매일 쓰는 우리 집 가구, 자재등급부터 꼭 따져보세요. 한샘은 전 제품 유해물질 없는 친환경자재 E0만 사용합니다.  쉽게 녹슬지 않아 관리가 쉬워지는 편리성 한샘 바스는 내부 자재, 접착제, 부속 자재까지 E0 등급의 소재를 적용합니다.  원자재 자체가 튼튼하고 충격에 강한 안정성 대리석/유리 강도 테스트를 진행해 충격에 의한 안정성을 검증한 한샘 바스입니다."
168,1064567,int_room0006,int_type0013,밀란 플랫,견적상담,https://image.hanssem.com/hsimg/gds/1050/1064/1064567_A1.jpg?v=20240724081423,밀란 플랫  가장 기본이 되는 스테디셀러 공간을 깨끗하게 밝혀 주는 베이직 인테리어를 구성해보세요.  깔끔한 화이트 주방 깔끔한 인테리어를 완성하는 순백색의 주방  부담스럽지 않은 웜그레이톤 주방 웜톤의 밝은 그레이로 차분하면서도 깔끔한 주방
169,762232,int_room0006,int_type0012,[특가~9/29]유로300 레더,3678400,https://image.hanssem.com/hsimg/gds/1050/762/762232_A1.jpg?v=20250919155338,"유로300 레더  따뜻한 베이지 톤의 컬러와 매트한 질감의 가죽 질감이 만나 고급스러우면서 편안한 느낌을 주는 인테리어를 완성합니다.  따뜻한 베이지 톤의 컬러 공간을 따뜻하게 만들어 줄 베이지톤의 컬러 2종 은은하고 부드러운 라떼 컬러와, 가죽의 깊은 무게감이 더해진 모카 컬러.  가죽 텍스처의 고급스러운 무드 가죽 특유의 고급스러운 질감을 PP(Polypropylene)으로 구현한 감도 깊은 무드의 매트 키친  유해물질 걱정 없는 친환경 자재 E0 시공 매일 쓰는 우리 집 가구, 자재등급부터 꼭 따져보세요. 한샘은 전 제품 유해물질 없는 친환경자재 E0만 사용합니다.  품질 인증 받은 자재인지 꼭! 확인하세요 업계 유일, 국제 기준(KOLAS)에 부합하는 한샘 품질 연구소의 테스트를 거쳐 내구성과 품질을 보장합니다."
170,860262,int_room0006,int_type0013,[특가~9/29]밀란200 무드그린,1968400,https://image.hanssem.com/hsimg/gds/1050/860/860262_A1.jpg?v=20250919151908,"밀란200 무드 그린  심플함에 부드러운 감도를 더하는 밀란의 베스트 셀러. 무드만의 톤앤매너를 완성하는 아이템을 더하여 깔끔하고 감도 높은 공간을 만들어 보세요.  부드러운 감도를 더하는 트렌디한 도어 자연의 색감을 그대로 담아낸 저채도의 차분한 그린 컬러 도어는 모던하면서도 세련된 디자인으로, 주방에 차분하고 고급스러운 분위기를 선사합니다.  합리적인 수납이 가능한 3단 멀티 서랍장 내구성 높은 소재와 세련된 디자인으로, 공간을 효율적으로 활용하며 수납을 더욱 편리하게 만들어 줍니다.  유해물질 걱정 없는 친환경 자재 E0 시공 매일 쓰는 우리 집 가구, 자재등급부터 꼭 따져보세요. 한샘은 전 제품 유해물질 없는 친환경자재 E0만 사용합니다.  품질 인증 받은 자재인지 꼭! 확인하세요 업계 유일, 국제 기준(KOLAS)에 부합하는 한샘 품질 연구소의 테스트를 거쳐 내구성과 품질을 보장합니다."
171,1064566,int_room0006,int_type0013,밀란 퓨어,견적상담,https://image.hanssem.com/hsimg/gds/1050/1064/1064566_A1.jpg?v=20240724081423,밀란 퓨어  가장 기본적인 부엌 이미지를 연출하기 좋은 스타일. 순백색의 화이트와 모던한 그레이 컬러로 어떤 인테리어에도 잘 어울리는 도어입니다.  소비자들이 선호하는 BEST 컬러 2종 가장 기본적인 순백색의 화이트와 모던한 그레이 컬러 콤비  편리하게 관리할 수 있는 유광 도어 펄이 없는 유광 도어로 어디에나 잘 어울리는 부엌
172,777416,int_room0006,int_type0013,[특가~9/29]밀란100 퓨어그레이,1976000,https://image.hanssem.com/hsimg/gds/1050/777/777416_A1.jpg?v=20250919151614,"밀란100 퓨어그레이  가장 기본적인 부엌 이미지를 연출하기 좋은 스타일. 세련되고 우아한 그레이컬러로 차분하면서도 현대적인 분위기를 연출합니다.  소비자들이 선호하는 BEST 컬러 중성적인 색감은 다양한 인테리어 스타일에 자연스럽게 어우러져 차분한 톤이 주방 공간에 고급스러움을 더합니다.  편리하게 관리할 수 있는 유광 도어 펄이 없는 유광 도어로 세련된 광택을 제공하여 공간을 더욱 고급스럽게 연출합니다. 매끄러운 표면 덕분에 먼지나 오염물질이 잘 붙지 않아 쉽게 청결을 유지할 수 있어 관리가 편리합니다.  유해물질 걱정 없는 친환경 자재 E0 시공 매일 쓰는 우리 집 가구, 자재등급부터 꼭 따져보세요. 한샘은 전 제품 유해물질 없는 친환경자재 E0만 사용합니다.  품질 인증 받은 자재인지 꼭! 확인하세요 업계 유일, 국제 기준(KOLAS)에 부합하는 한샘 품질 연구소의 테스트를 거쳐 내구성과 품질을 보장합니다."
173,1064563,int_room0006,int_type0013,밀란 무드,견적상담,https://image.hanssem.com/hsimg/gds/1050/1064/1064563_A1.jpg?v=20250502104035,"밀란 무드  심플함에 부드러운 감도를 더하는 밀란의 베스트 셀러. 무드만의 톤앤매너를 완성하는 아이템을 더하여 깔끔하고 감도 높은 공간을 만들어 보세요.  부드러운 감도를 더하는 트렌디 도어 텍스처가 살아있는 우드 도어 2종과 취향껏 선택 가능한 컬러 도어 5종  MD's Pick 화사한 분위기의 베이지&샌드오크, 차분한 매력의 그레이오크  심플한 라이프스타일을 더하는 오픈장 오직 무드에서만 선택 가능한 오픈장 옵션 (중간오픈장/코너인출장)"
174,1118547,int_room0006,int_type0012,(소진완료) 유로500 페이지 키친,4680000,https://image.hanssem.com/hsimg/gds/1050/1118/1118547_A1.jpg?v=20250923081756,"유로500 페이지  섬세한 엣지 디테일을 더한 미니멀 스타일. 소프트톤의 컬러가 만드는 편안한 무드에 고급스러운 포인트를 더하는 블랙 사틴유리까지 만나보세요.  섬세한 엣지 디테일이 돋보이는 도어 손잡이가 없는 깔끔하고 슬림한 도어에 엣지 디테일을 더한 미니멀 클래식 도어  편안한 무드의 소프트 파스텔 컬러 채도가 낮은 은은한 파스텔 톤의 컬러 3종  모던한 포인트의 블랙 새틴유리 소프트한 무드에 고급스러운 감도를 더하는 블랙 새틴 유리 장  유해물질 걱정 없는 친환경 자재 E0 시공 매일 쓰는 우리 집 가구, 자재등급부터 꼭 따져보세요. 한샘은 전 제품 유해물질 없는 친환경자재 E0만 사용합니다.  품질 인증 받은 자재인지 꼭! 확인하세요 업계 유일, 국제 기준(KOLAS)에 부합하는 한샘 품질 연구소의 테스트를 거쳐 내구성과 품질을 보장합니다."
175,1014893,int_room0006,int_type0012,유로500 유로클래식,견적상담,https://image.hanssem.com/hsimg/gds/1050/1014/1014893_A1.jpg?v=20240724080842,유로500 유로클래식  화사한 화이트 컬러의 몰딩 디자인과 골드 손잡이로 연출하는 클래식 스타일의 주방입니다.  조각 같이 섬세한 곡선 몰딩의 도어 9개의 피스가 조립되어 완성된 유로클래식만의 섬세한 형태  우아한 클래식 무드를 연출하는 화이트&골드 화사한 화이트 컬러에 맑은 골드 손잡이가 보여주는 프렌치 스타일의 정수  디테일을 더하는 클래식 후드 곡선 몰딩 디테일이 살아있는 클래식 침니 후드
176,777202,int_room0006,int_type0013,[특가~9/29]밀란100 퓨어화이트,1907600,https://image.hanssem.com/hsimg/gds/1050/777/777202_A1.jpg?v=20250919150337,"밀란100 퓨어화이트  가장 기본적인 부엌 이미지를 연출하기 좋은 스타일. 순백색의 화이트 컬러로 어떤 인테리어에도 잘 어울리는 도어입니다.  소비자들이 선호하는 BEST 컬러 깨끗하고 세련된 화이트 부엌은 공간을 더욱 밝고 넓어 보이게 하며, 어떤 스타일의 인테리어에도 자연스럽게 어울립니다. 심플하면서도 현대적인 감각을 살려 우리집의 중심을 완성하세요.  편리하게 관리할 수 있는 유광 도어 펄이 없는 유광 도어로 세련된 광택을 제공하여 공간을 더욱 고급스럽게 연출합니다. 매끄러운 표면 덕분에 먼지나 오염물질이 잘 붙지 않아 쉽게 청결을 유지할 수 있어 관리가 편리합니다.  유해물질 걱정 없는 친환경 자재 E0 시공 매일 쓰는 우리 집 가구, 자재등급부터 꼭 따져보세요. 한샘은 전 제품 유해물질 없는 친환경자재 E0만 사용합니다.  품질 인증 받은 자재인지 꼭! 확인하세요 업계 유일, 국제 기준(KOLAS)에 부합하는 한샘 품질 연구소의 테스트를 거쳐 내구성과 품질을 보장합니다."
177,1038546,int_room0006,int_type0012,유로300 오리진,견적상담,https://image.hanssem.com/hsimg/gds/1050/1038/1038546_A1.jpg?v=20250904161828,"천연 소재의 리얼함을 그대로 담은 고해상도의 우드패턴과 자연스러운 스톤 패턴으로 편안한 분위기를 연출해보세요.  천연 소재의 리얼함을 그대로 담은 우드 도어 오크와 월넛의 리얼한 나무결을 고해상으로 담아, 손에 닿는 섬세한 촉감까지 재현한 우드 도어 3종  상판과 자연스럽게 매칭되는 스톤 도어 자연스러운 세라믹 패턴과 화려한 칼라카타 패턴으로 상판과 조화를 이루는 스톤 도어 2종  오브제를 편집숍처럼 전시하는 오픈벽장과 밑장 칸이 나뉜 오픈형 벽장과 밑장으로 감각적인 주방을 완성하세요.  다이닝 공간의 완성, 연결형 식탁 아일랜드와 이어지는 연계형 식탁으로 가족이 함께 요리와 대화를 즐기는 공간을 꾸며보세요."
178,822472,int_room0006,int_type0013,[특가~9/29]밀란200 모노네이비,2059600,https://image.hanssem.com/hsimg/gds/1050/822/822472_A1.jpg?v=20250919151802,"밀란200 모노네이비  편안한 마일드톤의 모노 캐시미어 매트 도어에 포인트를 더해주는 네이버 컬러로 트렌디함이 느껴지는 공간을 만들어보세요.  트렌디한 컬러가 돋보이는 매트 키친 스테디 트렌드로 자리매김한 베이지 컬러의 모노캐시미어, 네이비의 조합으로 우리집의 포인트를 완성해보세요.  소프트한 질감의 트렌디한 무광 도어 고급스럽고 차분한 매력을 지닌 무광 도어는 손자국이나 얼룩이 잘 드러나지 않아 관리가 용이합니다.  유해물질 걱정 없는 친환경 자재 E0 시공 매일 쓰는 우리 집 가구, 자재등급부터 꼭 따져보세요. 한샘은 전 제품 유해물질 없는 친환경자재 E0만 사용합니다.  품질 인증 받은 자재인지 꼭! 확인하세요 업계 유일, 국제 기준(KOLAS)에 부합하는 한샘 품질 연구소의 테스트를 거쳐 내구성과 품질을 보장합니다."
179,822475,int_room0006,int_type0013,[특가~9/29]밀란200 모노그레이,2044400,https://image.hanssem.com/hsimg/gds/1050/822/822475_A1.jpg?v=20250919151836,"밀란200 모노그레이  편안한 마일드톤의 모노 캐시미어에 부담없는 포인트를 더해주는 컬러로 아늑함이 느껴지는 공간을 만들어보세요.  트렌디한 컬러가 돋보이는 매트 키친 스테디 트렌드로 자리매김한 베이지 컬러의 모노캐시미어, 단독으로 사용해도 부담없는 모노그레이의 조합으로 우리집의 포인트를 완성해보세요.  소프트한 질감의 트렌디한 무광 도어 고급스럽고 차분한 매력을 지닌 무광 도어는 손자국이나 얼룩이 잘 드러나지 않아 관리가 용이합니다.  유해물질 걱정 없는 친환경 자재 E0 시공 매일 쓰는 우리 집 가구, 자재등급부터 꼭 따져보세요. 한샘은 전 제품 유해물질 없는 친환경자재 E0만 사용합니다.  품질 인증 받은 자재인지 꼭! 확인하세요 업계 유일, 국제 기준(KOLAS)에 부합하는 한샘 품질 연구소의 테스트를 거쳐 내구성과 품질을 보장합니다."
180,777414,int_room0006,int_type0013,[특가~9/29]밀란100 플랫그레이,1968400,https://image.hanssem.com/hsimg/gds/1050/777/777414_A1.jpg?v=20250919151727,"밀란100 플랫그레이  가장 기본이 되는 스테디셀러. 공간을 깨끗하게 밝혀 주는 베이직 인테리어를 구성해보세요.  차분한 분위기의 웜그레이톤 주방 웜톤의 밝은 그레이로 차분하고 세련된 감각을 더해, 편안하고 아늑한 주방 공간을 완성합니다.  소프트한 질감의 트렌디한 무광 도어 고급스럽고 차분한 매력을 지닌 무광 도어는 손자국이나 얼룩이 잘 드러나지 않아 관리가 용이합니다.  유해물질 걱정 없는 친환경 자재 E0 시공 매일 쓰는 우리 집 가구, 자재등급부터 꼭 따져보세요. 한샘은 전 제품 유해물질 없는 친환경자재 E0만 사용합니다.  품질 인증 받은 자재인지 꼭! 확인하세요 업계 유일, 국제 기준(KOLAS)에 부합하는 한샘 품질 연구소의 테스트를 거쳐 내구성과 품질을 보장합니다."
181,1014887,int_room0006,int_type0012,유로 900 아티잔,견적상담,https://image.hanssem.com/hsimg/gds/1050/1014/1014887_A1.jpg?v=20240724080842,"유로900 아티잔  트렌드를 더한 영 클래식 스타일. 은은한 매트 도장으로 이루어진 완벽한 마감의 매그놀리아, 블루벨 컬러로 감각적인 룩을 연출해보세요.  트렌드를 더한 영 클래식 스타일 부드러운 클래식 무드를 연출하는 은은한 음각형태의 몰딩 차분한 무드를 연출하는 매그놀리아 컬러와, 영 트렌디 룩을 연출하는 블루벨 컬러  완벽한 마감의 프리미엄 도장 도어 은은한 반사가 있는 매트 도장 표면 전면부부터 엣지면까지 이어지는 매끄러운 마감  감성을 더하는 오픈장 라이프스타일 트렌드를 반영한 다양한 오픈장 옵션"
182,777415,int_room0006,int_type0013,[특가~9/29]밀란100 플랫화이트,1930400,https://image.hanssem.com/hsimg/gds/1050/777/777415_A1.jpg?v=20250919151655,"밀란100 플랫화이트  가장 기본이 되는 스테디셀러. 공간을 깨끗하게 밝혀 주는 베이직 인테리어를 구성해보세요.  깔끔한 인테리어를 완성하는 순백색의 주방 화이트 주방은 순백의 세련미와 실용성을 겸비한 공간으로, 공간을 넓어 보이게 하여 모던하고 깔끔한 인테리어를 완성합니다.  소프트한 질감의 트렌디한 무광 도어 고급스럽고 차분한 매력을 지닌 무광 도어는 손자국이나 얼룩이 잘 드러나지 않아 관리가 용이합니다.  유해물질 걱정 없는 친환경 자재 E0 시공 매일 쓰는 우리 집 가구, 자재등급부터 꼭 따져보세요. 한샘은 전 제품 유해물질 없는 친환경자재 E0만 사용합니다.  품질 인증 받은 자재인지 꼭! 확인하세요 업계 유일, 국제 기준(KOLAS)에 부합하는 한샘 품질 연구소의 테스트를 거쳐 내구성과 품질을 보장합니다."
183,1064558,int_room0006,int_type0012,유로 300 터치,견적상담,https://image.hanssem.com/hsimg/gds/1050/1064/1064558_A1.jpg?v=20250730163054,"유 로300 터치  유화같은 붓터치 질감을 구현한 스타일 깊은 텍스처로 공간의 분위기를 한 층 더해줍니다.  유화 붓터치 같은 표면 유화와 같은 붓터치 표면의 질감이 감각적으로 표현된 도어  손 끝으로 느껴지는 텍스처 지문 자국을 최소화하는 붓터치 질감의 엠보 텍스처  마일드한 모노톤 컬러 3종 따뜻한 화이트 컬러와 미드그레이 컬러, 그리고 차콜빛의 블랙 컬러까지"
184,1064552,int_room0006,int_type0012,유로 500 그레인,견적상담,https://image.hanssem.com/hsimg/gds/1050/1064/1064552_A1.jpg?v=20240724081423,"유로500 그레인  리얼한 우드 패턴과 깊은 엠보 텍스처가 돋보이는 도어로, 사용성을 높인 L자 손잡이와 내구성 뛰어난 HPM 표면재가 특징인 부엌을 만나보세요.  우드의 깊은 텍스처를 그대로 원목의 패턴과 컬러감을 그대로 연출한 빈티지한 무드의 도어  견고한 소재 디테일 사용감을 더한 L자 손잡이와 고강도의 압력으로 성형된 HPM 소재의 도어  중후함이 느껴지는 매력적인 공간 연출 우드패턴의 중후한 매력을 돋보이게 하는 조명 장식장과의 연출 제안"
185,1064556,int_room0006,int_type0012,유로 300 레더,견적상담,https://image.hanssem.com/hsimg/gds/1050/1064/1064556_A1.jpg?v=20240724081423,"유로300 레더  따뜻한 베이지 톤의 컬러와 가죽 질감이 만나 고급스러우면서 편안한 느낌을 주는 인테리어를 완성합니다.  따뜻한 베이지 톤의 컬러 공간을 따뜻하게 만들어 줄 베이지톤의 컬러 2종 은은하고 부드러운 라떼 컬러와, 가죽의 깊은 무게감이 더해진 모카 컬러  가죽 텍스처의 고급스러운 무드 가죽 특유의 고급스러운 질감을 PP(Polypropylene)으로 구현한 감도 깊은 무드"
186,1064561,int_room0006,int_type0013,밀란 모노,견적상담,https://image.hanssem.com/hsimg/gds/1050/1064/1064561_A1.jpg?v=20240724081423,"밀란 모노  편안한 마일드톤의 모노 캐시미어에 부담없는 포인트를 더해주는 컬러로 아늑함이 느껴지는 공간을 만들어보세요.  아늑함이 느껴지는 뉴트럴 톤 컬러 스테디 트렌드로 자리매김한 그레이지 컬러의 모노캐시미어, 단독으로 사용해도 부담없는 모노그레이  개성을 더하는 컬러포인트 조화로운 포인트를 더하는 그레이 & 네이비  관리가 쉬운 무광 도어 내지문 코팅으로 관리가 쉬워진 무광 도어"
